# POSCO Digital Twin — Ironmaking (제선) diorama | unit=1m | Z-up
mtllib ironmaking_scene.mtl

o IM_Base_Plate
g 00_Site
usemtl Base_Mint
s 1
v -60.0000 -40.0000 0.0000
v -60.0000 -40.0000 1.0000
v -60.0000 40.0000 1.0000
v -60.0000 40.0000 0.0000
v 60.0000 -40.0000 0.0000
v 60.0000 40.0000 0.0000
v 60.0000 40.0000 1.0000
v 60.0000 -40.0000 1.0000
v -60.0000 -40.0000 0.0000
v 60.0000 -40.0000 0.0000
v 60.0000 -40.0000 1.0000
v -60.0000 -40.0000 1.0000
v -60.0000 40.0000 0.0000
v -60.0000 40.0000 1.0000
v 60.0000 40.0000 1.0000
v 60.0000 40.0000 0.0000
v -60.0000 -40.0000 0.0000
v -60.0000 40.0000 0.0000
v 60.0000 40.0000 0.0000
v 60.0000 -40.0000 0.0000
v -60.0000 -40.0000 1.0000
v 60.0000 -40.0000 1.0000
v 60.0000 40.0000 1.0000
v -60.0000 40.0000 1.0000
vn -1.0000 0.0000 0.0000
vn -1.0000 0.0000 0.0000
vn -1.0000 0.0000 0.0000
vn -1.0000 0.0000 0.0000
vn 1.0000 0.0000 0.0000
vn 1.0000 0.0000 0.0000
vn 1.0000 0.0000 0.0000
vn 1.0000 0.0000 0.0000
vn 0.0000 -1.0000 0.0000
vn 0.0000 -1.0000 0.0000
vn 0.0000 -1.0000 0.0000
vn 0.0000 -1.0000 0.0000
vn 0.0000 1.0000 0.0000
vn 0.0000 1.0000 0.0000
vn 0.0000 1.0000 0.0000
vn 0.0000 1.0000 0.0000
vn 0.0000 0.0000 -1.0000
vn 0.0000 0.0000 -1.0000
vn 0.0000 0.0000 -1.0000
vn 0.0000 0.0000 -1.0000
vn 0.0000 0.0000 1.0000
vn 0.0000 0.0000 1.0000
vn 0.0000 0.0000 1.0000
vn 0.0000 0.0000 1.0000
f 1//1 2//2 3//3
f 1//1 3//3 4//4
f 5//5 6//6 7//7
f 5//5 7//7 8//8
f 9//9 10//10 11//11
f 9//9 11//11 12//12
f 13//13 14//14 15//15
f 13//13 15//15 16//16
f 17//17 18//18 19//19
f 17//17 19//19 20//20
f 21//21 22//22 23//23
f 21//21 23//23 24//24

o IM_Base_Rim
g 00_Site
usemtl Base_Rim
s 1
v -62.0000 -42.0000 0.0000
v -62.0000 -42.0000 1.2000
v -62.0000 -40.0000 1.2000
v -62.0000 -40.0000 0.0000
v 62.0000 -42.0000 0.0000
v 62.0000 -40.0000 0.0000
v 62.0000 -40.0000 1.2000
v 62.0000 -42.0000 1.2000
v -62.0000 -42.0000 0.0000
v 62.0000 -42.0000 0.0000
v 62.0000 -42.0000 1.2000
v -62.0000 -42.0000 1.2000
v -62.0000 -40.0000 0.0000
v -62.0000 -40.0000 1.2000
v 62.0000 -40.0000 1.2000
v 62.0000 -40.0000 0.0000
v -62.0000 -42.0000 0.0000
v -62.0000 -40.0000 0.0000
v 62.0000 -40.0000 0.0000
v 62.0000 -42.0000 0.0000
v -62.0000 -42.0000 1.2000
v 62.0000 -42.0000 1.2000
v 62.0000 -40.0000 1.2000
v -62.0000 -40.0000 1.2000
v -62.0000 40.0000 0.0000
v -62.0000 40.0000 1.2000
v -62.0000 42.0000 1.2000
v -62.0000 42.0000 0.0000
v 62.0000 40.0000 0.0000
v 62.0000 42.0000 0.0000
v 62.0000 42.0000 1.2000
v 62.0000 40.0000 1.2000
v -62.0000 40.0000 0.0000
v 62.0000 40.0000 0.0000
v 62.0000 40.0000 1.2000
v -62.0000 40.0000 1.2000
v -62.0000 42.0000 0.0000
v -62.0000 42.0000 1.2000
v 62.0000 42.0000 1.2000
v 62.0000 42.0000 0.0000
v -62.0000 40.0000 0.0000
v -62.0000 42.0000 0.0000
v 62.0000 42.0000 0.0000
v 62.0000 40.0000 0.0000
v -62.0000 40.0000 1.2000
v 62.0000 40.0000 1.2000
v 62.0000 42.0000 1.2000
v -62.0000 42.0000 1.2000
v -62.0000 -40.0000 0.0000
v -62.0000 -40.0000 1.2000
v -62.0000 40.0000 1.2000
v -62.0000 40.0000 0.0000
v -60.0000 -40.0000 0.0000
v -60.0000 40.0000 0.0000
v -60.0000 40.0000 1.2000
v -60.0000 -40.0000 1.2000
v -62.0000 -40.0000 0.0000
v -60.0000 -40.0000 0.0000
v -60.0000 -40.0000 1.2000
v -62.0000 -40.0000 1.2000
v -62.0000 40.0000 0.0000
v -62.0000 40.0000 1.2000
v -60.0000 40.0000 1.2000
v -60.0000 40.0000 0.0000
v -62.0000 -40.0000 0.0000
v -62.0000 40.0000 0.0000
v -60.0000 40.0000 0.0000
v -60.0000 -40.0000 0.0000
v -62.0000 -40.0000 1.2000
v -60.0000 -40.0000 1.2000
v -60.0000 40.0000 1.2000
v -62.0000 40.0000 1.2000
v 60.0000 -40.0000 0.0000
v 60.0000 -40.0000 1.2000
v 60.0000 40.0000 1.2000
v 60.0000 40.0000 0.0000
v 62.0000 -40.0000 0.0000
v 62.0000 40.0000 0.0000
v 62.0000 40.0000 1.2000
v 62.0000 -40.0000 1.2000
v 60.0000 -40.0000 0.0000
v 62.0000 -40.0000 0.0000
v 62.0000 -40.0000 1.2000
v 60.0000 -40.0000 1.2000
v 60.0000 40.0000 0.0000
v 60.0000 40.0000 1.2000
v 62.0000 40.0000 1.2000
v 62.0000 40.0000 0.0000
v 60.0000 -40.0000 0.0000
v 60.0000 40.0000 0.0000
v 62.0000 40.0000 0.0000
v 62.0000 -40.0000 0.0000
v 60.0000 -40.0000 1.2000
v 62.0000 -40.0000 1.2000
v 62.0000 40.0000 1.2000
v 60.0000 40.0000 1.2000
vn -1.0000 0.0000 0.0000
vn -1.0000 0.0000 0.0000
vn -1.0000 0.0000 0.0000
vn -1.0000 0.0000 0.0000
vn 1.0000 0.0000 0.0000
vn 1.0000 0.0000 0.0000
vn 1.0000 0.0000 0.0000
vn 1.0000 0.0000 0.0000
vn 0.0000 -1.0000 0.0000
vn 0.0000 -1.0000 0.0000
vn 0.0000 -1.0000 0.0000
vn 0.0000 -1.0000 0.0000
vn 0.0000 1.0000 0.0000
vn 0.0000 1.0000 0.0000
vn 0.0000 1.0000 0.0000
vn 0.0000 1.0000 0.0000
vn 0.0000 0.0000 -1.0000
vn 0.0000 0.0000 -1.0000
vn 0.0000 0.0000 -1.0000
vn 0.0000 0.0000 -1.0000
vn 0.0000 0.0000 1.0000
vn 0.0000 0.0000 1.0000
vn 0.0000 0.0000 1.0000
vn 0.0000 0.0000 1.0000
vn -1.0000 0.0000 0.0000
vn -1.0000 0.0000 0.0000
vn -1.0000 0.0000 0.0000
vn -1.0000 0.0000 0.0000
vn 1.0000 0.0000 0.0000
vn 1.0000 0.0000 0.0000
vn 1.0000 0.0000 0.0000
vn 1.0000 0.0000 0.0000
vn 0.0000 -1.0000 0.0000
vn 0.0000 -1.0000 0.0000
vn 0.0000 -1.0000 0.0000
vn 0.0000 -1.0000 0.0000
vn 0.0000 1.0000 0.0000
vn 0.0000 1.0000 0.0000
vn 0.0000 1.0000 0.0000
vn 0.0000 1.0000 0.0000
vn 0.0000 0.0000 -1.0000
vn 0.0000 0.0000 -1.0000
vn 0.0000 0.0000 -1.0000
vn 0.0000 0.0000 -1.0000
vn 0.0000 0.0000 1.0000
vn 0.0000 0.0000 1.0000
vn 0.0000 0.0000 1.0000
vn 0.0000 0.0000 1.0000
vn -1.0000 0.0000 0.0000
vn -1.0000 0.0000 0.0000
vn -1.0000 0.0000 0.0000
vn -1.0000 0.0000 0.0000
vn 1.0000 0.0000 0.0000
vn 1.0000 0.0000 0.0000
vn 1.0000 0.0000 0.0000
vn 1.0000 0.0000 0.0000
vn 0.0000 -1.0000 0.0000
vn 0.0000 -1.0000 0.0000
vn 0.0000 -1.0000 0.0000
vn 0.0000 -1.0000 0.0000
vn 0.0000 1.0000 0.0000
vn 0.0000 1.0000 0.0000
vn 0.0000 1.0000 0.0000
vn 0.0000 1.0000 0.0000
vn 0.0000 0.0000 -1.0000
vn 0.0000 0.0000 -1.0000
vn 0.0000 0.0000 -1.0000
vn 0.0000 0.0000 -1.0000
vn 0.0000 0.0000 1.0000
vn 0.0000 0.0000 1.0000
vn 0.0000 0.0000 1.0000
vn 0.0000 0.0000 1.0000
vn -1.0000 0.0000 0.0000
vn -1.0000 0.0000 0.0000
vn -1.0000 0.0000 0.0000
vn -1.0000 0.0000 0.0000
vn 1.0000 0.0000 0.0000
vn 1.0000 0.0000 0.0000
vn 1.0000 0.0000 0.0000
vn 1.0000 0.0000 0.0000
vn 0.0000 -1.0000 0.0000
vn 0.0000 -1.0000 0.0000
vn 0.0000 -1.0000 0.0000
vn 0.0000 -1.0000 0.0000
vn 0.0000 1.0000 0.0000
vn 0.0000 1.0000 0.0000
vn 0.0000 1.0000 0.0000
vn 0.0000 1.0000 0.0000
vn 0.0000 0.0000 -1.0000
vn 0.0000 0.0000 -1.0000
vn 0.0000 0.0000 -1.0000
vn 0.0000 0.0000 -1.0000
vn 0.0000 0.0000 1.0000
vn 0.0000 0.0000 1.0000
vn 0.0000 0.0000 1.0000
vn 0.0000 0.0000 1.0000
f 25//25 26//26 27//27
f 25//25 27//27 28//28
f 29//29 30//30 31//31
f 29//29 31//31 32//32
f 33//33 34//34 35//35
f 33//33 35//35 36//36
f 37//37 38//38 39//39
f 37//37 39//39 40//40
f 41//41 42//42 43//43
f 41//41 43//43 44//44
f 45//45 46//46 47//47
f 45//45 47//47 48//48
f 49//49 50//50 51//51
f 49//49 51//51 52//52
f 53//53 54//54 55//55
f 53//53 55//55 56//56
f 57//57 58//58 59//59
f 57//57 59//59 60//60
f 61//61 62//62 63//63
f 61//61 63//63 64//64
f 65//65 66//66 67//67
f 65//65 67//67 68//68
f 69//69 70//70 71//71
f 69//69 71//71 72//72
f 73//73 74//74 75//75
f 73//73 75//75 76//76
f 77//77 78//78 79//79
f 77//77 79//79 80//80
f 81//81 82//82 83//83
f 81//81 83//83 84//84
f 85//85 86//86 87//87
f 85//85 87//87 88//88
f 89//89 90//90 91//91
f 89//89 91//91 92//92
f 93//93 94//94 95//95
f 93//93 95//95 96//96
f 97//97 98//98 99//99
f 97//97 99//99 100//100
f 101//101 102//102 103//103
f 101//101 103//103 104//104
f 105//105 106//106 107//107
f 105//105 107//107 108//108
f 109//109 110//110 111//111
f 109//109 111//111 112//112
f 113//113 114//114 115//115
f 113//113 115//115 116//116
f 117//117 118//118 119//119
f 117//117 119//119 120//120

o IM_BF_Foundation
g 01_BlastFurnace
usemtl Steel_Dark
s 1
v 3.0000 5.0000 1.0000
v 2.8463 6.5607 1.0000
v 2.3910 8.0615 1.0000
v 1.6518 9.4446 1.0000
v 0.6569 10.6569 1.0000
v -0.5554 11.6518 1.0000
v -1.9385 12.3910 1.0000
v -3.4393 12.8463 1.0000
v -5.0000 13.0000 1.0000
v -6.5607 12.8463 1.0000
v -8.0615 12.3910 1.0000
v -9.4446 11.6518 1.0000
v -10.6569 10.6569 1.0000
v -11.6518 9.4446 1.0000
v -12.3910 8.0615 1.0000
v -12.8463 6.5607 1.0000
v -13.0000 5.0000 1.0000
v -12.8463 3.4393 1.0000
v -12.3910 1.9385 1.0000
v -11.6518 0.5554 1.0000
v -10.6569 -0.6569 1.0000
v -9.4446 -1.6518 1.0000
v -8.0615 -2.3910 1.0000
v -6.5607 -2.8463 1.0000
v -5.0000 -3.0000 1.0000
v -3.4393 -2.8463 1.0000
v -1.9385 -2.3910 1.0000
v -0.5554 -1.6518 1.0000
v 0.6569 -0.6569 1.0000
v 1.6518 0.5554 1.0000
v 2.3910 1.9385 1.0000
v 2.8463 3.4393 1.0000
v 3.0000 5.0000 9.0000
v 2.8463 6.5607 9.0000
v 2.3910 8.0615 9.0000
v 1.6518 9.4446 9.0000
v 0.6569 10.6569 9.0000
v -0.5554 11.6518 9.0000
v -1.9385 12.3910 9.0000
v -3.4393 12.8463 9.0000
v -5.0000 13.0000 9.0000
v -6.5607 12.8463 9.0000
v -8.0615 12.3910 9.0000
v -9.4446 11.6518 9.0000
v -10.6569 10.6569 9.0000
v -11.6518 9.4446 9.0000
v -12.3910 8.0615 9.0000
v -12.8463 6.5607 9.0000
v -13.0000 5.0000 9.0000
v -12.8463 3.4393 9.0000
v -12.3910 1.9385 9.0000
v -11.6518 0.5554 9.0000
v -10.6569 -0.6569 9.0000
v -9.4446 -1.6518 9.0000
v -8.0615 -2.3910 9.0000
v -6.5607 -2.8463 9.0000
v -5.0000 -3.0000 9.0000
v -3.4393 -2.8463 9.0000
v -1.9385 -2.3910 9.0000
v -0.5554 -1.6518 9.0000
v 0.6569 -0.6569 9.0000
v 1.6518 0.5554 9.0000
v 2.3910 1.9385 9.0000
v 2.8463 3.4393 9.0000
v 3.0000 5.0000 1.0000
v 2.8463 6.5607 1.0000
v 2.3910 8.0615 1.0000
v 1.6518 9.4446 1.0000
v 0.6569 10.6569 1.0000
v -0.5554 11.6518 1.0000
v -1.9385 12.3910 1.0000
v -3.4393 12.8463 1.0000
v -5.0000 13.0000 1.0000
v -6.5607 12.8463 1.0000
v -8.0615 12.3910 1.0000
v -9.4446 11.6518 1.0000
v -10.6569 10.6569 1.0000
v -11.6518 9.4446 1.0000
v -12.3910 8.0615 1.0000
v -12.8463 6.5607 1.0000
v -13.0000 5.0000 1.0000
v -12.8463 3.4393 1.0000
v -12.3910 1.9385 1.0000
v -11.6518 0.5554 1.0000
v -10.6569 -0.6569 1.0000
v -9.4446 -1.6518 1.0000
v -8.0615 -2.3910 1.0000
v -6.5607 -2.8463 1.0000
v -5.0000 -3.0000 1.0000
v -3.4393 -2.8463 1.0000
v -1.9385 -2.3910 1.0000
v -0.5554 -1.6518 1.0000
v 0.6569 -0.6569 1.0000
v 1.6518 0.5554 1.0000
v 2.3910 1.9385 1.0000
v 2.8463 3.4393 1.0000
v -5.0000 5.0000 1.0000
v 3.0000 5.0000 9.0000
v 2.8463 6.5607 9.0000
v 2.3910 8.0615 9.0000
v 1.6518 9.4446 9.0000
v 0.6569 10.6569 9.0000
v -0.5554 11.6518 9.0000
v -1.9385 12.3910 9.0000
v -3.4393 12.8463 9.0000
v -5.0000 13.0000 9.0000
v -6.5607 12.8463 9.0000
v -8.0615 12.3910 9.0000
v -9.4446 11.6518 9.0000
v -10.6569 10.6569 9.0000
v -11.6518 9.4446 9.0000
v -12.3910 8.0615 9.0000
v -12.8463 6.5607 9.0000
v -13.0000 5.0000 9.0000
v -12.8463 3.4393 9.0000
v -12.3910 1.9385 9.0000
v -11.6518 0.5554 9.0000
v -10.6569 -0.6569 9.0000
v -9.4446 -1.6518 9.0000
v -8.0615 -2.3910 9.0000
v -6.5607 -2.8463 9.0000
v -5.0000 -3.0000 9.0000
v -3.4393 -2.8463 9.0000
v -1.9385 -2.3910 9.0000
v -0.5554 -1.6518 9.0000
v 0.6569 -0.6569 9.0000
v 1.6518 0.5554 9.0000
v 2.3910 1.9385 9.0000
v 2.8463 3.4393 9.0000
v -5.0000 5.0000 9.0000
vn 0.9995 0.0328 0.0000
vn 0.9739 0.2272 0.0000
vn 0.9108 0.4128 0.0000
vn 0.8128 0.5826 0.0000
vn 0.6835 0.7299 0.0000
vn 0.5280 0.8493 0.0000
vn 0.3522 0.9359 0.0000
vn 0.1628 0.9867 0.0000
vn -0.0328 0.9995 0.0000
vn -0.2272 0.9739 0.0000
vn -0.4128 0.9108 0.0000
vn -0.5826 0.8128 0.0000
vn -0.7299 0.6835 0.0000
vn -0.8493 0.5280 0.0000
vn -0.9359 0.3522 0.0000
vn -0.9867 0.1628 0.0000
vn -0.9995 -0.0328 0.0000
vn -0.9739 -0.2272 0.0000
vn -0.9108 -0.4128 0.0000
vn -0.8128 -0.5826 0.0000
vn -0.6835 -0.7299 0.0000
vn -0.5280 -0.8493 0.0000
vn -0.3522 -0.9359 0.0000
vn -0.1628 -0.9867 0.0000
vn 0.0328 -0.9995 0.0000
vn 0.2272 -0.9739 0.0000
vn 0.4128 -0.9108 0.0000
vn 0.5826 -0.8128 0.0000
vn 0.7299 -0.6835 0.0000
vn 0.8493 -0.5280 0.0000
vn 0.9359 -0.3522 0.0000
vn 0.9867 -0.1628 0.0000
vn 0.9995 -0.0328 0.0000
vn 0.9867 0.1628 0.0000
vn 0.9359 0.3522 0.0000
vn 0.8493 0.5280 0.0000
vn 0.7299 0.6835 0.0000
vn 0.5826 0.8128 0.0000
vn 0.4128 0.9108 0.0000
vn 0.2272 0.9739 0.0000
vn 0.0328 0.9995 0.0000
vn -0.1628 0.9867 0.0000
vn -0.3522 0.9359 0.0000
vn -0.5280 0.8493 0.0000
vn -0.6835 0.7299 0.0000
vn -0.8128 0.5826 0.0000
vn -0.9108 0.4128 0.0000
vn -0.9739 0.2272 0.0000
vn -0.9995 0.0328 0.0000
vn -0.9867 -0.1628 0.0000
vn -0.9359 -0.3522 0.0000
vn -0.8493 -0.5280 0.0000
vn -0.7299 -0.6835 0.0000
vn -0.5826 -0.8128 0.0000
vn -0.4128 -0.9108 0.0000
vn -0.2272 -0.9739 0.0000
vn -0.0328 -0.9995 0.0000
vn 0.1628 -0.9867 0.0000
vn 0.3522 -0.9359 0.0000
vn 0.5280 -0.8493 0.0000
vn 0.6835 -0.7299 0.0000
vn 0.8128 -0.5826 0.0000
vn 0.9108 -0.4128 0.0000
vn 0.9739 -0.2272 0.0000
vn 0.0000 0.0000 -1.0000
vn 0.0000 0.0000 -1.0000
vn 0.0000 0.0000 -1.0000
vn 0.0000 0.0000 -1.0000
vn 0.0000 0.0000 -1.0000
vn 0.0000 0.0000 -1.0000
vn 0.0000 0.0000 -1.0000
vn 0.0000 0.0000 -1.0000
vn 0.0000 0.0000 -1.0000
vn 0.0000 0.0000 -1.0000
vn 0.0000 0.0000 -1.0000
vn 0.0000 0.0000 -1.0000
vn 0.0000 0.0000 -1.0000
vn 0.0000 0.0000 -1.0000
vn 0.0000 0.0000 -1.0000
vn 0.0000 0.0000 -1.0000
vn 0.0000 0.0000 -1.0000
vn 0.0000 0.0000 -1.0000
vn 0.0000 0.0000 -1.0000
vn 0.0000 0.0000 -1.0000
vn 0.0000 0.0000 -1.0000
vn 0.0000 0.0000 -1.0000
vn 0.0000 0.0000 -1.0000
vn 0.0000 0.0000 -1.0000
vn 0.0000 0.0000 -1.0000
vn 0.0000 0.0000 -1.0000
vn 0.0000 0.0000 -1.0000
vn 0.0000 0.0000 -1.0000
vn 0.0000 0.0000 -1.0000
vn 0.0000 0.0000 -1.0000
vn 0.0000 0.0000 -1.0000
vn 0.0000 0.0000 -1.0000
vn 0.0000 0.0000 -1.0000
vn 0.0000 0.0000 1.0000
vn 0.0000 0.0000 1.0000
vn 0.0000 0.0000 1.0000
vn 0.0000 0.0000 1.0000
vn 0.0000 0.0000 1.0000
vn 0.0000 0.0000 1.0000
vn 0.0000 0.0000 1.0000
vn 0.0000 0.0000 1.0000
vn 0.0000 0.0000 1.0000
vn 0.0000 0.0000 1.0000
vn 0.0000 0.0000 1.0000
vn 0.0000 0.0000 1.0000
vn 0.0000 0.0000 1.0000
vn 0.0000 0.0000 1.0000
vn 0.0000 0.0000 1.0000
vn 0.0000 0.0000 1.0000
vn 0.0000 0.0000 1.0000
vn 0.0000 0.0000 1.0000
vn 0.0000 0.0000 1.0000
vn 0.0000 0.0000 1.0000
vn 0.0000 0.0000 1.0000
vn 0.0000 0.0000 1.0000
vn 0.0000 0.0000 1.0000
vn 0.0000 0.0000 1.0000
vn 0.0000 0.0000 1.0000
vn 0.0000 0.0000 1.0000
vn 0.0000 0.0000 1.0000
vn 0.0000 0.0000 1.0000
vn 0.0000 0.0000 1.0000
vn 0.0000 0.0000 1.0000
vn 0.0000 0.0000 1.0000
vn 0.0000 0.0000 1.0000
vn 0.0000 0.0000 1.0000
f 121//121 122//122 154//154
f 121//121 154//154 153//153
f 122//122 123//123 155//155
f 122//122 155//155 154//154
f 123//123 124//124 156//156
f 123//123 156//156 155//155
f 124//124 125//125 157//157
f 124//124 157//157 156//156
f 125//125 126//126 158//158
f 125//125 158//158 157//157
f 126//126 127//127 159//159
f 126//126 159//159 158//158
f 127//127 128//128 160//160
f 127//127 160//160 159//159
f 128//128 129//129 161//161
f 128//128 161//161 160//160
f 129//129 130//130 162//162
f 129//129 162//162 161//161
f 130//130 131//131 163//163
f 130//130 163//163 162//162
f 131//131 132//132 164//164
f 131//131 164//164 163//163
f 132//132 133//133 165//165
f 132//132 165//165 164//164
f 133//133 134//134 166//166
f 133//133 166//166 165//165
f 134//134 135//135 167//167
f 134//134 167//167 166//166
f 135//135 136//136 168//168
f 135//135 168//168 167//167
f 136//136 137//137 169//169
f 136//136 169//169 168//168
f 137//137 138//138 170//170
f 137//137 170//170 169//169
f 138//138 139//139 171//171
f 138//138 171//171 170//170
f 139//139 140//140 172//172
f 139//139 172//172 171//171
f 140//140 141//141 173//173
f 140//140 173//173 172//172
f 141//141 142//142 174//174
f 141//141 174//174 173//173
f 142//142 143//143 175//175
f 142//142 175//175 174//174
f 143//143 144//144 176//176
f 143//143 176//176 175//175
f 144//144 145//145 177//177
f 144//144 177//177 176//176
f 145//145 146//146 178//178
f 145//145 178//178 177//177
f 146//146 147//147 179//179
f 146//146 179//179 178//178
f 147//147 148//148 180//180
f 147//147 180//180 179//179
f 148//148 149//149 181//181
f 148//148 181//181 180//180
f 149//149 150//150 182//182
f 149//149 182//182 181//181
f 150//150 151//151 183//183
f 150//150 183//183 182//182
f 151//151 152//152 184//184
f 151//151 184//184 183//183
f 152//152 121//121 153//153
f 152//152 153//153 184//184
f 186//186 185//185 217//217
f 187//187 186//186 217//217
f 188//188 187//187 217//217
f 189//189 188//188 217//217
f 190//190 189//189 217//217
f 191//191 190//190 217//217
f 192//192 191//191 217//217
f 193//193 192//192 217//217
f 194//194 193//193 217//217
f 195//195 194//194 217//217
f 196//196 195//195 217//217
f 197//197 196//196 217//217
f 198//198 197//197 217//217
f 199//199 198//198 217//217
f 200//200 199//199 217//217
f 201//201 200//200 217//217
f 202//202 201//201 217//217
f 203//203 202//202 217//217
f 204//204 203//203 217//217
f 205//205 204//204 217//217
f 206//206 205//205 217//217
f 207//207 206//206 217//217
f 208//208 207//207 217//217
f 209//209 208//208 217//217
f 210//210 209//209 217//217
f 211//211 210//210 217//217
f 212//212 211//211 217//217
f 213//213 212//212 217//217
f 214//214 213//213 217//217
f 215//215 214//214 217//217
f 216//216 215//215 217//217
f 185//185 216//216 217//217
f 218//218 219//219 250//250
f 219//219 220//220 250//250
f 220//220 221//221 250//250
f 221//221 222//222 250//250
f 222//222 223//223 250//250
f 223//223 224//224 250//250
f 224//224 225//225 250//250
f 225//225 226//226 250//250
f 226//226 227//227 250//250
f 227//227 228//228 250//250
f 228//228 229//229 250//250
f 229//229 230//230 250//250
f 230//230 231//231 250//250
f 231//231 232//232 250//250
f 232//232 233//233 250//250
f 233//233 234//234 250//250
f 234//234 235//235 250//250
f 235//235 236//236 250//250
f 236//236 237//237 250//250
f 237//237 238//238 250//250
f 238//238 239//239 250//250
f 239//239 240//240 250//250
f 240//240 241//241 250//250
f 241//241 242//242 250//250
f 242//242 243//243 250//250
f 243//243 244//244 250//250
f 244//244 245//245 250//250
f 245//245 246//246 250//250
f 246//246 247//247 250//250
f 247//247 248//248 250//250
f 248//248 249//249 250//250
f 249//249 218//218 250//250

o IM_BF_Shell
g 01_BlastFurnace
usemtl Steel_Matte
s 1
v 2.0000 5.0000 9.0000
v 1.8655 6.3656 9.0000
v 1.4672 7.6788 9.0000
v 0.8203 8.8890 9.0000
v -0.0503 9.9497 9.0000
v -1.1110 10.8203 9.0000
v -2.3212 11.4672 9.0000
v -3.6344 11.8655 9.0000
v -5.0000 12.0000 9.0000
v -6.3656 11.8655 9.0000
v -7.6788 11.4672 9.0000
v -8.8890 10.8203 9.0000
v -9.9497 9.9497 9.0000
v -10.8203 8.8890 9.0000
v -11.4672 7.6788 9.0000
v -11.8655 6.3656 9.0000
v -12.0000 5.0000 9.0000
v -11.8655 3.6344 9.0000
v -11.4672 2.3212 9.0000
v -10.8203 1.1110 9.0000
v -9.9497 0.0503 9.0000
v -8.8890 -0.8203 9.0000
v -7.6788 -1.4672 9.0000
v -6.3656 -1.8655 9.0000
v -5.0000 -2.0000 9.0000
v -3.6344 -1.8655 9.0000
v -2.3212 -1.4672 9.0000
v -1.1110 -0.8203 9.0000
v -0.0503 0.0503 9.0000
v 0.8203 1.1110 9.0000
v 1.4672 2.3212 9.0000
v 1.8655 3.6344 9.0000
v 2.0000 5.0000 14.0000
v 1.8655 6.3656 14.0000
v 1.4672 7.6788 14.0000
v 0.8203 8.8890 14.0000
v -0.0503 9.9497 14.0000
v -1.1110 10.8203 14.0000
v -2.3212 11.4672 14.0000
v -3.6344 11.8655 14.0000
v -5.0000 12.0000 14.0000
v -6.3656 11.8655 14.0000
v -7.6788 11.4672 14.0000
v -8.8890 10.8203 14.0000
v -9.9497 9.9497 14.0000
v -10.8203 8.8890 14.0000
v -11.4672 7.6788 14.0000
v -11.8655 6.3656 14.0000
v -12.0000 5.0000 14.0000
v -11.8655 3.6344 14.0000
v -11.4672 2.3212 14.0000
v -10.8203 1.1110 14.0000
v -9.9497 0.0503 14.0000
v -8.8890 -0.8203 14.0000
v -7.6788 -1.4672 14.0000
v -6.3656 -1.8655 14.0000
v -5.0000 -2.0000 14.0000
v -3.6344 -1.8655 14.0000
v -2.3212 -1.4672 14.0000
v -1.1110 -0.8203 14.0000
v -0.0503 0.0503 14.0000
v 0.8203 1.1110 14.0000
v 1.4672 2.3212 14.0000
v 1.8655 3.6344 14.0000
v 2.0000 5.0000 9.0000
v 1.8655 6.3656 9.0000
v 1.4672 7.6788 9.0000
v 0.8203 8.8890 9.0000
v -0.0503 9.9497 9.0000
v -1.1110 10.8203 9.0000
v -2.3212 11.4672 9.0000
v -3.6344 11.8655 9.0000
v -5.0000 12.0000 9.0000
v -6.3656 11.8655 9.0000
v -7.6788 11.4672 9.0000
v -8.8890 10.8203 9.0000
v -9.9497 9.9497 9.0000
v -10.8203 8.8890 9.0000
v -11.4672 7.6788 9.0000
v -11.8655 6.3656 9.0000
v -12.0000 5.0000 9.0000
v -11.8655 3.6344 9.0000
v -11.4672 2.3212 9.0000
v -10.8203 1.1110 9.0000
v -9.9497 0.0503 9.0000
v -8.8890 -0.8203 9.0000
v -7.6788 -1.4672 9.0000
v -6.3656 -1.8655 9.0000
v -5.0000 -2.0000 9.0000
v -3.6344 -1.8655 9.0000
v -2.3212 -1.4672 9.0000
v -1.1110 -0.8203 9.0000
v -0.0503 0.0503 9.0000
v 0.8203 1.1110 9.0000
v 1.4672 2.3212 9.0000
v 1.8655 3.6344 9.0000
v -5.0000 5.0000 9.0000
v 2.0000 5.0000 14.0000
v 1.8655 6.3656 14.0000
v 1.4672 7.6788 14.0000
v 0.8203 8.8890 14.0000
v -0.0503 9.9497 14.0000
v -1.1110 10.8203 14.0000
v -2.3212 11.4672 14.0000
v -3.6344 11.8655 14.0000
v -5.0000 12.0000 14.0000
v -6.3656 11.8655 14.0000
v -7.6788 11.4672 14.0000
v -8.8890 10.8203 14.0000
v -9.9497 9.9497 14.0000
v -10.8203 8.8890 14.0000
v -11.4672 7.6788 14.0000
v -11.8655 6.3656 14.0000
v -12.0000 5.0000 14.0000
v -11.8655 3.6344 14.0000
v -11.4672 2.3212 14.0000
v -10.8203 1.1110 14.0000
v -9.9497 0.0503 14.0000
v -8.8890 -0.8203 14.0000
v -7.6788 -1.4672 14.0000
v -6.3656 -1.8655 14.0000
v -5.0000 -2.0000 14.0000
v -3.6344 -1.8655 14.0000
v -2.3212 -1.4672 14.0000
v -1.1110 -0.8203 14.0000
v -0.0503 0.0503 14.0000
v 0.8203 1.1110 14.0000
v 1.4672 2.3212 14.0000
v 1.8655 3.6344 14.0000
v -5.0000 5.0000 14.0000
v 2.0000 5.0000 14.0000
v 1.8655 6.3656 14.0000
v 1.4672 7.6788 14.0000
v 0.8203 8.8890 14.0000
v -0.0503 9.9497 14.0000
v -1.1110 10.8203 14.0000
v -2.3212 11.4672 14.0000
v -3.6344 11.8655 14.0000
v -5.0000 12.0000 14.0000
v -6.3656 11.8655 14.0000
v -7.6788 11.4672 14.0000
v -8.8890 10.8203 14.0000
v -9.9497 9.9497 14.0000
v -10.8203 8.8890 14.0000
v -11.4672 7.6788 14.0000
v -11.8655 6.3656 14.0000
v -12.0000 5.0000 14.0000
v -11.8655 3.6344 14.0000
v -11.4672 2.3212 14.0000
v -10.8203 1.1110 14.0000
v -9.9497 0.0503 14.0000
v -8.8890 -0.8203 14.0000
v -7.6788 -1.4672 14.0000
v -6.3656 -1.8655 14.0000
v -5.0000 -2.0000 14.0000
v -3.6344 -1.8655 14.0000
v -2.3212 -1.4672 14.0000
v -1.1110 -0.8203 14.0000
v -0.0503 0.0503 14.0000
v 0.8203 1.1110 14.0000
v 1.4672 2.3212 14.0000
v 1.8655 3.6344 14.0000
v 3.2000 5.0000 18.0000
v 3.0424 6.5997 18.0000
v 2.5758 8.1380 18.0000
v 1.8181 9.5557 18.0000
v 0.7983 10.7983 18.0000
v -0.4443 11.8181 18.0000
v -1.8620 12.5758 18.0000
v -3.4003 13.0424 18.0000
v -5.0000 13.2000 18.0000
v -6.5997 13.0424 18.0000
v -8.1380 12.5758 18.0000
v -9.5557 11.8181 18.0000
v -10.7983 10.7983 18.0000
v -11.8181 9.5557 18.0000
v -12.5758 8.1380 18.0000
v -13.0424 6.5997 18.0000
v -13.2000 5.0000 18.0000
v -13.0424 3.4003 18.0000
v -12.5758 1.8620 18.0000
v -11.8181 0.4443 18.0000
v -10.7983 -0.7983 18.0000
v -9.5557 -1.8181 18.0000
v -8.1380 -2.5758 18.0000
v -6.5997 -3.0424 18.0000
v -5.0000 -3.2000 18.0000
v -3.4003 -3.0424 18.0000
v -1.8620 -2.5758 18.0000
v -0.4443 -1.8181 18.0000
v 0.7983 -0.7983 18.0000
v 1.8181 0.4443 18.0000
v 2.5758 1.8620 18.0000
v 3.0424 3.4003 18.0000
v 2.0000 5.0000 14.0000
v 1.8655 6.3656 14.0000
v 1.4672 7.6788 14.0000
v 0.8203 8.8890 14.0000
v -0.0503 9.9497 14.0000
v -1.1110 10.8203 14.0000
v -2.3212 11.4672 14.0000
v -3.6344 11.8655 14.0000
v -5.0000 12.0000 14.0000
v -6.3656 11.8655 14.0000
v -7.6788 11.4672 14.0000
v -8.8890 10.8203 14.0000
v -9.9497 9.9497 14.0000
v -10.8203 8.8890 14.0000
v -11.4672 7.6788 14.0000
v -11.8655 6.3656 14.0000
v -12.0000 5.0000 14.0000
v -11.8655 3.6344 14.0000
v -11.4672 2.3212 14.0000
v -10.8203 1.1110 14.0000
v -9.9497 0.0503 14.0000
v -8.8890 -0.8203 14.0000
v -7.6788 -1.4672 14.0000
v -6.3656 -1.8655 14.0000
v -5.0000 -2.0000 14.0000
v -3.6344 -1.8655 14.0000
v -2.3212 -1.4672 14.0000
v -1.1110 -0.8203 14.0000
v -0.0503 0.0503 14.0000
v 0.8203 1.1110 14.0000
v 1.4672 2.3212 14.0000
v 1.8655 3.6344 14.0000
v -5.0000 5.0000 14.0000
v 3.2000 5.0000 18.0000
v 3.0424 6.5997 18.0000
v 2.5758 8.1380 18.0000
v 1.8181 9.5557 18.0000
v 0.7983 10.7983 18.0000
v -0.4443 11.8181 18.0000
v -1.8620 12.5758 18.0000
v -3.4003 13.0424 18.0000
v -5.0000 13.2000 18.0000
v -6.5997 13.0424 18.0000
v -8.1380 12.5758 18.0000
v -9.5557 11.8181 18.0000
v -10.7983 10.7983 18.0000
v -11.8181 9.5557 18.0000
v -12.5758 8.1380 18.0000
v -13.0424 6.5997 18.0000
v -13.2000 5.0000 18.0000
v -13.0424 3.4003 18.0000
v -12.5758 1.8620 18.0000
v -11.8181 0.4443 18.0000
v -10.7983 -0.7983 18.0000
v -9.5557 -1.8181 18.0000
v -8.1380 -2.5758 18.0000
v -6.5997 -3.0424 18.0000
v -5.0000 -3.2000 18.0000
v -3.4003 -3.0424 18.0000
v -1.8620 -2.5758 18.0000
v -0.4443 -1.8181 18.0000
v 0.7983 -0.7983 18.0000
v 1.8181 0.4443 18.0000
v 2.5758 1.8620 18.0000
v 3.0424 3.4003 18.0000
v -5.0000 5.0000 18.0000
v 3.2000 5.0000 18.0000
v 3.0424 6.5997 18.0000
v 2.5758 8.1380 18.0000
v 1.8181 9.5557 18.0000
v 0.7983 10.7983 18.0000
v -0.4443 11.8181 18.0000
v -1.8620 12.5758 18.0000
v -3.4003 13.0424 18.0000
v -5.0000 13.2000 18.0000
v -6.5997 13.0424 18.0000
v -8.1380 12.5758 18.0000
v -9.5557 11.8181 18.0000
v -10.7983 10.7983 18.0000
v -11.8181 9.5557 18.0000
v -12.5758 8.1380 18.0000
v -13.0424 6.5997 18.0000
v -13.2000 5.0000 18.0000
v -13.0424 3.4003 18.0000
v -12.5758 1.8620 18.0000
v -11.8181 0.4443 18.0000
v -10.7983 -0.7983 18.0000
v -9.5557 -1.8181 18.0000
v -8.1380 -2.5758 18.0000
v -6.5997 -3.0424 18.0000
v -5.0000 -3.2000 18.0000
v -3.4003 -3.0424 18.0000
v -1.8620 -2.5758 18.0000
v -0.4443 -1.8181 18.0000
v 0.7983 -0.7983 18.0000
v 1.8181 0.4443 18.0000
v 2.5758 1.8620 18.0000
v 3.0424 3.4003 18.0000
v 3.2000 5.0000 21.0000
v 3.0424 6.5997 21.0000
v 2.5758 8.1380 21.0000
v 1.8181 9.5557 21.0000
v 0.7983 10.7983 21.0000
v -0.4443 11.8181 21.0000
v -1.8620 12.5758 21.0000
v -3.4003 13.0424 21.0000
v -5.0000 13.2000 21.0000
v -6.5997 13.0424 21.0000
v -8.1380 12.5758 21.0000
v -9.5557 11.8181 21.0000
v -10.7983 10.7983 21.0000
v -11.8181 9.5557 21.0000
v -12.5758 8.1380 21.0000
v -13.0424 6.5997 21.0000
v -13.2000 5.0000 21.0000
v -13.0424 3.4003 21.0000
v -12.5758 1.8620 21.0000
v -11.8181 0.4443 21.0000
v -10.7983 -0.7983 21.0000
v -9.5557 -1.8181 21.0000
v -8.1380 -2.5758 21.0000
v -6.5997 -3.0424 21.0000
v -5.0000 -3.2000 21.0000
v -3.4003 -3.0424 21.0000
v -1.8620 -2.5758 21.0000
v -0.4443 -1.8181 21.0000
v 0.7983 -0.7983 21.0000
v 1.8181 0.4443 21.0000
v 2.5758 1.8620 21.0000
v 3.0424 3.4003 21.0000
v 3.2000 5.0000 18.0000
v 3.0424 6.5997 18.0000
v 2.5758 8.1380 18.0000
v 1.8181 9.5557 18.0000
v 0.7983 10.7983 18.0000
v -0.4443 11.8181 18.0000
v -1.8620 12.5758 18.0000
v -3.4003 13.0424 18.0000
v -5.0000 13.2000 18.0000
v -6.5997 13.0424 18.0000
v -8.1380 12.5758 18.0000
v -9.5557 11.8181 18.0000
v -10.7983 10.7983 18.0000
v -11.8181 9.5557 18.0000
v -12.5758 8.1380 18.0000
v -13.0424 6.5997 18.0000
v -13.2000 5.0000 18.0000
v -13.0424 3.4003 18.0000
v -12.5758 1.8620 18.0000
v -11.8181 0.4443 18.0000
v -10.7983 -0.7983 18.0000
v -9.5557 -1.8181 18.0000
v -8.1380 -2.5758 18.0000
v -6.5997 -3.0424 18.0000
v -5.0000 -3.2000 18.0000
v -3.4003 -3.0424 18.0000
v -1.8620 -2.5758 18.0000
v -0.4443 -1.8181 18.0000
v 0.7983 -0.7983 18.0000
v 1.8181 0.4443 18.0000
v 2.5758 1.8620 18.0000
v 3.0424 3.4003 18.0000
v -5.0000 5.0000 18.0000
v 3.2000 5.0000 21.0000
v 3.0424 6.5997 21.0000
v 2.5758 8.1380 21.0000
v 1.8181 9.5557 21.0000
v 0.7983 10.7983 21.0000
v -0.4443 11.8181 21.0000
v -1.8620 12.5758 21.0000
v -3.4003 13.0424 21.0000
v -5.0000 13.2000 21.0000
v -6.5997 13.0424 21.0000
v -8.1380 12.5758 21.0000
v -9.5557 11.8181 21.0000
v -10.7983 10.7983 21.0000
v -11.8181 9.5557 21.0000
v -12.5758 8.1380 21.0000
v -13.0424 6.5997 21.0000
v -13.2000 5.0000 21.0000
v -13.0424 3.4003 21.0000
v -12.5758 1.8620 21.0000
v -11.8181 0.4443 21.0000
v -10.7983 -0.7983 21.0000
v -9.5557 -1.8181 21.0000
v -8.1380 -2.5758 21.0000
v -6.5997 -3.0424 21.0000
v -5.0000 -3.2000 21.0000
v -3.4003 -3.0424 21.0000
v -1.8620 -2.5758 21.0000
v -0.4443 -1.8181 21.0000
v 0.7983 -0.7983 21.0000
v 1.8181 0.4443 21.0000
v 2.5758 1.8620 21.0000
v 3.0424 3.4003 21.0000
v -5.0000 5.0000 21.0000
v 3.2000 5.0000 21.0000
v 3.0424 6.5997 21.0000
v 2.5758 8.1380 21.0000
v 1.8181 9.5557 21.0000
v 0.7983 10.7983 21.0000
v -0.4443 11.8181 21.0000
v -1.8620 12.5758 21.0000
v -3.4003 13.0424 21.0000
v -5.0000 13.2000 21.0000
v -6.5997 13.0424 21.0000
v -8.1380 12.5758 21.0000
v -9.5557 11.8181 21.0000
v -10.7983 10.7983 21.0000
v -11.8181 9.5557 21.0000
v -12.5758 8.1380 21.0000
v -13.0424 6.5997 21.0000
v -13.2000 5.0000 21.0000
v -13.0424 3.4003 21.0000
v -12.5758 1.8620 21.0000
v -11.8181 0.4443 21.0000
v -10.7983 -0.7983 21.0000
v -9.5557 -1.8181 21.0000
v -8.1380 -2.5758 21.0000
v -6.5997 -3.0424 21.0000
v -5.0000 -3.2000 21.0000
v -3.4003 -3.0424 21.0000
v -1.8620 -2.5758 21.0000
v -0.4443 -1.8181 21.0000
v 0.7983 -0.7983 21.0000
v 1.8181 0.4443 21.0000
v 2.5758 1.8620 21.0000
v 3.0424 3.4003 21.0000
v 0.2000 5.0000 43.0000
v 0.1001 6.0145 43.0000
v -0.1958 6.9900 43.0000
v -0.6764 7.8890 43.0000
v -1.3230 8.6770 43.0000
v -2.1110 9.3236 43.0000
v -3.0100 9.8042 43.0000
v -3.9855 10.1001 43.0000
v -5.0000 10.2000 43.0000
v -6.0145 10.1001 43.0000
v -6.9900 9.8042 43.0000
v -7.8890 9.3236 43.0000
v -8.6770 8.6770 43.0000
v -9.3236 7.8890 43.0000
v -9.8042 6.9900 43.0000
v -10.1001 6.0145 43.0000
v -10.2000 5.0000 43.0000
v -10.1001 3.9855 43.0000
v -9.8042 3.0100 43.0000
v -9.3236 2.1110 43.0000
v -8.6770 1.3230 43.0000
v -7.8890 0.6764 43.0000
v -6.9900 0.1958 43.0000
v -6.0145 -0.1001 43.0000
v -5.0000 -0.2000 43.0000
v -3.9855 -0.1001 43.0000
v -3.0100 0.1958 43.0000
v -2.1110 0.6764 43.0000
v -1.3230 1.3230 43.0000
v -0.6764 2.1110 43.0000
v -0.1958 3.0100 43.0000
v 0.1001 3.9855 43.0000
v 3.2000 5.0000 21.0000
v 3.0424 6.5997 21.0000
v 2.5758 8.1380 21.0000
v 1.8181 9.5557 21.0000
v 0.7983 10.7983 21.0000
v -0.4443 11.8181 21.0000
v -1.8620 12.5758 21.0000
v -3.4003 13.0424 21.0000
v -5.0000 13.2000 21.0000
v -6.5997 13.0424 21.0000
v -8.1380 12.5758 21.0000
v -9.5557 11.8181 21.0000
v -10.7983 10.7983 21.0000
v -11.8181 9.5557 21.0000
v -12.5758 8.1380 21.0000
v -13.0424 6.5997 21.0000
v -13.2000 5.0000 21.0000
v -13.0424 3.4003 21.0000
v -12.5758 1.8620 21.0000
v -11.8181 0.4443 21.0000
v -10.7983 -0.7983 21.0000
v -9.5557 -1.8181 21.0000
v -8.1380 -2.5758 21.0000
v -6.5997 -3.0424 21.0000
v -5.0000 -3.2000 21.0000
v -3.4003 -3.0424 21.0000
v -1.8620 -2.5758 21.0000
v -0.4443 -1.8181 21.0000
v 0.7983 -0.7983 21.0000
v 1.8181 0.4443 21.0000
v 2.5758 1.8620 21.0000
v 3.0424 3.4003 21.0000
v -5.0000 5.0000 21.0000
v 0.2000 5.0000 43.0000
v 0.1001 6.0145 43.0000
v -0.1958 6.9900 43.0000
v -0.6764 7.8890 43.0000
v -1.3230 8.6770 43.0000
v -2.1110 9.3236 43.0000
v -3.0100 9.8042 43.0000
v -3.9855 10.1001 43.0000
v -5.0000 10.2000 43.0000
v -6.0145 10.1001 43.0000
v -6.9900 9.8042 43.0000
v -7.8890 9.3236 43.0000
v -8.6770 8.6770 43.0000
v -9.3236 7.8890 43.0000
v -9.8042 6.9900 43.0000
v -10.1001 6.0145 43.0000
v -10.2000 5.0000 43.0000
v -10.1001 3.9855 43.0000
v -9.8042 3.0100 43.0000
v -9.3236 2.1110 43.0000
v -8.6770 1.3230 43.0000
v -7.8890 0.6764 43.0000
v -6.9900 0.1958 43.0000
v -6.0145 -0.1001 43.0000
v -5.0000 -0.2000 43.0000
v -3.9855 -0.1001 43.0000
v -3.0100 0.1958 43.0000
v -2.1110 0.6764 43.0000
v -1.3230 1.3230 43.0000
v -0.6764 2.1110 43.0000
v -0.1958 3.0100 43.0000
v 0.1001 3.9855 43.0000
v -5.0000 5.0000 43.0000
v 0.2000 5.0000 43.0000
v 0.1001 6.0145 43.0000
v -0.1958 6.9900 43.0000
v -0.6764 7.8890 43.0000
v -1.3230 8.6770 43.0000
v -2.1110 9.3236 43.0000
v -3.0100 9.8042 43.0000
v -3.9855 10.1001 43.0000
v -5.0000 10.2000 43.0000
v -6.0145 10.1001 43.0000
v -6.9900 9.8042 43.0000
v -7.8890 9.3236 43.0000
v -8.6770 8.6770 43.0000
v -9.3236 7.8890 43.0000
v -9.8042 6.9900 43.0000
v -10.1001 6.0145 43.0000
v -10.2000 5.0000 43.0000
v -10.1001 3.9855 43.0000
v -9.8042 3.0100 43.0000
v -9.3236 2.1110 43.0000
v -8.6770 1.3230 43.0000
v -7.8890 0.6764 43.0000
v -6.9900 0.1958 43.0000
v -6.0145 -0.1001 43.0000
v -5.0000 -0.2000 43.0000
v -3.9855 -0.1001 43.0000
v -3.0100 0.1958 43.0000
v -2.1110 0.6764 43.0000
v -1.3230 1.3230 43.0000
v -0.6764 2.1110 43.0000
v -0.1958 3.0100 43.0000
v 0.1001 3.9855 43.0000
v 0.2000 5.0000 47.0000
v 0.1001 6.0145 47.0000
v -0.1958 6.9900 47.0000
v -0.6764 7.8890 47.0000
v -1.3230 8.6770 47.0000
v -2.1110 9.3236 47.0000
v -3.0100 9.8042 47.0000
v -3.9855 10.1001 47.0000
v -5.0000 10.2000 47.0000
v -6.0145 10.1001 47.0000
v -6.9900 9.8042 47.0000
v -7.8890 9.3236 47.0000
v -8.6770 8.6770 47.0000
v -9.3236 7.8890 47.0000
v -9.8042 6.9900 47.0000
v -10.1001 6.0145 47.0000
v -10.2000 5.0000 47.0000
v -10.1001 3.9855 47.0000
v -9.8042 3.0100 47.0000
v -9.3236 2.1110 47.0000
v -8.6770 1.3230 47.0000
v -7.8890 0.6764 47.0000
v -6.9900 0.1958 47.0000
v -6.0145 -0.1001 47.0000
v -5.0000 -0.2000 47.0000
v -3.9855 -0.1001 47.0000
v -3.0100 0.1958 47.0000
v -2.1110 0.6764 47.0000
v -1.3230 1.3230 47.0000
v -0.6764 2.1110 47.0000
v -0.1958 3.0100 47.0000
v 0.1001 3.9855 47.0000
v 0.2000 5.0000 43.0000
v 0.1001 6.0145 43.0000
v -0.1958 6.9900 43.0000
v -0.6764 7.8890 43.0000
v -1.3230 8.6770 43.0000
v -2.1110 9.3236 43.0000
v -3.0100 9.8042 43.0000
v -3.9855 10.1001 43.0000
v -5.0000 10.2000 43.0000
v -6.0145 10.1001 43.0000
v -6.9900 9.8042 43.0000
v -7.8890 9.3236 43.0000
v -8.6770 8.6770 43.0000
v -9.3236 7.8890 43.0000
v -9.8042 6.9900 43.0000
v -10.1001 6.0145 43.0000
v -10.2000 5.0000 43.0000
v -10.1001 3.9855 43.0000
v -9.8042 3.0100 43.0000
v -9.3236 2.1110 43.0000
v -8.6770 1.3230 43.0000
v -7.8890 0.6764 43.0000
v -6.9900 0.1958 43.0000
v -6.0145 -0.1001 43.0000
v -5.0000 -0.2000 43.0000
v -3.9855 -0.1001 43.0000
v -3.0100 0.1958 43.0000
v -2.1110 0.6764 43.0000
v -1.3230 1.3230 43.0000
v -0.6764 2.1110 43.0000
v -0.1958 3.0100 43.0000
v 0.1001 3.9855 43.0000
v -5.0000 5.0000 43.0000
v 0.2000 5.0000 47.0000
v 0.1001 6.0145 47.0000
v -0.1958 6.9900 47.0000
v -0.6764 7.8890 47.0000
v -1.3230 8.6770 47.0000
v -2.1110 9.3236 47.0000
v -3.0100 9.8042 47.0000
v -3.9855 10.1001 47.0000
v -5.0000 10.2000 47.0000
v -6.0145 10.1001 47.0000
v -6.9900 9.8042 47.0000
v -7.8890 9.3236 47.0000
v -8.6770 8.6770 47.0000
v -9.3236 7.8890 47.0000
v -9.8042 6.9900 47.0000
v -10.1001 6.0145 47.0000
v -10.2000 5.0000 47.0000
v -10.1001 3.9855 47.0000
v -9.8042 3.0100 47.0000
v -9.3236 2.1110 47.0000
v -8.6770 1.3230 47.0000
v -7.8890 0.6764 47.0000
v -6.9900 0.1958 47.0000
v -6.0145 -0.1001 47.0000
v -5.0000 -0.2000 47.0000
v -3.9855 -0.1001 47.0000
v -3.0100 0.1958 47.0000
v -2.1110 0.6764 47.0000
v -1.3230 1.3230 47.0000
v -0.6764 2.1110 47.0000
v -0.1958 3.0100 47.0000
v 0.1001 3.9855 47.0000
v -5.0000 5.0000 47.0000
v 0.2000 5.0000 47.0000
v 0.1001 6.0145 47.0000
v -0.1958 6.9900 47.0000
v -0.6764 7.8890 47.0000
v -1.3230 8.6770 47.0000
v -2.1110 9.3236 47.0000
v -3.0100 9.8042 47.0000
v -3.9855 10.1001 47.0000
v -5.0000 10.2000 47.0000
v -6.0145 10.1001 47.0000
v -6.9900 9.8042 47.0000
v -7.8890 9.3236 47.0000
v -8.6770 8.6770 47.0000
v -9.3236 7.8890 47.0000
v -9.8042 6.9900 47.0000
v -10.1001 6.0145 47.0000
v -10.2000 5.0000 47.0000
v -10.1001 3.9855 47.0000
v -9.8042 3.0100 47.0000
v -9.3236 2.1110 47.0000
v -8.6770 1.3230 47.0000
v -7.8890 0.6764 47.0000
v -6.9900 0.1958 47.0000
v -6.0145 -0.1001 47.0000
v -5.0000 -0.2000 47.0000
v -3.9855 -0.1001 47.0000
v -3.0100 0.1958 47.0000
v -2.1110 0.6764 47.0000
v -1.3230 1.3230 47.0000
v -0.6764 2.1110 47.0000
v -0.1958 3.0100 47.0000
v 0.1001 3.9855 47.0000
v -3.0000 5.0000 49.5000
v -3.0384 5.3902 49.5000
v -3.1522 5.7654 49.5000
v -3.3371 6.1111 49.5000
v -3.5858 6.4142 49.5000
v -3.8889 6.6629 49.5000
v -4.2346 6.8478 49.5000
v -4.6098 6.9616 49.5000
v -5.0000 7.0000 49.5000
v -5.3902 6.9616 49.5000
v -5.7654 6.8478 49.5000
v -6.1111 6.6629 49.5000
v -6.4142 6.4142 49.5000
v -6.6629 6.1111 49.5000
v -6.8478 5.7654 49.5000
v -6.9616 5.3902 49.5000
v -7.0000 5.0000 49.5000
v -6.9616 4.6098 49.5000
v -6.8478 4.2346 49.5000
v -6.6629 3.8889 49.5000
v -6.4142 3.5858 49.5000
v -6.1111 3.3371 49.5000
v -5.7654 3.1522 49.5000
v -5.3902 3.0384 49.5000
v -5.0000 3.0000 49.5000
v -4.6098 3.0384 49.5000
v -4.2346 3.1522 49.5000
v -3.8889 3.3371 49.5000
v -3.5858 3.5858 49.5000
v -3.3371 3.8889 49.5000
v -3.1522 4.2346 49.5000
v -3.0384 4.6098 49.5000
v 0.2000 5.0000 47.0000
v 0.1001 6.0145 47.0000
v -0.1958 6.9900 47.0000
v -0.6764 7.8890 47.0000
v -1.3230 8.6770 47.0000
v -2.1110 9.3236 47.0000
v -3.0100 9.8042 47.0000
v -3.9855 10.1001 47.0000
v -5.0000 10.2000 47.0000
v -6.0145 10.1001 47.0000
v -6.9900 9.8042 47.0000
v -7.8890 9.3236 47.0000
v -8.6770 8.6770 47.0000
v -9.3236 7.8890 47.0000
v -9.8042 6.9900 47.0000
v -10.1001 6.0145 47.0000
v -10.2000 5.0000 47.0000
v -10.1001 3.9855 47.0000
v -9.8042 3.0100 47.0000
v -9.3236 2.1110 47.0000
v -8.6770 1.3230 47.0000
v -7.8890 0.6764 47.0000
v -6.9900 0.1958 47.0000
v -6.0145 -0.1001 47.0000
v -5.0000 -0.2000 47.0000
v -3.9855 -0.1001 47.0000
v -3.0100 0.1958 47.0000
v -2.1110 0.6764 47.0000
v -1.3230 1.3230 47.0000
v -0.6764 2.1110 47.0000
v -0.1958 3.0100 47.0000
v 0.1001 3.9855 47.0000
v -5.0000 5.0000 47.0000
v -3.0000 5.0000 49.5000
v -3.0384 5.3902 49.5000
v -3.1522 5.7654 49.5000
v -3.3371 6.1111 49.5000
v -3.5858 6.4142 49.5000
v -3.8889 6.6629 49.5000
v -4.2346 6.8478 49.5000
v -4.6098 6.9616 49.5000
v -5.0000 7.0000 49.5000
v -5.3902 6.9616 49.5000
v -5.7654 6.8478 49.5000
v -6.1111 6.6629 49.5000
v -6.4142 6.4142 49.5000
v -6.6629 6.1111 49.5000
v -6.8478 5.7654 49.5000
v -6.9616 5.3902 49.5000
v -7.0000 5.0000 49.5000
v -6.9616 4.6098 49.5000
v -6.8478 4.2346 49.5000
v -6.6629 3.8889 49.5000
v -6.4142 3.5858 49.5000
v -6.1111 3.3371 49.5000
v -5.7654 3.1522 49.5000
v -5.3902 3.0384 49.5000
v -5.0000 3.0000 49.5000
v -4.6098 3.0384 49.5000
v -4.2346 3.1522 49.5000
v -3.8889 3.3371 49.5000
v -3.5858 3.5858 49.5000
v -3.3371 3.8889 49.5000
v -3.1522 4.2346 49.5000
v -3.0384 4.6098 49.5000
v -5.0000 5.0000 49.5000
vn 0.9995 0.0328 0.0000
vn 0.9739 0.2272 0.0000
vn 0.9108 0.4128 0.0000
vn 0.8128 0.5826 0.0000
vn 0.6835 0.7299 0.0000
vn 0.5280 0.8493 0.0000
vn 0.3522 0.9359 0.0000
vn 0.1628 0.9867 0.0000
vn -0.0328 0.9995 0.0000
vn -0.2272 0.9739 0.0000
vn -0.4128 0.9108 0.0000
vn -0.5826 0.8128 0.0000
vn -0.7299 0.6835 0.0000
vn -0.8493 0.5280 0.0000
vn -0.9359 0.3522 0.0000
vn -0.9867 0.1628 0.0000
vn -0.9995 -0.0328 0.0000
vn -0.9739 -0.2272 0.0000
vn -0.9108 -0.4128 0.0000
vn -0.8128 -0.5826 0.0000
vn -0.6835 -0.7299 0.0000
vn -0.5280 -0.8493 0.0000
vn -0.3522 -0.9359 0.0000
vn -0.1628 -0.9867 0.0000
vn 0.0328 -0.9995 0.0000
vn 0.2272 -0.9739 0.0000
vn 0.4128 -0.9108 0.0000
vn 0.5826 -0.8128 0.0000
vn 0.7299 -0.6835 0.0000
vn 0.8493 -0.5280 0.0000
vn 0.9359 -0.3522 0.0000
vn 0.9867 -0.1628 0.0000
vn 0.9995 -0.0328 0.0000
vn 0.9867 0.1628 0.0000
vn 0.9359 0.3522 0.0000
vn 0.8493 0.5280 0.0000
vn 0.7299 0.6835 0.0000
vn 0.5826 0.8128 0.0000
vn 0.4128 0.9108 0.0000
vn 0.2272 0.9739 0.0000
vn 0.0328 0.9995 0.0000
vn -0.1628 0.9867 0.0000
vn -0.3522 0.9359 0.0000
vn -0.5280 0.8493 0.0000
vn -0.6835 0.7299 0.0000
vn -0.8128 0.5826 0.0000
vn -0.9108 0.4128 0.0000
vn -0.9739 0.2272 0.0000
vn -0.9995 0.0328 0.0000
vn -0.9867 -0.1628 0.0000
vn -0.9359 -0.3522 0.0000
vn -0.8493 -0.5280 0.0000
vn -0.7299 -0.6835 0.0000
vn -0.5826 -0.8128 0.0000
vn -0.4128 -0.9108 0.0000
vn -0.2272 -0.9739 0.0000
vn -0.0328 -0.9995 0.0000
vn 0.1628 -0.9867 0.0000
vn 0.3522 -0.9359 0.0000
vn 0.5280 -0.8493 0.0000
vn 0.6835 -0.7299 0.0000
vn 0.8128 -0.5826 0.0000
vn 0.9108 -0.4128 0.0000
vn 0.9739 -0.2272 0.0000
vn 0.0000 0.0000 -1.0000
vn 0.0000 0.0000 -1.0000
vn 0.0000 0.0000 -1.0000
vn 0.0000 0.0000 -1.0000
vn 0.0000 0.0000 -1.0000
vn 0.0000 0.0000 -1.0000
vn 0.0000 0.0000 -1.0000
vn 0.0000 0.0000 -1.0000
vn 0.0000 0.0000 -1.0000
vn 0.0000 0.0000 -1.0000
vn 0.0000 0.0000 -1.0000
vn 0.0000 0.0000 -1.0000
vn 0.0000 0.0000 -1.0000
vn 0.0000 0.0000 -1.0000
vn 0.0000 0.0000 -1.0000
vn 0.0000 0.0000 -1.0000
vn 0.0000 0.0000 -1.0000
vn 0.0000 0.0000 -1.0000
vn 0.0000 0.0000 -1.0000
vn 0.0000 0.0000 -1.0000
vn 0.0000 0.0000 -1.0000
vn 0.0000 0.0000 -1.0000
vn 0.0000 0.0000 -1.0000
vn 0.0000 0.0000 -1.0000
vn 0.0000 0.0000 -1.0000
vn 0.0000 0.0000 -1.0000
vn 0.0000 0.0000 -1.0000
vn 0.0000 0.0000 -1.0000
vn 0.0000 0.0000 -1.0000
vn 0.0000 0.0000 -1.0000
vn 0.0000 0.0000 -1.0000
vn 0.0000 0.0000 -1.0000
vn 0.0000 0.0000 -1.0000
vn 0.0000 0.0000 1.0000
vn 0.0000 0.0000 1.0000
vn 0.0000 0.0000 1.0000
vn 0.0000 0.0000 1.0000
vn 0.0000 0.0000 1.0000
vn 0.0000 0.0000 1.0000
vn 0.0000 0.0000 1.0000
vn 0.0000 0.0000 1.0000
vn 0.0000 0.0000 1.0000
vn 0.0000 0.0000 1.0000
vn 0.0000 0.0000 1.0000
vn 0.0000 0.0000 1.0000
vn 0.0000 0.0000 1.0000
vn 0.0000 0.0000 1.0000
vn 0.0000 0.0000 1.0000
vn 0.0000 0.0000 1.0000
vn 0.0000 0.0000 1.0000
vn 0.0000 0.0000 1.0000
vn 0.0000 0.0000 1.0000
vn 0.0000 0.0000 1.0000
vn 0.0000 0.0000 1.0000
vn 0.0000 0.0000 1.0000
vn 0.0000 0.0000 1.0000
vn 0.0000 0.0000 1.0000
vn 0.0000 0.0000 1.0000
vn 0.0000 0.0000 1.0000
vn 0.0000 0.0000 1.0000
vn 0.0000 0.0000 1.0000
vn 0.0000 0.0000 1.0000
vn 0.0000 0.0000 1.0000
vn 0.0000 0.0000 1.0000
vn 0.0000 0.0000 1.0000
vn 0.0000 0.0000 1.0000
vn 0.9572 0.0348 -0.2872
vn 0.9321 0.2209 -0.2872
vn 0.8711 0.3985 -0.2872
vn 0.7766 0.5608 -0.2872
vn 0.6523 0.7015 -0.2872
vn 0.5029 0.8153 -0.2872
vn 0.3341 0.8977 -0.2872
vn 0.1526 0.9456 -0.2872
vn -0.0348 0.9572 -0.2872
vn -0.2209 0.9321 -0.2872
vn -0.3985 0.8711 -0.2872
vn -0.5608 0.7766 -0.2872
vn -0.7015 0.6523 -0.2872
vn -0.8153 0.5029 -0.2872
vn -0.8977 0.3341 -0.2872
vn -0.9456 0.1526 -0.2872
vn -0.9572 -0.0348 -0.2872
vn -0.9321 -0.2209 -0.2872
vn -0.8711 -0.3985 -0.2872
vn -0.7766 -0.5608 -0.2872
vn -0.6523 -0.7015 -0.2872
vn -0.5029 -0.8153 -0.2872
vn -0.3341 -0.8977 -0.2872
vn -0.1526 -0.9456 -0.2872
vn 0.0348 -0.9572 -0.2872
vn 0.2209 -0.9321 -0.2872
vn 0.3985 -0.8711 -0.2872
vn 0.5608 -0.7766 -0.2872
vn 0.7015 -0.6523 -0.2872
vn 0.8153 -0.5029 -0.2872
vn 0.8977 -0.3341 -0.2872
vn 0.9456 -0.1526 -0.2872
vn 0.9574 -0.0282 -0.2872
vn 0.9446 0.1591 -0.2872
vn 0.8954 0.3403 -0.2872
vn 0.8118 0.5085 -0.2872
vn 0.6970 0.6571 -0.2872
vn 0.5554 0.7804 -0.2872
vn 0.3925 0.8738 -0.2872
vn 0.2145 0.9335 -0.2872
vn 0.0282 0.9574 -0.2872
vn -0.1591 0.9446 -0.2872
vn -0.3403 0.8954 -0.2872
vn -0.5085 0.8118 -0.2872
vn -0.6571 0.6970 -0.2872
vn -0.7804 0.5554 -0.2872
vn -0.8738 0.3925 -0.2872
vn -0.9335 0.2145 -0.2872
vn -0.9574 0.0282 -0.2872
vn -0.9446 -0.1591 -0.2872
vn -0.8954 -0.3403 -0.2872
vn -0.8118 -0.5085 -0.2872
vn -0.6970 -0.6571 -0.2872
vn -0.5554 -0.7804 -0.2872
vn -0.3925 -0.8738 -0.2872
vn -0.2145 -0.9335 -0.2872
vn -0.0282 -0.9574 -0.2872
vn 0.1591 -0.9446 -0.2872
vn 0.3403 -0.8954 -0.2872
vn 0.5085 -0.8118 -0.2872
vn 0.6571 -0.6970 -0.2872
vn 0.7804 -0.5554 -0.2872
vn 0.8738 -0.3925 -0.2872
vn 0.9335 -0.2145 -0.2872
vn 0.0000 0.0000 -1.0000
vn 0.0000 0.0000 -1.0000
vn 0.0000 0.0000 -1.0000
vn 0.0000 0.0000 -1.0000
vn 0.0000 0.0000 -1.0000
vn 0.0000 0.0000 -1.0000
vn 0.0000 0.0000 -1.0000
vn 0.0000 0.0000 -1.0000
vn 0.0000 0.0000 -1.0000
vn 0.0000 0.0000 -1.0000
vn 0.0000 0.0000 -1.0000
vn 0.0000 0.0000 -1.0000
vn 0.0000 0.0000 -1.0000
vn 0.0000 0.0000 -1.0000
vn 0.0000 0.0000 -1.0000
vn 0.0000 0.0000 -1.0000
vn 0.0000 0.0000 -1.0000
vn 0.0000 0.0000 -1.0000
vn 0.0000 0.0000 -1.0000
vn 0.0000 0.0000 -1.0000
vn 0.0000 0.0000 -1.0000
vn 0.0000 0.0000 -1.0000
vn 0.0000 0.0000 -1.0000
vn 0.0000 0.0000 -1.0000
vn 0.0000 0.0000 -1.0000
vn 0.0000 0.0000 -1.0000
vn 0.0000 0.0000 -1.0000
vn 0.0000 0.0000 -1.0000
vn 0.0000 0.0000 -1.0000
vn 0.0000 0.0000 -1.0000
vn 0.0000 0.0000 -1.0000
vn 0.0000 0.0000 -1.0000
vn 0.0000 0.0000 -1.0000
vn 0.0000 0.0000 1.0000
vn 0.0000 0.0000 1.0000
vn 0.0000 0.0000 1.0000
vn 0.0000 0.0000 1.0000
vn 0.0000 0.0000 1.0000
vn 0.0000 0.0000 1.0000
vn 0.0000 0.0000 1.0000
vn 0.0000 0.0000 1.0000
vn 0.0000 0.0000 1.0000
vn 0.0000 0.0000 1.0000
vn 0.0000 0.0000 1.0000
vn 0.0000 0.0000 1.0000
vn 0.0000 0.0000 1.0000
vn 0.0000 0.0000 1.0000
vn 0.0000 0.0000 1.0000
vn 0.0000 0.0000 1.0000
vn 0.0000 0.0000 1.0000
vn 0.0000 0.0000 1.0000
vn 0.0000 0.0000 1.0000
vn 0.0000 0.0000 1.0000
vn 0.0000 0.0000 1.0000
vn 0.0000 0.0000 1.0000
vn 0.0000 0.0000 1.0000
vn 0.0000 0.0000 1.0000
vn 0.0000 0.0000 1.0000
vn 0.0000 0.0000 1.0000
vn 0.0000 0.0000 1.0000
vn 0.0000 0.0000 1.0000
vn 0.0000 0.0000 1.0000
vn 0.0000 0.0000 1.0000
vn 0.0000 0.0000 1.0000
vn 0.0000 0.0000 1.0000
vn 0.0000 0.0000 1.0000
vn 0.9995 0.0328 0.0000
vn 0.9739 0.2272 0.0000
vn 0.9108 0.4128 0.0000
vn 0.8128 0.5826 0.0000
vn 0.6835 0.7299 0.0000
vn 0.5280 0.8493 0.0000
vn 0.3522 0.9359 0.0000
vn 0.1628 0.9867 0.0000
vn -0.0328 0.9995 0.0000
vn -0.2272 0.9739 0.0000
vn -0.4128 0.9108 0.0000
vn -0.5826 0.8128 0.0000
vn -0.7299 0.6835 0.0000
vn -0.8493 0.5280 0.0000
vn -0.9359 0.3522 0.0000
vn -0.9867 0.1628 0.0000
vn -0.9995 -0.0328 0.0000
vn -0.9739 -0.2272 0.0000
vn -0.9108 -0.4128 0.0000
vn -0.8128 -0.5826 0.0000
vn -0.6835 -0.7299 0.0000
vn -0.5280 -0.8493 0.0000
vn -0.3522 -0.9359 0.0000
vn -0.1628 -0.9867 0.0000
vn 0.0328 -0.9995 0.0000
vn 0.2272 -0.9739 0.0000
vn 0.4128 -0.9108 0.0000
vn 0.5826 -0.8128 0.0000
vn 0.7299 -0.6835 0.0000
vn 0.8493 -0.5280 0.0000
vn 0.9359 -0.3522 0.0000
vn 0.9867 -0.1628 0.0000
vn 0.9995 -0.0328 0.0000
vn 0.9867 0.1628 0.0000
vn 0.9359 0.3522 0.0000
vn 0.8493 0.5280 0.0000
vn 0.7299 0.6835 0.0000
vn 0.5826 0.8128 0.0000
vn 0.4128 0.9108 0.0000
vn 0.2272 0.9739 0.0000
vn 0.0328 0.9995 0.0000
vn -0.1628 0.9867 0.0000
vn -0.3522 0.9359 0.0000
vn -0.5280 0.8493 0.0000
vn -0.6835 0.7299 0.0000
vn -0.8128 0.5826 0.0000
vn -0.9108 0.4128 0.0000
vn -0.9739 0.2272 0.0000
vn -0.9995 0.0328 0.0000
vn -0.9867 -0.1628 0.0000
vn -0.9359 -0.3522 0.0000
vn -0.8493 -0.5280 0.0000
vn -0.7299 -0.6835 0.0000
vn -0.5826 -0.8128 0.0000
vn -0.4128 -0.9108 0.0000
vn -0.2272 -0.9739 0.0000
vn -0.0328 -0.9995 0.0000
vn 0.1628 -0.9867 0.0000
vn 0.3522 -0.9359 0.0000
vn 0.5280 -0.8493 0.0000
vn 0.6835 -0.7299 0.0000
vn 0.8128 -0.5826 0.0000
vn 0.9108 -0.4128 0.0000
vn 0.9739 -0.2272 0.0000
vn 0.0000 0.0000 -1.0000
vn 0.0000 0.0000 -1.0000
vn 0.0000 0.0000 -1.0000
vn 0.0000 0.0000 -1.0000
vn 0.0000 0.0000 -1.0000
vn 0.0000 0.0000 -1.0000
vn 0.0000 0.0000 -1.0000
vn 0.0000 0.0000 -1.0000
vn 0.0000 0.0000 -1.0000
vn 0.0000 0.0000 -1.0000
vn 0.0000 0.0000 -1.0000
vn 0.0000 0.0000 -1.0000
vn 0.0000 0.0000 -1.0000
vn 0.0000 0.0000 -1.0000
vn 0.0000 0.0000 -1.0000
vn 0.0000 0.0000 -1.0000
vn 0.0000 0.0000 -1.0000
vn 0.0000 0.0000 -1.0000
vn 0.0000 0.0000 -1.0000
vn 0.0000 0.0000 -1.0000
vn 0.0000 0.0000 -1.0000
vn 0.0000 0.0000 -1.0000
vn 0.0000 0.0000 -1.0000
vn 0.0000 0.0000 -1.0000
vn 0.0000 0.0000 -1.0000
vn 0.0000 0.0000 -1.0000
vn 0.0000 0.0000 -1.0000
vn 0.0000 0.0000 -1.0000
vn 0.0000 0.0000 -1.0000
vn 0.0000 0.0000 -1.0000
vn 0.0000 0.0000 -1.0000
vn 0.0000 0.0000 -1.0000
vn 0.0000 0.0000 -1.0000
vn 0.0000 0.0000 1.0000
vn 0.0000 0.0000 1.0000
vn 0.0000 0.0000 1.0000
vn 0.0000 0.0000 1.0000
vn 0.0000 0.0000 1.0000
vn 0.0000 0.0000 1.0000
vn 0.0000 0.0000 1.0000
vn 0.0000 0.0000 1.0000
vn 0.0000 0.0000 1.0000
vn 0.0000 0.0000 1.0000
vn 0.0000 0.0000 1.0000
vn 0.0000 0.0000 1.0000
vn 0.0000 0.0000 1.0000
vn 0.0000 0.0000 1.0000
vn 0.0000 0.0000 1.0000
vn 0.0000 0.0000 1.0000
vn 0.0000 0.0000 1.0000
vn 0.0000 0.0000 1.0000
vn 0.0000 0.0000 1.0000
vn 0.0000 0.0000 1.0000
vn 0.0000 0.0000 1.0000
vn 0.0000 0.0000 1.0000
vn 0.0000 0.0000 1.0000
vn 0.0000 0.0000 1.0000
vn 0.0000 0.0000 1.0000
vn 0.0000 0.0000 1.0000
vn 0.0000 0.0000 1.0000
vn 0.0000 0.0000 1.0000
vn 0.0000 0.0000 1.0000
vn 0.0000 0.0000 1.0000
vn 0.0000 0.0000 1.0000
vn 0.0000 0.0000 1.0000
vn 0.0000 0.0000 1.0000
vn 0.9906 0.0235 0.1351
vn 0.9669 0.2163 0.1351
vn 0.9062 0.4008 0.1351
vn 0.8106 0.5699 0.1351
vn 0.6838 0.7170 0.1351
vn 0.5308 0.8367 0.1351
vn 0.3574 0.9241 0.1351
vn 0.1702 0.9761 0.1351
vn -0.0235 0.9906 0.1351
vn -0.2163 0.9669 0.1351
vn -0.4008 0.9062 0.1351
vn -0.5699 0.8106 0.1351
vn -0.7170 0.6838 0.1351
vn -0.8367 0.5308 0.1351
vn -0.9241 0.3574 0.1351
vn -0.9761 0.1702 0.1351
vn -0.9906 -0.0235 0.1351
vn -0.9669 -0.2163 0.1351
vn -0.9062 -0.4008 0.1351
vn -0.8106 -0.5699 0.1351
vn -0.6838 -0.7170 0.1351
vn -0.5308 -0.8367 0.1351
vn -0.3574 -0.9241 0.1351
vn -0.1702 -0.9761 0.1351
vn 0.0235 -0.9906 0.1351
vn 0.2163 -0.9669 0.1351
vn 0.4008 -0.9062 0.1351
vn 0.5699 -0.8106 0.1351
vn 0.7170 -0.6838 0.1351
vn 0.8367 -0.5308 0.1351
vn 0.9241 -0.3574 0.1351
vn 0.9761 -0.1702 0.1351
vn 0.9899 -0.0430 0.1350
vn 0.9793 0.1510 0.1350
vn 0.9310 0.3391 0.1350
vn 0.8470 0.5142 0.1350
vn 0.7304 0.6696 0.1350
vn 0.5857 0.7992 0.1350
vn 0.4185 0.8981 0.1350
vn 0.2353 0.9625 0.1350
vn 0.0430 0.9899 0.1350
vn -0.1510 0.9793 0.1350
vn -0.3391 0.9310 0.1350
vn -0.5142 0.8470 0.1350
vn -0.6696 0.7304 0.1350
vn -0.7992 0.5857 0.1350
vn -0.8981 0.4185 0.1350
vn -0.9625 0.2353 0.1350
vn -0.9899 0.0430 0.1350
vn -0.9793 -0.1510 0.1350
vn -0.9310 -0.3391 0.1350
vn -0.8470 -0.5142 0.1350
vn -0.7304 -0.6696 0.1350
vn -0.5857 -0.7992 0.1350
vn -0.4185 -0.8981 0.1350
vn -0.2353 -0.9625 0.1350
vn -0.0430 -0.9899 0.1350
vn 0.1510 -0.9793 0.1350
vn 0.3391 -0.9310 0.1350
vn 0.5142 -0.8470 0.1350
vn 0.6696 -0.7304 0.1350
vn 0.7992 -0.5857 0.1350
vn 0.8981 -0.4185 0.1350
vn 0.9625 -0.2353 0.1350
vn 0.0000 0.0000 -1.0000
vn 0.0000 0.0000 -1.0000
vn 0.0000 0.0000 -1.0000
vn 0.0000 0.0000 -1.0000
vn 0.0000 0.0000 -1.0000
vn 0.0000 0.0000 -1.0000
vn 0.0000 0.0000 -1.0000
vn 0.0000 0.0000 -1.0000
vn 0.0000 0.0000 -1.0000
vn 0.0000 0.0000 -1.0000
vn 0.0000 0.0000 -1.0000
vn 0.0000 0.0000 -1.0000
vn 0.0000 0.0000 -1.0000
vn 0.0000 0.0000 -1.0000
vn 0.0000 0.0000 -1.0000
vn 0.0000 0.0000 -1.0000
vn 0.0000 0.0000 -1.0000
vn 0.0000 0.0000 -1.0000
vn 0.0000 0.0000 -1.0000
vn 0.0000 0.0000 -1.0000
vn 0.0000 0.0000 -1.0000
vn 0.0000 0.0000 -1.0000
vn 0.0000 0.0000 -1.0000
vn 0.0000 0.0000 -1.0000
vn 0.0000 0.0000 -1.0000
vn 0.0000 0.0000 -1.0000
vn 0.0000 0.0000 -1.0000
vn 0.0000 0.0000 -1.0000
vn 0.0000 0.0000 -1.0000
vn 0.0000 0.0000 -1.0000
vn 0.0000 0.0000 -1.0000
vn 0.0000 0.0000 -1.0000
vn 0.0000 0.0000 -1.0000
vn 0.0000 0.0000 1.0000
vn 0.0000 0.0000 1.0000
vn 0.0000 0.0000 1.0000
vn 0.0000 0.0000 1.0000
vn 0.0000 0.0000 1.0000
vn 0.0000 0.0000 1.0000
vn 0.0000 0.0000 1.0000
vn 0.0000 0.0000 1.0000
vn 0.0000 0.0000 1.0000
vn 0.0000 0.0000 1.0000
vn 0.0000 0.0000 1.0000
vn 0.0000 0.0000 1.0000
vn 0.0000 0.0000 1.0000
vn 0.0000 0.0000 1.0000
vn 0.0000 0.0000 1.0000
vn 0.0000 0.0000 1.0000
vn 0.0000 0.0000 1.0000
vn 0.0000 0.0000 1.0000
vn 0.0000 0.0000 1.0000
vn 0.0000 0.0000 1.0000
vn 0.0000 0.0000 1.0000
vn 0.0000 0.0000 1.0000
vn 0.0000 0.0000 1.0000
vn 0.0000 0.0000 1.0000
vn 0.0000 0.0000 1.0000
vn 0.0000 0.0000 1.0000
vn 0.0000 0.0000 1.0000
vn 0.0000 0.0000 1.0000
vn 0.0000 0.0000 1.0000
vn 0.0000 0.0000 1.0000
vn 0.0000 0.0000 1.0000
vn 0.0000 0.0000 1.0000
vn 0.0000 0.0000 1.0000
vn 0.9995 0.0328 0.0000
vn 0.9739 0.2272 0.0000
vn 0.9108 0.4128 0.0000
vn 0.8128 0.5826 0.0000
vn 0.6835 0.7299 0.0000
vn 0.5280 0.8493 0.0000
vn 0.3522 0.9359 0.0000
vn 0.1628 0.9867 0.0000
vn -0.0328 0.9995 0.0000
vn -0.2272 0.9739 0.0000
vn -0.4128 0.9108 0.0000
vn -0.5826 0.8128 0.0000
vn -0.7299 0.6835 0.0000
vn -0.8493 0.5280 0.0000
vn -0.9359 0.3522 0.0000
vn -0.9867 0.1628 0.0000
vn -0.9995 -0.0328 0.0000
vn -0.9739 -0.2272 0.0000
vn -0.9108 -0.4128 0.0000
vn -0.8128 -0.5826 0.0000
vn -0.6835 -0.7299 0.0000
vn -0.5280 -0.8493 0.0000
vn -0.3522 -0.9359 0.0000
vn -0.1628 -0.9867 0.0000
vn 0.0328 -0.9995 0.0000
vn 0.2272 -0.9739 0.0000
vn 0.4128 -0.9108 0.0000
vn 0.5826 -0.8128 0.0000
vn 0.7299 -0.6835 0.0000
vn 0.8493 -0.5280 0.0000
vn 0.9359 -0.3522 0.0000
vn 0.9867 -0.1628 0.0000
vn 0.9995 -0.0328 0.0000
vn 0.9867 0.1628 0.0000
vn 0.9359 0.3522 0.0000
vn 0.8493 0.5280 0.0000
vn 0.7299 0.6835 0.0000
vn 0.5826 0.8128 0.0000
vn 0.4128 0.9108 0.0000
vn 0.2272 0.9739 0.0000
vn 0.0328 0.9995 0.0000
vn -0.1628 0.9867 0.0000
vn -0.3522 0.9359 0.0000
vn -0.5280 0.8493 0.0000
vn -0.6835 0.7299 0.0000
vn -0.8128 0.5826 0.0000
vn -0.9108 0.4128 0.0000
vn -0.9739 0.2272 0.0000
vn -0.9995 0.0328 0.0000
vn -0.9867 -0.1628 0.0000
vn -0.9359 -0.3522 0.0000
vn -0.8493 -0.5280 0.0000
vn -0.7299 -0.6835 0.0000
vn -0.5826 -0.8128 0.0000
vn -0.4128 -0.9108 0.0000
vn -0.2272 -0.9739 0.0000
vn -0.0328 -0.9995 0.0000
vn 0.1628 -0.9867 0.0000
vn 0.3522 -0.9359 0.0000
vn 0.5280 -0.8493 0.0000
vn 0.6835 -0.7299 0.0000
vn 0.8128 -0.5826 0.0000
vn 0.9108 -0.4128 0.0000
vn 0.9739 -0.2272 0.0000
vn 0.0000 0.0000 -1.0000
vn 0.0000 0.0000 -1.0000
vn 0.0000 0.0000 -1.0000
vn 0.0000 0.0000 -1.0000
vn 0.0000 0.0000 -1.0000
vn 0.0000 0.0000 -1.0000
vn 0.0000 0.0000 -1.0000
vn 0.0000 0.0000 -1.0000
vn 0.0000 0.0000 -1.0000
vn 0.0000 0.0000 -1.0000
vn 0.0000 0.0000 -1.0000
vn 0.0000 0.0000 -1.0000
vn 0.0000 0.0000 -1.0000
vn 0.0000 0.0000 -1.0000
vn 0.0000 0.0000 -1.0000
vn 0.0000 0.0000 -1.0000
vn 0.0000 0.0000 -1.0000
vn 0.0000 0.0000 -1.0000
vn 0.0000 0.0000 -1.0000
vn 0.0000 0.0000 -1.0000
vn 0.0000 0.0000 -1.0000
vn 0.0000 0.0000 -1.0000
vn 0.0000 0.0000 -1.0000
vn 0.0000 0.0000 -1.0000
vn 0.0000 0.0000 -1.0000
vn 0.0000 0.0000 -1.0000
vn 0.0000 0.0000 -1.0000
vn 0.0000 0.0000 -1.0000
vn 0.0000 0.0000 -1.0000
vn 0.0000 0.0000 -1.0000
vn 0.0000 0.0000 -1.0000
vn 0.0000 0.0000 -1.0000
vn 0.0000 0.0000 -1.0000
vn 0.0000 0.0000 1.0000
vn 0.0000 0.0000 1.0000
vn 0.0000 0.0000 1.0000
vn 0.0000 0.0000 1.0000
vn 0.0000 0.0000 1.0000
vn 0.0000 0.0000 1.0000
vn 0.0000 0.0000 1.0000
vn 0.0000 0.0000 1.0000
vn 0.0000 0.0000 1.0000
vn 0.0000 0.0000 1.0000
vn 0.0000 0.0000 1.0000
vn 0.0000 0.0000 1.0000
vn 0.0000 0.0000 1.0000
vn 0.0000 0.0000 1.0000
vn 0.0000 0.0000 1.0000
vn 0.0000 0.0000 1.0000
vn 0.0000 0.0000 1.0000
vn 0.0000 0.0000 1.0000
vn 0.0000 0.0000 1.0000
vn 0.0000 0.0000 1.0000
vn 0.0000 0.0000 1.0000
vn 0.0000 0.0000 1.0000
vn 0.0000 0.0000 1.0000
vn 0.0000 0.0000 1.0000
vn 0.0000 0.0000 1.0000
vn 0.0000 0.0000 1.0000
vn 0.0000 0.0000 1.0000
vn 0.0000 0.0000 1.0000
vn 0.0000 0.0000 1.0000
vn 0.0000 0.0000 1.0000
vn 0.0000 0.0000 1.0000
vn 0.0000 0.0000 1.0000
vn 0.0000 0.0000 1.0000
vn 0.6156 0.0098 0.7880
vn 0.6019 0.1297 0.7880
vn 0.5650 0.2446 0.7880
vn 0.5064 0.3501 0.7880
vn 0.4284 0.4422 0.7880
vn 0.3339 0.5173 0.7880
vn 0.2266 0.5725 0.7880
vn 0.1105 0.6057 0.7880
vn -0.0098 0.6156 0.7880
vn -0.1297 0.6019 0.7880
vn -0.2446 0.5650 0.7880
vn -0.3501 0.5064 0.7880
vn -0.4422 0.4284 0.7880
vn -0.5173 0.3339 0.7880
vn -0.5725 0.2266 0.7880
vn -0.6057 0.1105 0.7880
vn -0.6156 -0.0098 0.7880
vn -0.6019 -0.1297 0.7880
vn -0.5650 -0.2446 0.7880
vn -0.5064 -0.3501 0.7880
vn -0.4284 -0.4422 0.7880
vn -0.3339 -0.5173 0.7880
vn -0.2266 -0.5725 0.7880
vn -0.1105 -0.6057 0.7880
vn 0.0098 -0.6156 0.7880
vn 0.1297 -0.6019 0.7880
vn 0.2446 -0.5650 0.7880
vn 0.3501 -0.5064 0.7880
vn 0.4422 -0.4284 0.7880
vn 0.5173 -0.3339 0.7880
vn 0.5725 -0.2266 0.7880
vn 0.6057 -0.1105 0.7880
vn 0.6153 -0.0343 0.7876
vn 0.6101 0.0864 0.7876
vn 0.5816 0.2038 0.7876
vn 0.5306 0.3134 0.7876
vn 0.4593 0.4109 0.7876
vn 0.3703 0.4926 0.7876
vn 0.2671 0.5553 0.7876
vn 0.1536 0.5968 0.7876
vn 0.0343 0.6153 0.7876
vn -0.0864 0.6101 0.7876
vn -0.2038 0.5816 0.7876
vn -0.3134 0.5306 0.7876
vn -0.4109 0.4593 0.7876
vn -0.4926 0.3703 0.7876
vn -0.5553 0.2671 0.7876
vn -0.5968 0.1536 0.7876
vn -0.6153 0.0343 0.7876
vn -0.6101 -0.0864 0.7876
vn -0.5816 -0.2038 0.7876
vn -0.5306 -0.3134 0.7876
vn -0.4593 -0.4109 0.7876
vn -0.3703 -0.4926 0.7876
vn -0.2671 -0.5553 0.7876
vn -0.1536 -0.5968 0.7876
vn -0.0343 -0.6153 0.7876
vn 0.0864 -0.6101 0.7876
vn 0.2038 -0.5816 0.7876
vn 0.3134 -0.5306 0.7876
vn 0.4109 -0.4593 0.7876
vn 0.4926 -0.3703 0.7876
vn 0.5553 -0.2671 0.7876
vn 0.5968 -0.1536 0.7876
vn 0.0000 0.0000 -1.0000
vn 0.0000 0.0000 -1.0000
vn 0.0000 0.0000 -1.0000
vn 0.0000 0.0000 -1.0000
vn 0.0000 0.0000 -1.0000
vn 0.0000 0.0000 -1.0000
vn 0.0000 0.0000 -1.0000
vn 0.0000 0.0000 -1.0000
vn 0.0000 0.0000 -1.0000
vn 0.0000 0.0000 -1.0000
vn 0.0000 0.0000 -1.0000
vn 0.0000 0.0000 -1.0000
vn 0.0000 0.0000 -1.0000
vn 0.0000 0.0000 -1.0000
vn 0.0000 0.0000 -1.0000
vn 0.0000 0.0000 -1.0000
vn 0.0000 0.0000 -1.0000
vn 0.0000 0.0000 -1.0000
vn 0.0000 0.0000 -1.0000
vn 0.0000 0.0000 -1.0000
vn 0.0000 0.0000 -1.0000
vn 0.0000 0.0000 -1.0000
vn 0.0000 0.0000 -1.0000
vn 0.0000 0.0000 -1.0000
vn 0.0000 0.0000 -1.0000
vn 0.0000 0.0000 -1.0000
vn 0.0000 0.0000 -1.0000
vn 0.0000 0.0000 -1.0000
vn 0.0000 0.0000 -1.0000
vn 0.0000 0.0000 -1.0000
vn 0.0000 0.0000 -1.0000
vn 0.0000 0.0000 -1.0000
vn 0.0000 0.0000 -1.0000
vn 0.0000 0.0000 1.0000
vn 0.0000 0.0000 1.0000
vn 0.0000 0.0000 1.0000
vn 0.0000 0.0000 1.0000
vn 0.0000 0.0000 1.0000
vn 0.0000 0.0000 1.0000
vn 0.0000 0.0000 1.0000
vn 0.0000 0.0000 1.0000
vn 0.0000 0.0000 1.0000
vn 0.0000 0.0000 1.0000
vn 0.0000 0.0000 1.0000
vn 0.0000 0.0000 1.0000
vn 0.0000 0.0000 1.0000
vn 0.0000 0.0000 1.0000
vn 0.0000 0.0000 1.0000
vn 0.0000 0.0000 1.0000
vn 0.0000 0.0000 1.0000
vn 0.0000 0.0000 1.0000
vn 0.0000 0.0000 1.0000
vn 0.0000 0.0000 1.0000
vn 0.0000 0.0000 1.0000
vn 0.0000 0.0000 1.0000
vn 0.0000 0.0000 1.0000
vn 0.0000 0.0000 1.0000
vn 0.0000 0.0000 1.0000
vn 0.0000 0.0000 1.0000
vn 0.0000 0.0000 1.0000
vn 0.0000 0.0000 1.0000
vn 0.0000 0.0000 1.0000
vn 0.0000 0.0000 1.0000
vn 0.0000 0.0000 1.0000
vn 0.0000 0.0000 1.0000
vn 0.0000 0.0000 1.0000
f 251//251 252//252 284//284
f 251//251 284//284 283//283
f 252//252 253//253 285//285
f 252//252 285//285 284//284
f 253//253 254//254 286//286
f 253//253 286//286 285//285
f 254//254 255//255 287//287
f 254//254 287//287 286//286
f 255//255 256//256 288//288
f 255//255 288//288 287//287
f 256//256 257//257 289//289
f 256//256 289//289 288//288
f 257//257 258//258 290//290
f 257//257 290//290 289//289
f 258//258 259//259 291//291
f 258//258 291//291 290//290
f 259//259 260//260 292//292
f 259//259 292//292 291//291
f 260//260 261//261 293//293
f 260//260 293//293 292//292
f 261//261 262//262 294//294
f 261//261 294//294 293//293
f 262//262 263//263 295//295
f 262//262 295//295 294//294
f 263//263 264//264 296//296
f 263//263 296//296 295//295
f 264//264 265//265 297//297
f 264//264 297//297 296//296
f 265//265 266//266 298//298
f 265//265 298//298 297//297
f 266//266 267//267 299//299
f 266//266 299//299 298//298
f 267//267 268//268 300//300
f 267//267 300//300 299//299
f 268//268 269//269 301//301
f 268//268 301//301 300//300
f 269//269 270//270 302//302
f 269//269 302//302 301//301
f 270//270 271//271 303//303
f 270//270 303//303 302//302
f 271//271 272//272 304//304
f 271//271 304//304 303//303
f 272//272 273//273 305//305
f 272//272 305//305 304//304
f 273//273 274//274 306//306
f 273//273 306//306 305//305
f 274//274 275//275 307//307
f 274//274 307//307 306//306
f 275//275 276//276 308//308
f 275//275 308//308 307//307
f 276//276 277//277 309//309
f 276//276 309//309 308//308
f 277//277 278//278 310//310
f 277//277 310//310 309//309
f 278//278 279//279 311//311
f 278//278 311//311 310//310
f 279//279 280//280 312//312
f 279//279 312//312 311//311
f 280//280 281//281 313//313
f 280//280 313//313 312//312
f 281//281 282//282 314//314
f 281//281 314//314 313//313
f 282//282 251//251 283//283
f 282//282 283//283 314//314
f 316//316 315//315 347//347
f 317//317 316//316 347//347
f 318//318 317//317 347//347
f 319//319 318//318 347//347
f 320//320 319//319 347//347
f 321//321 320//320 347//347
f 322//322 321//321 347//347
f 323//323 322//322 347//347
f 324//324 323//323 347//347
f 325//325 324//324 347//347
f 326//326 325//325 347//347
f 327//327 326//326 347//347
f 328//328 327//327 347//347
f 329//329 328//328 347//347
f 330//330 329//329 347//347
f 331//331 330//330 347//347
f 332//332 331//331 347//347
f 333//333 332//332 347//347
f 334//334 333//333 347//347
f 335//335 334//334 347//347
f 336//336 335//335 347//347
f 337//337 336//336 347//347
f 338//338 337//337 347//347
f 339//339 338//338 347//347
f 340//340 339//339 347//347
f 341//341 340//340 347//347
f 342//342 341//341 347//347
f 343//343 342//342 347//347
f 344//344 343//343 347//347
f 345//345 344//344 347//347
f 346//346 345//345 347//347
f 315//315 346//346 347//347
f 348//348 349//349 380//380
f 349//349 350//350 380//380
f 350//350 351//351 380//380
f 351//351 352//352 380//380
f 352//352 353//353 380//380
f 353//353 354//354 380//380
f 354//354 355//355 380//380
f 355//355 356//356 380//380
f 356//356 357//357 380//380
f 357//357 358//358 380//380
f 358//358 359//359 380//380
f 359//359 360//360 380//380
f 360//360 361//361 380//380
f 361//361 362//362 380//380
f 362//362 363//363 380//380
f 363//363 364//364 380//380
f 364//364 365//365 380//380
f 365//365 366//366 380//380
f 366//366 367//367 380//380
f 367//367 368//368 380//380
f 368//368 369//369 380//380
f 369//369 370//370 380//380
f 370//370 371//371 380//380
f 371//371 372//372 380//380
f 372//372 373//373 380//380
f 373//373 374//374 380//380
f 374//374 375//375 380//380
f 375//375 376//376 380//380
f 376//376 377//377 380//380
f 377//377 378//378 380//380
f 378//378 379//379 380//380
f 379//379 348//348 380//380
f 381//381 382//382 414//414
f 381//381 414//414 413//413
f 382//382 383//383 415//415
f 382//382 415//415 414//414
f 383//383 384//384 416//416
f 383//383 416//416 415//415
f 384//384 385//385 417//417
f 384//384 417//417 416//416
f 385//385 386//386 418//418
f 385//385 418//418 417//417
f 386//386 387//387 419//419
f 386//386 419//419 418//418
f 387//387 388//388 420//420
f 387//387 420//420 419//419
f 388//388 389//389 421//421
f 388//388 421//421 420//420
f 389//389 390//390 422//422
f 389//389 422//422 421//421
f 390//390 391//391 423//423
f 390//390 423//423 422//422
f 391//391 392//392 424//424
f 391//391 424//424 423//423
f 392//392 393//393 425//425
f 392//392 425//425 424//424
f 393//393 394//394 426//426
f 393//393 426//426 425//425
f 394//394 395//395 427//427
f 394//394 427//427 426//426
f 395//395 396//396 428//428
f 395//395 428//428 427//427
f 396//396 397//397 429//429
f 396//396 429//429 428//428
f 397//397 398//398 430//430
f 397//397 430//430 429//429
f 398//398 399//399 431//431
f 398//398 431//431 430//430
f 399//399 400//400 432//432
f 399//399 432//432 431//431
f 400//400 401//401 433//433
f 400//400 433//433 432//432
f 401//401 402//402 434//434
f 401//401 434//434 433//433
f 402//402 403//403 435//435
f 402//402 435//435 434//434
f 403//403 404//404 436//436
f 403//403 436//436 435//435
f 404//404 405//405 437//437
f 404//404 437//437 436//436
f 405//405 406//406 438//438
f 405//405 438//438 437//437
f 406//406 407//407 439//439
f 406//406 439//439 438//438
f 407//407 408//408 440//440
f 407//407 440//440 439//439
f 408//408 409//409 441//441
f 408//408 441//441 440//440
f 409//409 410//410 442//442
f 409//409 442//442 441//441
f 410//410 411//411 443//443
f 410//410 443//443 442//442
f 411//411 412//412 444//444
f 411//411 444//444 443//443
f 412//412 381//381 413//413
f 412//412 413//413 444//444
f 446//446 445//445 477//477
f 447//447 446//446 477//477
f 448//448 447//447 477//477
f 449//449 448//448 477//477
f 450//450 449//449 477//477
f 451//451 450//450 477//477
f 452//452 451//451 477//477
f 453//453 452//452 477//477
f 454//454 453//453 477//477
f 455//455 454//454 477//477
f 456//456 455//455 477//477
f 457//457 456//456 477//477
f 458//458 457//457 477//477
f 459//459 458//458 477//477
f 460//460 459//459 477//477
f 461//461 460//460 477//477
f 462//462 461//461 477//477
f 463//463 462//462 477//477
f 464//464 463//463 477//477
f 465//465 464//464 477//477
f 466//466 465//465 477//477
f 467//467 466//466 477//477
f 468//468 467//467 477//477
f 469//469 468//468 477//477
f 470//470 469//469 477//477
f 471//471 470//470 477//477
f 472//472 471//471 477//477
f 473//473 472//472 477//477
f 474//474 473//473 477//477
f 475//475 474//474 477//477
f 476//476 475//475 477//477
f 445//445 476//476 477//477
f 478//478 479//479 510//510
f 479//479 480//480 510//510
f 480//480 481//481 510//510
f 481//481 482//482 510//510
f 482//482 483//483 510//510
f 483//483 484//484 510//510
f 484//484 485//485 510//510
f 485//485 486//486 510//510
f 486//486 487//487 510//510
f 487//487 488//488 510//510
f 488//488 489//489 510//510
f 489//489 490//490 510//510
f 490//490 491//491 510//510
f 491//491 492//492 510//510
f 492//492 493//493 510//510
f 493//493 494//494 510//510
f 494//494 495//495 510//510
f 495//495 496//496 510//510
f 496//496 497//497 510//510
f 497//497 498//498 510//510
f 498//498 499//499 510//510
f 499//499 500//500 510//510
f 500//500 501//501 510//510
f 501//501 502//502 510//510
f 502//502 503//503 510//510
f 503//503 504//504 510//510
f 504//504 505//505 510//510
f 505//505 506//506 510//510
f 506//506 507//507 510//510
f 507//507 508//508 510//510
f 508//508 509//509 510//510
f 509//509 478//478 510//510
f 511//511 512//512 544//544
f 511//511 544//544 543//543
f 512//512 513//513 545//545
f 512//512 545//545 544//544
f 513//513 514//514 546//546
f 513//513 546//546 545//545
f 514//514 515//515 547//547
f 514//514 547//547 546//546
f 515//515 516//516 548//548
f 515//515 548//548 547//547
f 516//516 517//517 549//549
f 516//516 549//549 548//548
f 517//517 518//518 550//550
f 517//517 550//550 549//549
f 518//518 519//519 551//551
f 518//518 551//551 550//550
f 519//519 520//520 552//552
f 519//519 552//552 551//551
f 520//520 521//521 553//553
f 520//520 553//553 552//552
f 521//521 522//522 554//554
f 521//521 554//554 553//553
f 522//522 523//523 555//555
f 522//522 555//555 554//554
f 523//523 524//524 556//556
f 523//523 556//556 555//555
f 524//524 525//525 557//557
f 524//524 557//557 556//556
f 525//525 526//526 558//558
f 525//525 558//558 557//557
f 526//526 527//527 559//559
f 526//526 559//559 558//558
f 527//527 528//528 560//560
f 527//527 560//560 559//559
f 528//528 529//529 561//561
f 528//528 561//561 560//560
f 529//529 530//530 562//562
f 529//529 562//562 561//561
f 530//530 531//531 563//563
f 530//530 563//563 562//562
f 531//531 532//532 564//564
f 531//531 564//564 563//563
f 532//532 533//533 565//565
f 532//532 565//565 564//564
f 533//533 534//534 566//566
f 533//533 566//566 565//565
f 534//534 535//535 567//567
f 534//534 567//567 566//566
f 535//535 536//536 568//568
f 535//535 568//568 567//567
f 536//536 537//537 569//569
f 536//536 569//569 568//568
f 537//537 538//538 570//570
f 537//537 570//570 569//569
f 538//538 539//539 571//571
f 538//538 571//571 570//570
f 539//539 540//540 572//572
f 539//539 572//572 571//571
f 540//540 541//541 573//573
f 540//540 573//573 572//572
f 541//541 542//542 574//574
f 541//541 574//574 573//573
f 542//542 511//511 543//543
f 542//542 543//543 574//574
f 576//576 575//575 607//607
f 577//577 576//576 607//607
f 578//578 577//577 607//607
f 579//579 578//578 607//607
f 580//580 579//579 607//607
f 581//581 580//580 607//607
f 582//582 581//581 607//607
f 583//583 582//582 607//607
f 584//584 583//583 607//607
f 585//585 584//584 607//607
f 586//586 585//585 607//607
f 587//587 586//586 607//607
f 588//588 587//587 607//607
f 589//589 588//588 607//607
f 590//590 589//589 607//607
f 591//591 590//590 607//607
f 592//592 591//591 607//607
f 593//593 592//592 607//607
f 594//594 593//593 607//607
f 595//595 594//594 607//607
f 596//596 595//595 607//607
f 597//597 596//596 607//607
f 598//598 597//597 607//607
f 599//599 598//598 607//607
f 600//600 599//599 607//607
f 601//601 600//600 607//607
f 602//602 601//601 607//607
f 603//603 602//602 607//607
f 604//604 603//603 607//607
f 605//605 604//604 607//607
f 606//606 605//605 607//607
f 575//575 606//606 607//607
f 608//608 609//609 640//640
f 609//609 610//610 640//640
f 610//610 611//611 640//640
f 611//611 612//612 640//640
f 612//612 613//613 640//640
f 613//613 614//614 640//640
f 614//614 615//615 640//640
f 615//615 616//616 640//640
f 616//616 617//617 640//640
f 617//617 618//618 640//640
f 618//618 619//619 640//640
f 619//619 620//620 640//640
f 620//620 621//621 640//640
f 621//621 622//622 640//640
f 622//622 623//623 640//640
f 623//623 624//624 640//640
f 624//624 625//625 640//640
f 625//625 626//626 640//640
f 626//626 627//627 640//640
f 627//627 628//628 640//640
f 628//628 629//629 640//640
f 629//629 630//630 640//640
f 630//630 631//631 640//640
f 631//631 632//632 640//640
f 632//632 633//633 640//640
f 633//633 634//634 640//640
f 634//634 635//635 640//640
f 635//635 636//636 640//640
f 636//636 637//637 640//640
f 637//637 638//638 640//640
f 638//638 639//639 640//640
f 639//639 608//608 640//640
f 641//641 642//642 674//674
f 641//641 674//674 673//673
f 642//642 643//643 675//675
f 642//642 675//675 674//674
f 643//643 644//644 676//676
f 643//643 676//676 675//675
f 644//644 645//645 677//677
f 644//644 677//677 676//676
f 645//645 646//646 678//678
f 645//645 678//678 677//677
f 646//646 647//647 679//679
f 646//646 679//679 678//678
f 647//647 648//648 680//680
f 647//647 680//680 679//679
f 648//648 649//649 681//681
f 648//648 681//681 680//680
f 649//649 650//650 682//682
f 649//649 682//682 681//681
f 650//650 651//651 683//683
f 650//650 683//683 682//682
f 651//651 652//652 684//684
f 651//651 684//684 683//683
f 652//652 653//653 685//685
f 652//652 685//685 684//684
f 653//653 654//654 686//686
f 653//653 686//686 685//685
f 654//654 655//655 687//687
f 654//654 687//687 686//686
f 655//655 656//656 688//688
f 655//655 688//688 687//687
f 656//656 657//657 689//689
f 656//656 689//689 688//688
f 657//657 658//658 690//690
f 657//657 690//690 689//689
f 658//658 659//659 691//691
f 658//658 691//691 690//690
f 659//659 660//660 692//692
f 659//659 692//692 691//691
f 660//660 661//661 693//693
f 660//660 693//693 692//692
f 661//661 662//662 694//694
f 661//661 694//694 693//693
f 662//662 663//663 695//695
f 662//662 695//695 694//694
f 663//663 664//664 696//696
f 663//663 696//696 695//695
f 664//664 665//665 697//697
f 664//664 697//697 696//696
f 665//665 666//666 698//698
f 665//665 698//698 697//697
f 666//666 667//667 699//699
f 666//666 699//699 698//698
f 667//667 668//668 700//700
f 667//667 700//700 699//699
f 668//668 669//669 701//701
f 668//668 701//701 700//700
f 669//669 670//670 702//702
f 669//669 702//702 701//701
f 670//670 671//671 703//703
f 670//670 703//703 702//702
f 671//671 672//672 704//704
f 671//671 704//704 703//703
f 672//672 641//641 673//673
f 672//672 673//673 704//704
f 706//706 705//705 737//737
f 707//707 706//706 737//737
f 708//708 707//707 737//737
f 709//709 708//708 737//737
f 710//710 709//709 737//737
f 711//711 710//710 737//737
f 712//712 711//711 737//737
f 713//713 712//712 737//737
f 714//714 713//713 737//737
f 715//715 714//714 737//737
f 716//716 715//715 737//737
f 717//717 716//716 737//737
f 718//718 717//717 737//737
f 719//719 718//718 737//737
f 720//720 719//719 737//737
f 721//721 720//720 737//737
f 722//722 721//721 737//737
f 723//723 722//722 737//737
f 724//724 723//723 737//737
f 725//725 724//724 737//737
f 726//726 725//725 737//737
f 727//727 726//726 737//737
f 728//728 727//727 737//737
f 729//729 728//728 737//737
f 730//730 729//729 737//737
f 731//731 730//730 737//737
f 732//732 731//731 737//737
f 733//733 732//732 737//737
f 734//734 733//733 737//737
f 735//735 734//734 737//737
f 736//736 735//735 737//737
f 705//705 736//736 737//737
f 738//738 739//739 770//770
f 739//739 740//740 770//770
f 740//740 741//741 770//770
f 741//741 742//742 770//770
f 742//742 743//743 770//770
f 743//743 744//744 770//770
f 744//744 745//745 770//770
f 745//745 746//746 770//770
f 746//746 747//747 770//770
f 747//747 748//748 770//770
f 748//748 749//749 770//770
f 749//749 750//750 770//770
f 750//750 751//751 770//770
f 751//751 752//752 770//770
f 752//752 753//753 770//770
f 753//753 754//754 770//770
f 754//754 755//755 770//770
f 755//755 756//756 770//770
f 756//756 757//757 770//770
f 757//757 758//758 770//770
f 758//758 759//759 770//770
f 759//759 760//760 770//770
f 760//760 761//761 770//770
f 761//761 762//762 770//770
f 762//762 763//763 770//770
f 763//763 764//764 770//770
f 764//764 765//765 770//770
f 765//765 766//766 770//770
f 766//766 767//767 770//770
f 767//767 768//768 770//770
f 768//768 769//769 770//770
f 769//769 738//738 770//770
f 771//771 772//772 804//804
f 771//771 804//804 803//803
f 772//772 773//773 805//805
f 772//772 805//805 804//804
f 773//773 774//774 806//806
f 773//773 806//806 805//805
f 774//774 775//775 807//807
f 774//774 807//807 806//806
f 775//775 776//776 808//808
f 775//775 808//808 807//807
f 776//776 777//777 809//809
f 776//776 809//809 808//808
f 777//777 778//778 810//810
f 777//777 810//810 809//809
f 778//778 779//779 811//811
f 778//778 811//811 810//810
f 779//779 780//780 812//812
f 779//779 812//812 811//811
f 780//780 781//781 813//813
f 780//780 813//813 812//812
f 781//781 782//782 814//814
f 781//781 814//814 813//813
f 782//782 783//783 815//815
f 782//782 815//815 814//814
f 783//783 784//784 816//816
f 783//783 816//816 815//815
f 784//784 785//785 817//817
f 784//784 817//817 816//816
f 785//785 786//786 818//818
f 785//785 818//818 817//817
f 786//786 787//787 819//819
f 786//786 819//819 818//818
f 787//787 788//788 820//820
f 787//787 820//820 819//819
f 788//788 789//789 821//821
f 788//788 821//821 820//820
f 789//789 790//790 822//822
f 789//789 822//822 821//821
f 790//790 791//791 823//823
f 790//790 823//823 822//822
f 791//791 792//792 824//824
f 791//791 824//824 823//823
f 792//792 793//793 825//825
f 792//792 825//825 824//824
f 793//793 794//794 826//826
f 793//793 826//826 825//825
f 794//794 795//795 827//827
f 794//794 827//827 826//826
f 795//795 796//796 828//828
f 795//795 828//828 827//827
f 796//796 797//797 829//829
f 796//796 829//829 828//828
f 797//797 798//798 830//830
f 797//797 830//830 829//829
f 798//798 799//799 831//831
f 798//798 831//831 830//830
f 799//799 800//800 832//832
f 799//799 832//832 831//831
f 800//800 801//801 833//833
f 800//800 833//833 832//832
f 801//801 802//802 834//834
f 801//801 834//834 833//833
f 802//802 771//771 803//803
f 802//802 803//803 834//834
f 836//836 835//835 867//867
f 837//837 836//836 867//867
f 838//838 837//837 867//867
f 839//839 838//838 867//867
f 840//840 839//839 867//867
f 841//841 840//840 867//867
f 842//842 841//841 867//867
f 843//843 842//842 867//867
f 844//844 843//843 867//867
f 845//845 844//844 867//867
f 846//846 845//845 867//867
f 847//847 846//846 867//867
f 848//848 847//847 867//867
f 849//849 848//848 867//867
f 850//850 849//849 867//867
f 851//851 850//850 867//867
f 852//852 851//851 867//867
f 853//853 852//852 867//867
f 854//854 853//853 867//867
f 855//855 854//854 867//867
f 856//856 855//855 867//867
f 857//857 856//856 867//867
f 858//858 857//857 867//867
f 859//859 858//858 867//867
f 860//860 859//859 867//867
f 861//861 860//860 867//867
f 862//862 861//861 867//867
f 863//863 862//862 867//867
f 864//864 863//863 867//867
f 865//865 864//864 867//867
f 866//866 865//865 867//867
f 835//835 866//866 867//867
f 868//868 869//869 900//900
f 869//869 870//870 900//900
f 870//870 871//871 900//900
f 871//871 872//872 900//900
f 872//872 873//873 900//900
f 873//873 874//874 900//900
f 874//874 875//875 900//900
f 875//875 876//876 900//900
f 876//876 877//877 900//900
f 877//877 878//878 900//900
f 878//878 879//879 900//900
f 879//879 880//880 900//900
f 880//880 881//881 900//900
f 881//881 882//882 900//900
f 882//882 883//883 900//900
f 883//883 884//884 900//900
f 884//884 885//885 900//900
f 885//885 886//886 900//900
f 886//886 887//887 900//900
f 887//887 888//888 900//900
f 888//888 889//889 900//900
f 889//889 890//890 900//900
f 890//890 891//891 900//900
f 891//891 892//892 900//900
f 892//892 893//893 900//900
f 893//893 894//894 900//900
f 894//894 895//895 900//900
f 895//895 896//896 900//900
f 896//896 897//897 900//900
f 897//897 898//898 900//900
f 898//898 899//899 900//900
f 899//899 868//868 900//900
f 901//901 902//902 934//934
f 901//901 934//934 933//933
f 902//902 903//903 935//935
f 902//902 935//935 934//934
f 903//903 904//904 936//936
f 903//903 936//936 935//935
f 904//904 905//905 937//937
f 904//904 937//937 936//936
f 905//905 906//906 938//938
f 905//905 938//938 937//937
f 906//906 907//907 939//939
f 906//906 939//939 938//938
f 907//907 908//908 940//940
f 907//907 940//940 939//939
f 908//908 909//909 941//941
f 908//908 941//941 940//940
f 909//909 910//910 942//942
f 909//909 942//942 941//941
f 910//910 911//911 943//943
f 910//910 943//943 942//942
f 911//911 912//912 944//944
f 911//911 944//944 943//943
f 912//912 913//913 945//945
f 912//912 945//945 944//944
f 913//913 914//914 946//946
f 913//913 946//946 945//945
f 914//914 915//915 947//947
f 914//914 947//947 946//946
f 915//915 916//916 948//948
f 915//915 948//948 947//947
f 916//916 917//917 949//949
f 916//916 949//949 948//948
f 917//917 918//918 950//950
f 917//917 950//950 949//949
f 918//918 919//919 951//951
f 918//918 951//951 950//950
f 919//919 920//920 952//952
f 919//919 952//952 951//951
f 920//920 921//921 953//953
f 920//920 953//953 952//952
f 921//921 922//922 954//954
f 921//921 954//954 953//953
f 922//922 923//923 955//955
f 922//922 955//955 954//954
f 923//923 924//924 956//956
f 923//923 956//956 955//955
f 924//924 925//925 957//957
f 924//924 957//957 956//956
f 925//925 926//926 958//958
f 925//925 958//958 957//957
f 926//926 927//927 959//959
f 926//926 959//959 958//958
f 927//927 928//928 960//960
f 927//927 960//960 959//959
f 928//928 929//929 961//961
f 928//928 961//961 960//960
f 929//929 930//930 962//962
f 929//929 962//962 961//961
f 930//930 931//931 963//963
f 930//930 963//963 962//962
f 931//931 932//932 964//964
f 931//931 964//964 963//963
f 932//932 901//901 933//933
f 932//932 933//933 964//964
f 966//966 965//965 997//997
f 967//967 966//966 997//997
f 968//968 967//967 997//997
f 969//969 968//968 997//997
f 970//970 969//969 997//997
f 971//971 970//970 997//997
f 972//972 971//971 997//997
f 973//973 972//972 997//997
f 974//974 973//973 997//997
f 975//975 974//974 997//997
f 976//976 975//975 997//997
f 977//977 976//976 997//997
f 978//978 977//977 997//997
f 979//979 978//978 997//997
f 980//980 979//979 997//997
f 981//981 980//980 997//997
f 982//982 981//981 997//997
f 983//983 982//982 997//997
f 984//984 983//983 997//997
f 985//985 984//984 997//997
f 986//986 985//985 997//997
f 987//987 986//986 997//997
f 988//988 987//987 997//997
f 989//989 988//988 997//997
f 990//990 989//989 997//997
f 991//991 990//990 997//997
f 992//992 991//991 997//997
f 993//993 992//992 997//997
f 994//994 993//993 997//997
f 995//995 994//994 997//997
f 996//996 995//995 997//997
f 965//965 996//996 997//997
f 998//998 999//999 1030//1030
f 999//999 1000//1000 1030//1030
f 1000//1000 1001//1001 1030//1030
f 1001//1001 1002//1002 1030//1030
f 1002//1002 1003//1003 1030//1030
f 1003//1003 1004//1004 1030//1030
f 1004//1004 1005//1005 1030//1030
f 1005//1005 1006//1006 1030//1030
f 1006//1006 1007//1007 1030//1030
f 1007//1007 1008//1008 1030//1030
f 1008//1008 1009//1009 1030//1030
f 1009//1009 1010//1010 1030//1030
f 1010//1010 1011//1011 1030//1030
f 1011//1011 1012//1012 1030//1030
f 1012//1012 1013//1013 1030//1030
f 1013//1013 1014//1014 1030//1030
f 1014//1014 1015//1015 1030//1030
f 1015//1015 1016//1016 1030//1030
f 1016//1016 1017//1017 1030//1030
f 1017//1017 1018//1018 1030//1030
f 1018//1018 1019//1019 1030//1030
f 1019//1019 1020//1020 1030//1030
f 1020//1020 1021//1021 1030//1030
f 1021//1021 1022//1022 1030//1030
f 1022//1022 1023//1023 1030//1030
f 1023//1023 1024//1024 1030//1030
f 1024//1024 1025//1025 1030//1030
f 1025//1025 1026//1026 1030//1030
f 1026//1026 1027//1027 1030//1030
f 1027//1027 1028//1028 1030//1030
f 1028//1028 1029//1029 1030//1030
f 1029//1029 998//998 1030//1030

o IM_BF_Tower
g 01_BlastFurnace
usemtl Steel_Dark
s 1
v -16.6000 -6.6000 1.0000
v -16.6000 -6.6000 57.0000
v -16.6000 -5.4000 57.0000
v -16.6000 -5.4000 1.0000
v -15.4000 -6.6000 1.0000
v -15.4000 -5.4000 1.0000
v -15.4000 -5.4000 57.0000
v -15.4000 -6.6000 57.0000
v -16.6000 -6.6000 1.0000
v -15.4000 -6.6000 1.0000
v -15.4000 -6.6000 57.0000
v -16.6000 -6.6000 57.0000
v -16.6000 -5.4000 1.0000
v -16.6000 -5.4000 57.0000
v -15.4000 -5.4000 57.0000
v -15.4000 -5.4000 1.0000
v -16.6000 -6.6000 1.0000
v -16.6000 -5.4000 1.0000
v -15.4000 -5.4000 1.0000
v -15.4000 -6.6000 1.0000
v -16.6000 -6.6000 57.0000
v -15.4000 -6.6000 57.0000
v -15.4000 -5.4000 57.0000
v -16.6000 -5.4000 57.0000
v 5.4000 -6.6000 1.0000
v 5.4000 -6.6000 57.0000
v 5.4000 -5.4000 57.0000
v 5.4000 -5.4000 1.0000
v 6.6000 -6.6000 1.0000
v 6.6000 -5.4000 1.0000
v 6.6000 -5.4000 57.0000
v 6.6000 -6.6000 57.0000
v 5.4000 -6.6000 1.0000
v 6.6000 -6.6000 1.0000
v 6.6000 -6.6000 57.0000
v 5.4000 -6.6000 57.0000
v 5.4000 -5.4000 1.0000
v 5.4000 -5.4000 57.0000
v 6.6000 -5.4000 57.0000
v 6.6000 -5.4000 1.0000
v 5.4000 -6.6000 1.0000
v 5.4000 -5.4000 1.0000
v 6.6000 -5.4000 1.0000
v 6.6000 -6.6000 1.0000
v 5.4000 -6.6000 57.0000
v 6.6000 -6.6000 57.0000
v 6.6000 -5.4000 57.0000
v 5.4000 -5.4000 57.0000
v 5.4000 15.4000 1.0000
v 5.4000 15.4000 57.0000
v 5.4000 16.6000 57.0000
v 5.4000 16.6000 1.0000
v 6.6000 15.4000 1.0000
v 6.6000 16.6000 1.0000
v 6.6000 16.6000 57.0000
v 6.6000 15.4000 57.0000
v 5.4000 15.4000 1.0000
v 6.6000 15.4000 1.0000
v 6.6000 15.4000 57.0000
v 5.4000 15.4000 57.0000
v 5.4000 16.6000 1.0000
v 5.4000 16.6000 57.0000
v 6.6000 16.6000 57.0000
v 6.6000 16.6000 1.0000
v 5.4000 15.4000 1.0000
v 5.4000 16.6000 1.0000
v 6.6000 16.6000 1.0000
v 6.6000 15.4000 1.0000
v 5.4000 15.4000 57.0000
v 6.6000 15.4000 57.0000
v 6.6000 16.6000 57.0000
v 5.4000 16.6000 57.0000
v -16.6000 15.4000 1.0000
v -16.6000 15.4000 57.0000
v -16.6000 16.6000 57.0000
v -16.6000 16.6000 1.0000
v -15.4000 15.4000 1.0000
v -15.4000 16.6000 1.0000
v -15.4000 16.6000 57.0000
v -15.4000 15.4000 57.0000
v -16.6000 15.4000 1.0000
v -15.4000 15.4000 1.0000
v -15.4000 15.4000 57.0000
v -16.6000 15.4000 57.0000
v -16.6000 16.6000 1.0000
v -16.6000 16.6000 57.0000
v -15.4000 16.6000 57.0000
v -15.4000 16.6000 1.0000
v -16.6000 15.4000 1.0000
v -16.6000 16.6000 1.0000
v -15.4000 16.6000 1.0000
v -15.4000 15.4000 1.0000
v -16.6000 15.4000 57.0000
v -15.4000 15.4000 57.0000
v -15.4000 16.6000 57.0000
v -16.6000 16.6000 57.0000
v -17.0000 -6.5000 20.0000
v -17.0000 -6.5000 21.0000
v -17.0000 -5.5000 21.0000
v -17.0000 -5.5000 20.0000
v 7.0000 -6.5000 20.0000
v 7.0000 -5.5000 20.0000
v 7.0000 -5.5000 21.0000
v 7.0000 -6.5000 21.0000
v -17.0000 -6.5000 20.0000
v 7.0000 -6.5000 20.0000
v 7.0000 -6.5000 21.0000
v -17.0000 -6.5000 21.0000
v -17.0000 -5.5000 20.0000
v -17.0000 -5.5000 21.0000
v 7.0000 -5.5000 21.0000
v 7.0000 -5.5000 20.0000
v -17.0000 -6.5000 20.0000
v -17.0000 -5.5000 20.0000
v 7.0000 -5.5000 20.0000
v 7.0000 -6.5000 20.0000
v -17.0000 -6.5000 21.0000
v 7.0000 -6.5000 21.0000
v 7.0000 -5.5000 21.0000
v -17.0000 -5.5000 21.0000
v -17.0000 15.5000 20.0000
v -17.0000 15.5000 21.0000
v -17.0000 16.5000 21.0000
v -17.0000 16.5000 20.0000
v 7.0000 15.5000 20.0000
v 7.0000 16.5000 20.0000
v 7.0000 16.5000 21.0000
v 7.0000 15.5000 21.0000
v -17.0000 15.5000 20.0000
v 7.0000 15.5000 20.0000
v 7.0000 15.5000 21.0000
v -17.0000 15.5000 21.0000
v -17.0000 16.5000 20.0000
v -17.0000 16.5000 21.0000
v 7.0000 16.5000 21.0000
v 7.0000 16.5000 20.0000
v -17.0000 15.5000 20.0000
v -17.0000 16.5000 20.0000
v 7.0000 16.5000 20.0000
v 7.0000 15.5000 20.0000
v -17.0000 15.5000 21.0000
v 7.0000 15.5000 21.0000
v 7.0000 16.5000 21.0000
v -17.0000 16.5000 21.0000
v -16.5000 -7.0000 20.0000
v -16.5000 -7.0000 21.0000
v -16.5000 17.0000 21.0000
v -16.5000 17.0000 20.0000
v -15.5000 -7.0000 20.0000
v -15.5000 17.0000 20.0000
v -15.5000 17.0000 21.0000
v -15.5000 -7.0000 21.0000
v -16.5000 -7.0000 20.0000
v -15.5000 -7.0000 20.0000
v -15.5000 -7.0000 21.0000
v -16.5000 -7.0000 21.0000
v -16.5000 17.0000 20.0000
v -16.5000 17.0000 21.0000
v -15.5000 17.0000 21.0000
v -15.5000 17.0000 20.0000
v -16.5000 -7.0000 20.0000
v -16.5000 17.0000 20.0000
v -15.5000 17.0000 20.0000
v -15.5000 -7.0000 20.0000
v -16.5000 -7.0000 21.0000
v -15.5000 -7.0000 21.0000
v -15.5000 17.0000 21.0000
v -16.5000 17.0000 21.0000
v 5.5000 -7.0000 20.0000
v 5.5000 -7.0000 21.0000
v 5.5000 17.0000 21.0000
v 5.5000 17.0000 20.0000
v 6.5000 -7.0000 20.0000
v 6.5000 17.0000 20.0000
v 6.5000 17.0000 21.0000
v 6.5000 -7.0000 21.0000
v 5.5000 -7.0000 20.0000
v 6.5000 -7.0000 20.0000
v 6.5000 -7.0000 21.0000
v 5.5000 -7.0000 21.0000
v 5.5000 17.0000 20.0000
v 5.5000 17.0000 21.0000
v 6.5000 17.0000 21.0000
v 6.5000 17.0000 20.0000
v 5.5000 -7.0000 20.0000
v 5.5000 17.0000 20.0000
v 6.5000 17.0000 20.0000
v 6.5000 -7.0000 20.0000
v 5.5000 -7.0000 21.0000
v 6.5000 -7.0000 21.0000
v 6.5000 17.0000 21.0000
v 5.5000 17.0000 21.0000
v -17.0000 -6.5000 32.0000
v -17.0000 -6.5000 33.0000
v -17.0000 -5.5000 33.0000
v -17.0000 -5.5000 32.0000
v 7.0000 -6.5000 32.0000
v 7.0000 -5.5000 32.0000
v 7.0000 -5.5000 33.0000
v 7.0000 -6.5000 33.0000
v -17.0000 -6.5000 32.0000
v 7.0000 -6.5000 32.0000
v 7.0000 -6.5000 33.0000
v -17.0000 -6.5000 33.0000
v -17.0000 -5.5000 32.0000
v -17.0000 -5.5000 33.0000
v 7.0000 -5.5000 33.0000
v 7.0000 -5.5000 32.0000
v -17.0000 -6.5000 32.0000
v -17.0000 -5.5000 32.0000
v 7.0000 -5.5000 32.0000
v 7.0000 -6.5000 32.0000
v -17.0000 -6.5000 33.0000
v 7.0000 -6.5000 33.0000
v 7.0000 -5.5000 33.0000
v -17.0000 -5.5000 33.0000
v -17.0000 15.5000 32.0000
v -17.0000 15.5000 33.0000
v -17.0000 16.5000 33.0000
v -17.0000 16.5000 32.0000
v 7.0000 15.5000 32.0000
v 7.0000 16.5000 32.0000
v 7.0000 16.5000 33.0000
v 7.0000 15.5000 33.0000
v -17.0000 15.5000 32.0000
v 7.0000 15.5000 32.0000
v 7.0000 15.5000 33.0000
v -17.0000 15.5000 33.0000
v -17.0000 16.5000 32.0000
v -17.0000 16.5000 33.0000
v 7.0000 16.5000 33.0000
v 7.0000 16.5000 32.0000
v -17.0000 15.5000 32.0000
v -17.0000 16.5000 32.0000
v 7.0000 16.5000 32.0000
v 7.0000 15.5000 32.0000
v -17.0000 15.5000 33.0000
v 7.0000 15.5000 33.0000
v 7.0000 16.5000 33.0000
v -17.0000 16.5000 33.0000
v -16.5000 -7.0000 32.0000
v -16.5000 -7.0000 33.0000
v -16.5000 17.0000 33.0000
v -16.5000 17.0000 32.0000
v -15.5000 -7.0000 32.0000
v -15.5000 17.0000 32.0000
v -15.5000 17.0000 33.0000
v -15.5000 -7.0000 33.0000
v -16.5000 -7.0000 32.0000
v -15.5000 -7.0000 32.0000
v -15.5000 -7.0000 33.0000
v -16.5000 -7.0000 33.0000
v -16.5000 17.0000 32.0000
v -16.5000 17.0000 33.0000
v -15.5000 17.0000 33.0000
v -15.5000 17.0000 32.0000
v -16.5000 -7.0000 32.0000
v -16.5000 17.0000 32.0000
v -15.5000 17.0000 32.0000
v -15.5000 -7.0000 32.0000
v -16.5000 -7.0000 33.0000
v -15.5000 -7.0000 33.0000
v -15.5000 17.0000 33.0000
v -16.5000 17.0000 33.0000
v 5.5000 -7.0000 32.0000
v 5.5000 -7.0000 33.0000
v 5.5000 17.0000 33.0000
v 5.5000 17.0000 32.0000
v 6.5000 -7.0000 32.0000
v 6.5000 17.0000 32.0000
v 6.5000 17.0000 33.0000
v 6.5000 -7.0000 33.0000
v 5.5000 -7.0000 32.0000
v 6.5000 -7.0000 32.0000
v 6.5000 -7.0000 33.0000
v 5.5000 -7.0000 33.0000
v 5.5000 17.0000 32.0000
v 5.5000 17.0000 33.0000
v 6.5000 17.0000 33.0000
v 6.5000 17.0000 32.0000
v 5.5000 -7.0000 32.0000
v 5.5000 17.0000 32.0000
v 6.5000 17.0000 32.0000
v 6.5000 -7.0000 32.0000
v 5.5000 -7.0000 33.0000
v 6.5000 -7.0000 33.0000
v 6.5000 17.0000 33.0000
v 5.5000 17.0000 33.0000
v -17.0000 -6.5000 44.0000
v -17.0000 -6.5000 45.0000
v -17.0000 -5.5000 45.0000
v -17.0000 -5.5000 44.0000
v 7.0000 -6.5000 44.0000
v 7.0000 -5.5000 44.0000
v 7.0000 -5.5000 45.0000
v 7.0000 -6.5000 45.0000
v -17.0000 -6.5000 44.0000
v 7.0000 -6.5000 44.0000
v 7.0000 -6.5000 45.0000
v -17.0000 -6.5000 45.0000
v -17.0000 -5.5000 44.0000
v -17.0000 -5.5000 45.0000
v 7.0000 -5.5000 45.0000
v 7.0000 -5.5000 44.0000
v -17.0000 -6.5000 44.0000
v -17.0000 -5.5000 44.0000
v 7.0000 -5.5000 44.0000
v 7.0000 -6.5000 44.0000
v -17.0000 -6.5000 45.0000
v 7.0000 -6.5000 45.0000
v 7.0000 -5.5000 45.0000
v -17.0000 -5.5000 45.0000
v -17.0000 15.5000 44.0000
v -17.0000 15.5000 45.0000
v -17.0000 16.5000 45.0000
v -17.0000 16.5000 44.0000
v 7.0000 15.5000 44.0000
v 7.0000 16.5000 44.0000
v 7.0000 16.5000 45.0000
v 7.0000 15.5000 45.0000
v -17.0000 15.5000 44.0000
v 7.0000 15.5000 44.0000
v 7.0000 15.5000 45.0000
v -17.0000 15.5000 45.0000
v -17.0000 16.5000 44.0000
v -17.0000 16.5000 45.0000
v 7.0000 16.5000 45.0000
v 7.0000 16.5000 44.0000
v -17.0000 15.5000 44.0000
v -17.0000 16.5000 44.0000
v 7.0000 16.5000 44.0000
v 7.0000 15.5000 44.0000
v -17.0000 15.5000 45.0000
v 7.0000 15.5000 45.0000
v 7.0000 16.5000 45.0000
v -17.0000 16.5000 45.0000
v -16.5000 -7.0000 44.0000
v -16.5000 -7.0000 45.0000
v -16.5000 17.0000 45.0000
v -16.5000 17.0000 44.0000
v -15.5000 -7.0000 44.0000
v -15.5000 17.0000 44.0000
v -15.5000 17.0000 45.0000
v -15.5000 -7.0000 45.0000
v -16.5000 -7.0000 44.0000
v -15.5000 -7.0000 44.0000
v -15.5000 -7.0000 45.0000
v -16.5000 -7.0000 45.0000
v -16.5000 17.0000 44.0000
v -16.5000 17.0000 45.0000
v -15.5000 17.0000 45.0000
v -15.5000 17.0000 44.0000
v -16.5000 -7.0000 44.0000
v -16.5000 17.0000 44.0000
v -15.5000 17.0000 44.0000
v -15.5000 -7.0000 44.0000
v -16.5000 -7.0000 45.0000
v -15.5000 -7.0000 45.0000
v -15.5000 17.0000 45.0000
v -16.5000 17.0000 45.0000
v 5.5000 -7.0000 44.0000
v 5.5000 -7.0000 45.0000
v 5.5000 17.0000 45.0000
v 5.5000 17.0000 44.0000
v 6.5000 -7.0000 44.0000
v 6.5000 17.0000 44.0000
v 6.5000 17.0000 45.0000
v 6.5000 -7.0000 45.0000
v 5.5000 -7.0000 44.0000
v 6.5000 -7.0000 44.0000
v 6.5000 -7.0000 45.0000
v 5.5000 -7.0000 45.0000
v 5.5000 17.0000 44.0000
v 5.5000 17.0000 45.0000
v 6.5000 17.0000 45.0000
v 6.5000 17.0000 44.0000
v 5.5000 -7.0000 44.0000
v 5.5000 17.0000 44.0000
v 6.5000 17.0000 44.0000
v 6.5000 -7.0000 44.0000
v 5.5000 -7.0000 45.0000
v 6.5000 -7.0000 45.0000
v 6.5000 17.0000 45.0000
v 5.5000 17.0000 45.0000
v -17.0000 -6.5000 56.0000
v -17.0000 -6.5000 57.0000
v -17.0000 -5.5000 57.0000
v -17.0000 -5.5000 56.0000
v 7.0000 -6.5000 56.0000
v 7.0000 -5.5000 56.0000
v 7.0000 -5.5000 57.0000
v 7.0000 -6.5000 57.0000
v -17.0000 -6.5000 56.0000
v 7.0000 -6.5000 56.0000
v 7.0000 -6.5000 57.0000
v -17.0000 -6.5000 57.0000
v -17.0000 -5.5000 56.0000
v -17.0000 -5.5000 57.0000
v 7.0000 -5.5000 57.0000
v 7.0000 -5.5000 56.0000
v -17.0000 -6.5000 56.0000
v -17.0000 -5.5000 56.0000
v 7.0000 -5.5000 56.0000
v 7.0000 -6.5000 56.0000
v -17.0000 -6.5000 57.0000
v 7.0000 -6.5000 57.0000
v 7.0000 -5.5000 57.0000
v -17.0000 -5.5000 57.0000
v -17.0000 15.5000 56.0000
v -17.0000 15.5000 57.0000
v -17.0000 16.5000 57.0000
v -17.0000 16.5000 56.0000
v 7.0000 15.5000 56.0000
v 7.0000 16.5000 56.0000
v 7.0000 16.5000 57.0000
v 7.0000 15.5000 57.0000
v -17.0000 15.5000 56.0000
v 7.0000 15.5000 56.0000
v 7.0000 15.5000 57.0000
v -17.0000 15.5000 57.0000
v -17.0000 16.5000 56.0000
v -17.0000 16.5000 57.0000
v 7.0000 16.5000 57.0000
v 7.0000 16.5000 56.0000
v -17.0000 15.5000 56.0000
v -17.0000 16.5000 56.0000
v 7.0000 16.5000 56.0000
v 7.0000 15.5000 56.0000
v -17.0000 15.5000 57.0000
v 7.0000 15.5000 57.0000
v 7.0000 16.5000 57.0000
v -17.0000 16.5000 57.0000
v -16.5000 -7.0000 56.0000
v -16.5000 -7.0000 57.0000
v -16.5000 17.0000 57.0000
v -16.5000 17.0000 56.0000
v -15.5000 -7.0000 56.0000
v -15.5000 17.0000 56.0000
v -15.5000 17.0000 57.0000
v -15.5000 -7.0000 57.0000
v -16.5000 -7.0000 56.0000
v -15.5000 -7.0000 56.0000
v -15.5000 -7.0000 57.0000
v -16.5000 -7.0000 57.0000
v -16.5000 17.0000 56.0000
v -16.5000 17.0000 57.0000
v -15.5000 17.0000 57.0000
v -15.5000 17.0000 56.0000
v -16.5000 -7.0000 56.0000
v -16.5000 17.0000 56.0000
v -15.5000 17.0000 56.0000
v -15.5000 -7.0000 56.0000
v -16.5000 -7.0000 57.0000
v -15.5000 -7.0000 57.0000
v -15.5000 17.0000 57.0000
v -16.5000 17.0000 57.0000
v 5.5000 -7.0000 56.0000
v 5.5000 -7.0000 57.0000
v 5.5000 17.0000 57.0000
v 5.5000 17.0000 56.0000
v 6.5000 -7.0000 56.0000
v 6.5000 17.0000 56.0000
v 6.5000 17.0000 57.0000
v 6.5000 -7.0000 57.0000
v 5.5000 -7.0000 56.0000
v 6.5000 -7.0000 56.0000
v 6.5000 -7.0000 57.0000
v 5.5000 -7.0000 57.0000
v 5.5000 17.0000 56.0000
v 5.5000 17.0000 57.0000
v 6.5000 17.0000 57.0000
v 6.5000 17.0000 56.0000
v 5.5000 -7.0000 56.0000
v 5.5000 17.0000 56.0000
v 6.5000 17.0000 56.0000
v 6.5000 -7.0000 56.0000
v 5.5000 -7.0000 57.0000
v 6.5000 -7.0000 57.0000
v 6.5000 17.0000 57.0000
v 5.5000 17.0000 57.0000
vn -1.0000 0.0000 0.0000
vn -1.0000 0.0000 0.0000
vn -1.0000 0.0000 0.0000
vn -1.0000 0.0000 0.0000
vn 1.0000 0.0000 0.0000
vn 1.0000 0.0000 0.0000
vn 1.0000 0.0000 0.0000
vn 1.0000 0.0000 0.0000
vn 0.0000 -1.0000 0.0000
vn 0.0000 -1.0000 0.0000
vn 0.0000 -1.0000 0.0000
vn 0.0000 -1.0000 0.0000
vn 0.0000 1.0000 0.0000
vn 0.0000 1.0000 0.0000
vn 0.0000 1.0000 0.0000
vn 0.0000 1.0000 0.0000
vn 0.0000 0.0000 -1.0000
vn 0.0000 0.0000 -1.0000
vn 0.0000 0.0000 -1.0000
vn 0.0000 0.0000 -1.0000
vn 0.0000 0.0000 1.0000
vn 0.0000 0.0000 1.0000
vn 0.0000 0.0000 1.0000
vn 0.0000 0.0000 1.0000
vn -1.0000 0.0000 0.0000
vn -1.0000 0.0000 0.0000
vn -1.0000 0.0000 0.0000
vn -1.0000 0.0000 0.0000
vn 1.0000 0.0000 0.0000
vn 1.0000 0.0000 0.0000
vn 1.0000 0.0000 0.0000
vn 1.0000 0.0000 0.0000
vn 0.0000 -1.0000 0.0000
vn 0.0000 -1.0000 0.0000
vn 0.0000 -1.0000 0.0000
vn 0.0000 -1.0000 0.0000
vn 0.0000 1.0000 0.0000
vn 0.0000 1.0000 0.0000
vn 0.0000 1.0000 0.0000
vn 0.0000 1.0000 0.0000
vn 0.0000 0.0000 -1.0000
vn 0.0000 0.0000 -1.0000
vn 0.0000 0.0000 -1.0000
vn 0.0000 0.0000 -1.0000
vn 0.0000 0.0000 1.0000
vn 0.0000 0.0000 1.0000
vn 0.0000 0.0000 1.0000
vn 0.0000 0.0000 1.0000
vn -1.0000 0.0000 0.0000
vn -1.0000 0.0000 0.0000
vn -1.0000 0.0000 0.0000
vn -1.0000 0.0000 0.0000
vn 1.0000 0.0000 0.0000
vn 1.0000 0.0000 0.0000
vn 1.0000 0.0000 0.0000
vn 1.0000 0.0000 0.0000
vn 0.0000 -1.0000 0.0000
vn 0.0000 -1.0000 0.0000
vn 0.0000 -1.0000 0.0000
vn 0.0000 -1.0000 0.0000
vn 0.0000 1.0000 0.0000
vn 0.0000 1.0000 0.0000
vn 0.0000 1.0000 0.0000
vn 0.0000 1.0000 0.0000
vn 0.0000 0.0000 -1.0000
vn 0.0000 0.0000 -1.0000
vn 0.0000 0.0000 -1.0000
vn 0.0000 0.0000 -1.0000
vn 0.0000 0.0000 1.0000
vn 0.0000 0.0000 1.0000
vn 0.0000 0.0000 1.0000
vn 0.0000 0.0000 1.0000
vn -1.0000 0.0000 0.0000
vn -1.0000 0.0000 0.0000
vn -1.0000 0.0000 0.0000
vn -1.0000 0.0000 0.0000
vn 1.0000 0.0000 0.0000
vn 1.0000 0.0000 0.0000
vn 1.0000 0.0000 0.0000
vn 1.0000 0.0000 0.0000
vn 0.0000 -1.0000 0.0000
vn 0.0000 -1.0000 0.0000
vn 0.0000 -1.0000 0.0000
vn 0.0000 -1.0000 0.0000
vn 0.0000 1.0000 0.0000
vn 0.0000 1.0000 0.0000
vn 0.0000 1.0000 0.0000
vn 0.0000 1.0000 0.0000
vn 0.0000 0.0000 -1.0000
vn 0.0000 0.0000 -1.0000
vn 0.0000 0.0000 -1.0000
vn 0.0000 0.0000 -1.0000
vn 0.0000 0.0000 1.0000
vn 0.0000 0.0000 1.0000
vn 0.0000 0.0000 1.0000
vn 0.0000 0.0000 1.0000
vn -1.0000 0.0000 0.0000
vn -1.0000 0.0000 0.0000
vn -1.0000 0.0000 0.0000
vn -1.0000 0.0000 0.0000
vn 1.0000 0.0000 0.0000
vn 1.0000 0.0000 0.0000
vn 1.0000 0.0000 0.0000
vn 1.0000 0.0000 0.0000
vn 0.0000 -1.0000 0.0000
vn 0.0000 -1.0000 0.0000
vn 0.0000 -1.0000 0.0000
vn 0.0000 -1.0000 0.0000
vn 0.0000 1.0000 0.0000
vn 0.0000 1.0000 0.0000
vn 0.0000 1.0000 0.0000
vn 0.0000 1.0000 0.0000
vn 0.0000 0.0000 -1.0000
vn 0.0000 0.0000 -1.0000
vn 0.0000 0.0000 -1.0000
vn 0.0000 0.0000 -1.0000
vn 0.0000 0.0000 1.0000
vn 0.0000 0.0000 1.0000
vn 0.0000 0.0000 1.0000
vn 0.0000 0.0000 1.0000
vn -1.0000 0.0000 0.0000
vn -1.0000 0.0000 0.0000
vn -1.0000 0.0000 0.0000
vn -1.0000 0.0000 0.0000
vn 1.0000 0.0000 0.0000
vn 1.0000 0.0000 0.0000
vn 1.0000 0.0000 0.0000
vn 1.0000 0.0000 0.0000
vn 0.0000 -1.0000 0.0000
vn 0.0000 -1.0000 0.0000
vn 0.0000 -1.0000 0.0000
vn 0.0000 -1.0000 0.0000
vn 0.0000 1.0000 0.0000
vn 0.0000 1.0000 0.0000
vn 0.0000 1.0000 0.0000
vn 0.0000 1.0000 0.0000
vn 0.0000 0.0000 -1.0000
vn 0.0000 0.0000 -1.0000
vn 0.0000 0.0000 -1.0000
vn 0.0000 0.0000 -1.0000
vn 0.0000 0.0000 1.0000
vn 0.0000 0.0000 1.0000
vn 0.0000 0.0000 1.0000
vn 0.0000 0.0000 1.0000
vn -1.0000 0.0000 0.0000
vn -1.0000 0.0000 0.0000
vn -1.0000 0.0000 0.0000
vn -1.0000 0.0000 0.0000
vn 1.0000 0.0000 0.0000
vn 1.0000 0.0000 0.0000
vn 1.0000 0.0000 0.0000
vn 1.0000 0.0000 0.0000
vn 0.0000 -1.0000 0.0000
vn 0.0000 -1.0000 0.0000
vn 0.0000 -1.0000 0.0000
vn 0.0000 -1.0000 0.0000
vn 0.0000 1.0000 0.0000
vn 0.0000 1.0000 0.0000
vn 0.0000 1.0000 0.0000
vn 0.0000 1.0000 0.0000
vn 0.0000 0.0000 -1.0000
vn 0.0000 0.0000 -1.0000
vn 0.0000 0.0000 -1.0000
vn 0.0000 0.0000 -1.0000
vn 0.0000 0.0000 1.0000
vn 0.0000 0.0000 1.0000
vn 0.0000 0.0000 1.0000
vn 0.0000 0.0000 1.0000
vn -1.0000 0.0000 0.0000
vn -1.0000 0.0000 0.0000
vn -1.0000 0.0000 0.0000
vn -1.0000 0.0000 0.0000
vn 1.0000 0.0000 0.0000
vn 1.0000 0.0000 0.0000
vn 1.0000 0.0000 0.0000
vn 1.0000 0.0000 0.0000
vn 0.0000 -1.0000 0.0000
vn 0.0000 -1.0000 0.0000
vn 0.0000 -1.0000 0.0000
vn 0.0000 -1.0000 0.0000
vn 0.0000 1.0000 0.0000
vn 0.0000 1.0000 0.0000
vn 0.0000 1.0000 0.0000
vn 0.0000 1.0000 0.0000
vn 0.0000 0.0000 -1.0000
vn 0.0000 0.0000 -1.0000
vn 0.0000 0.0000 -1.0000
vn 0.0000 0.0000 -1.0000
vn 0.0000 0.0000 1.0000
vn 0.0000 0.0000 1.0000
vn 0.0000 0.0000 1.0000
vn 0.0000 0.0000 1.0000
vn -1.0000 0.0000 0.0000
vn -1.0000 0.0000 0.0000
vn -1.0000 0.0000 0.0000
vn -1.0000 0.0000 0.0000
vn 1.0000 0.0000 0.0000
vn 1.0000 0.0000 0.0000
vn 1.0000 0.0000 0.0000
vn 1.0000 0.0000 0.0000
vn 0.0000 -1.0000 0.0000
vn 0.0000 -1.0000 0.0000
vn 0.0000 -1.0000 0.0000
vn 0.0000 -1.0000 0.0000
vn 0.0000 1.0000 0.0000
vn 0.0000 1.0000 0.0000
vn 0.0000 1.0000 0.0000
vn 0.0000 1.0000 0.0000
vn 0.0000 0.0000 -1.0000
vn 0.0000 0.0000 -1.0000
vn 0.0000 0.0000 -1.0000
vn 0.0000 0.0000 -1.0000
vn 0.0000 0.0000 1.0000
vn 0.0000 0.0000 1.0000
vn 0.0000 0.0000 1.0000
vn 0.0000 0.0000 1.0000
vn -1.0000 0.0000 0.0000
vn -1.0000 0.0000 0.0000
vn -1.0000 0.0000 0.0000
vn -1.0000 0.0000 0.0000
vn 1.0000 0.0000 0.0000
vn 1.0000 0.0000 0.0000
vn 1.0000 0.0000 0.0000
vn 1.0000 0.0000 0.0000
vn 0.0000 -1.0000 0.0000
vn 0.0000 -1.0000 0.0000
vn 0.0000 -1.0000 0.0000
vn 0.0000 -1.0000 0.0000
vn 0.0000 1.0000 0.0000
vn 0.0000 1.0000 0.0000
vn 0.0000 1.0000 0.0000
vn 0.0000 1.0000 0.0000
vn 0.0000 0.0000 -1.0000
vn 0.0000 0.0000 -1.0000
vn 0.0000 0.0000 -1.0000
vn 0.0000 0.0000 -1.0000
vn 0.0000 0.0000 1.0000
vn 0.0000 0.0000 1.0000
vn 0.0000 0.0000 1.0000
vn 0.0000 0.0000 1.0000
vn -1.0000 0.0000 0.0000
vn -1.0000 0.0000 0.0000
vn -1.0000 0.0000 0.0000
vn -1.0000 0.0000 0.0000
vn 1.0000 0.0000 0.0000
vn 1.0000 0.0000 0.0000
vn 1.0000 0.0000 0.0000
vn 1.0000 0.0000 0.0000
vn 0.0000 -1.0000 0.0000
vn 0.0000 -1.0000 0.0000
vn 0.0000 -1.0000 0.0000
vn 0.0000 -1.0000 0.0000
vn 0.0000 1.0000 0.0000
vn 0.0000 1.0000 0.0000
vn 0.0000 1.0000 0.0000
vn 0.0000 1.0000 0.0000
vn 0.0000 0.0000 -1.0000
vn 0.0000 0.0000 -1.0000
vn 0.0000 0.0000 -1.0000
vn 0.0000 0.0000 -1.0000
vn 0.0000 0.0000 1.0000
vn 0.0000 0.0000 1.0000
vn 0.0000 0.0000 1.0000
vn 0.0000 0.0000 1.0000
vn -1.0000 0.0000 0.0000
vn -1.0000 0.0000 0.0000
vn -1.0000 0.0000 0.0000
vn -1.0000 0.0000 0.0000
vn 1.0000 0.0000 0.0000
vn 1.0000 0.0000 0.0000
vn 1.0000 0.0000 0.0000
vn 1.0000 0.0000 0.0000
vn 0.0000 -1.0000 0.0000
vn 0.0000 -1.0000 0.0000
vn 0.0000 -1.0000 0.0000
vn 0.0000 -1.0000 0.0000
vn 0.0000 1.0000 0.0000
vn 0.0000 1.0000 0.0000
vn 0.0000 1.0000 0.0000
vn 0.0000 1.0000 0.0000
vn 0.0000 0.0000 -1.0000
vn 0.0000 0.0000 -1.0000
vn 0.0000 0.0000 -1.0000
vn 0.0000 0.0000 -1.0000
vn 0.0000 0.0000 1.0000
vn 0.0000 0.0000 1.0000
vn 0.0000 0.0000 1.0000
vn 0.0000 0.0000 1.0000
vn -1.0000 0.0000 0.0000
vn -1.0000 0.0000 0.0000
vn -1.0000 0.0000 0.0000
vn -1.0000 0.0000 0.0000
vn 1.0000 0.0000 0.0000
vn 1.0000 0.0000 0.0000
vn 1.0000 0.0000 0.0000
vn 1.0000 0.0000 0.0000
vn 0.0000 -1.0000 0.0000
vn 0.0000 -1.0000 0.0000
vn 0.0000 -1.0000 0.0000
vn 0.0000 -1.0000 0.0000
vn 0.0000 1.0000 0.0000
vn 0.0000 1.0000 0.0000
vn 0.0000 1.0000 0.0000
vn 0.0000 1.0000 0.0000
vn 0.0000 0.0000 -1.0000
vn 0.0000 0.0000 -1.0000
vn 0.0000 0.0000 -1.0000
vn 0.0000 0.0000 -1.0000
vn 0.0000 0.0000 1.0000
vn 0.0000 0.0000 1.0000
vn 0.0000 0.0000 1.0000
vn 0.0000 0.0000 1.0000
vn -1.0000 0.0000 0.0000
vn -1.0000 0.0000 0.0000
vn -1.0000 0.0000 0.0000
vn -1.0000 0.0000 0.0000
vn 1.0000 0.0000 0.0000
vn 1.0000 0.0000 0.0000
vn 1.0000 0.0000 0.0000
vn 1.0000 0.0000 0.0000
vn 0.0000 -1.0000 0.0000
vn 0.0000 -1.0000 0.0000
vn 0.0000 -1.0000 0.0000
vn 0.0000 -1.0000 0.0000
vn 0.0000 1.0000 0.0000
vn 0.0000 1.0000 0.0000
vn 0.0000 1.0000 0.0000
vn 0.0000 1.0000 0.0000
vn 0.0000 0.0000 -1.0000
vn 0.0000 0.0000 -1.0000
vn 0.0000 0.0000 -1.0000
vn 0.0000 0.0000 -1.0000
vn 0.0000 0.0000 1.0000
vn 0.0000 0.0000 1.0000
vn 0.0000 0.0000 1.0000
vn 0.0000 0.0000 1.0000
vn -1.0000 0.0000 0.0000
vn -1.0000 0.0000 0.0000
vn -1.0000 0.0000 0.0000
vn -1.0000 0.0000 0.0000
vn 1.0000 0.0000 0.0000
vn 1.0000 0.0000 0.0000
vn 1.0000 0.0000 0.0000
vn 1.0000 0.0000 0.0000
vn 0.0000 -1.0000 0.0000
vn 0.0000 -1.0000 0.0000
vn 0.0000 -1.0000 0.0000
vn 0.0000 -1.0000 0.0000
vn 0.0000 1.0000 0.0000
vn 0.0000 1.0000 0.0000
vn 0.0000 1.0000 0.0000
vn 0.0000 1.0000 0.0000
vn 0.0000 0.0000 -1.0000
vn 0.0000 0.0000 -1.0000
vn 0.0000 0.0000 -1.0000
vn 0.0000 0.0000 -1.0000
vn 0.0000 0.0000 1.0000
vn 0.0000 0.0000 1.0000
vn 0.0000 0.0000 1.0000
vn 0.0000 0.0000 1.0000
vn -1.0000 0.0000 0.0000
vn -1.0000 0.0000 0.0000
vn -1.0000 0.0000 0.0000
vn -1.0000 0.0000 0.0000
vn 1.0000 0.0000 0.0000
vn 1.0000 0.0000 0.0000
vn 1.0000 0.0000 0.0000
vn 1.0000 0.0000 0.0000
vn 0.0000 -1.0000 0.0000
vn 0.0000 -1.0000 0.0000
vn 0.0000 -1.0000 0.0000
vn 0.0000 -1.0000 0.0000
vn 0.0000 1.0000 0.0000
vn 0.0000 1.0000 0.0000
vn 0.0000 1.0000 0.0000
vn 0.0000 1.0000 0.0000
vn 0.0000 0.0000 -1.0000
vn 0.0000 0.0000 -1.0000
vn 0.0000 0.0000 -1.0000
vn 0.0000 0.0000 -1.0000
vn 0.0000 0.0000 1.0000
vn 0.0000 0.0000 1.0000
vn 0.0000 0.0000 1.0000
vn 0.0000 0.0000 1.0000
vn -1.0000 0.0000 0.0000
vn -1.0000 0.0000 0.0000
vn -1.0000 0.0000 0.0000
vn -1.0000 0.0000 0.0000
vn 1.0000 0.0000 0.0000
vn 1.0000 0.0000 0.0000
vn 1.0000 0.0000 0.0000
vn 1.0000 0.0000 0.0000
vn 0.0000 -1.0000 0.0000
vn 0.0000 -1.0000 0.0000
vn 0.0000 -1.0000 0.0000
vn 0.0000 -1.0000 0.0000
vn 0.0000 1.0000 0.0000
vn 0.0000 1.0000 0.0000
vn 0.0000 1.0000 0.0000
vn 0.0000 1.0000 0.0000
vn 0.0000 0.0000 -1.0000
vn 0.0000 0.0000 -1.0000
vn 0.0000 0.0000 -1.0000
vn 0.0000 0.0000 -1.0000
vn 0.0000 0.0000 1.0000
vn 0.0000 0.0000 1.0000
vn 0.0000 0.0000 1.0000
vn 0.0000 0.0000 1.0000
vn -1.0000 0.0000 0.0000
vn -1.0000 0.0000 0.0000
vn -1.0000 0.0000 0.0000
vn -1.0000 0.0000 0.0000
vn 1.0000 0.0000 0.0000
vn 1.0000 0.0000 0.0000
vn 1.0000 0.0000 0.0000
vn 1.0000 0.0000 0.0000
vn 0.0000 -1.0000 0.0000
vn 0.0000 -1.0000 0.0000
vn 0.0000 -1.0000 0.0000
vn 0.0000 -1.0000 0.0000
vn 0.0000 1.0000 0.0000
vn 0.0000 1.0000 0.0000
vn 0.0000 1.0000 0.0000
vn 0.0000 1.0000 0.0000
vn 0.0000 0.0000 -1.0000
vn 0.0000 0.0000 -1.0000
vn 0.0000 0.0000 -1.0000
vn 0.0000 0.0000 -1.0000
vn 0.0000 0.0000 1.0000
vn 0.0000 0.0000 1.0000
vn 0.0000 0.0000 1.0000
vn 0.0000 0.0000 1.0000
vn -1.0000 0.0000 0.0000
vn -1.0000 0.0000 0.0000
vn -1.0000 0.0000 0.0000
vn -1.0000 0.0000 0.0000
vn 1.0000 0.0000 0.0000
vn 1.0000 0.0000 0.0000
vn 1.0000 0.0000 0.0000
vn 1.0000 0.0000 0.0000
vn 0.0000 -1.0000 0.0000
vn 0.0000 -1.0000 0.0000
vn 0.0000 -1.0000 0.0000
vn 0.0000 -1.0000 0.0000
vn 0.0000 1.0000 0.0000
vn 0.0000 1.0000 0.0000
vn 0.0000 1.0000 0.0000
vn 0.0000 1.0000 0.0000
vn 0.0000 0.0000 -1.0000
vn 0.0000 0.0000 -1.0000
vn 0.0000 0.0000 -1.0000
vn 0.0000 0.0000 -1.0000
vn 0.0000 0.0000 1.0000
vn 0.0000 0.0000 1.0000
vn 0.0000 0.0000 1.0000
vn 0.0000 0.0000 1.0000
vn -1.0000 0.0000 0.0000
vn -1.0000 0.0000 0.0000
vn -1.0000 0.0000 0.0000
vn -1.0000 0.0000 0.0000
vn 1.0000 0.0000 0.0000
vn 1.0000 0.0000 0.0000
vn 1.0000 0.0000 0.0000
vn 1.0000 0.0000 0.0000
vn 0.0000 -1.0000 0.0000
vn 0.0000 -1.0000 0.0000
vn 0.0000 -1.0000 0.0000
vn 0.0000 -1.0000 0.0000
vn 0.0000 1.0000 0.0000
vn 0.0000 1.0000 0.0000
vn 0.0000 1.0000 0.0000
vn 0.0000 1.0000 0.0000
vn 0.0000 0.0000 -1.0000
vn 0.0000 0.0000 -1.0000
vn 0.0000 0.0000 -1.0000
vn 0.0000 0.0000 -1.0000
vn 0.0000 0.0000 1.0000
vn 0.0000 0.0000 1.0000
vn 0.0000 0.0000 1.0000
vn 0.0000 0.0000 1.0000
f 1031//1031 1032//1032 1033//1033
f 1031//1031 1033//1033 1034//1034
f 1035//1035 1036//1036 1037//1037
f 1035//1035 1037//1037 1038//1038
f 1039//1039 1040//1040 1041//1041
f 1039//1039 1041//1041 1042//1042
f 1043//1043 1044//1044 1045//1045
f 1043//1043 1045//1045 1046//1046
f 1047//1047 1048//1048 1049//1049
f 1047//1047 1049//1049 1050//1050
f 1051//1051 1052//1052 1053//1053
f 1051//1051 1053//1053 1054//1054
f 1055//1055 1056//1056 1057//1057
f 1055//1055 1057//1057 1058//1058
f 1059//1059 1060//1060 1061//1061
f 1059//1059 1061//1061 1062//1062
f 1063//1063 1064//1064 1065//1065
f 1063//1063 1065//1065 1066//1066
f 1067//1067 1068//1068 1069//1069
f 1067//1067 1069//1069 1070//1070
f 1071//1071 1072//1072 1073//1073
f 1071//1071 1073//1073 1074//1074
f 1075//1075 1076//1076 1077//1077
f 1075//1075 1077//1077 1078//1078
f 1079//1079 1080//1080 1081//1081
f 1079//1079 1081//1081 1082//1082
f 1083//1083 1084//1084 1085//1085
f 1083//1083 1085//1085 1086//1086
f 1087//1087 1088//1088 1089//1089
f 1087//1087 1089//1089 1090//1090
f 1091//1091 1092//1092 1093//1093
f 1091//1091 1093//1093 1094//1094
f 1095//1095 1096//1096 1097//1097
f 1095//1095 1097//1097 1098//1098
f 1099//1099 1100//1100 1101//1101
f 1099//1099 1101//1101 1102//1102
f 1103//1103 1104//1104 1105//1105
f 1103//1103 1105//1105 1106//1106
f 1107//1107 1108//1108 1109//1109
f 1107//1107 1109//1109 1110//1110
f 1111//1111 1112//1112 1113//1113
f 1111//1111 1113//1113 1114//1114
f 1115//1115 1116//1116 1117//1117
f 1115//1115 1117//1117 1118//1118
f 1119//1119 1120//1120 1121//1121
f 1119//1119 1121//1121 1122//1122
f 1123//1123 1124//1124 1125//1125
f 1123//1123 1125//1125 1126//1126
f 1127//1127 1128//1128 1129//1129
f 1127//1127 1129//1129 1130//1130
f 1131//1131 1132//1132 1133//1133
f 1131//1131 1133//1133 1134//1134
f 1135//1135 1136//1136 1137//1137
f 1135//1135 1137//1137 1138//1138
f 1139//1139 1140//1140 1141//1141
f 1139//1139 1141//1141 1142//1142
f 1143//1143 1144//1144 1145//1145
f 1143//1143 1145//1145 1146//1146
f 1147//1147 1148//1148 1149//1149
f 1147//1147 1149//1149 1150//1150
f 1151//1151 1152//1152 1153//1153
f 1151//1151 1153//1153 1154//1154
f 1155//1155 1156//1156 1157//1157
f 1155//1155 1157//1157 1158//1158
f 1159//1159 1160//1160 1161//1161
f 1159//1159 1161//1161 1162//1162
f 1163//1163 1164//1164 1165//1165
f 1163//1163 1165//1165 1166//1166
f 1167//1167 1168//1168 1169//1169
f 1167//1167 1169//1169 1170//1170
f 1171//1171 1172//1172 1173//1173
f 1171//1171 1173//1173 1174//1174
f 1175//1175 1176//1176 1177//1177
f 1175//1175 1177//1177 1178//1178
f 1179//1179 1180//1180 1181//1181
f 1179//1179 1181//1181 1182//1182
f 1183//1183 1184//1184 1185//1185
f 1183//1183 1185//1185 1186//1186
f 1187//1187 1188//1188 1189//1189
f 1187//1187 1189//1189 1190//1190
f 1191//1191 1192//1192 1193//1193
f 1191//1191 1193//1193 1194//1194
f 1195//1195 1196//1196 1197//1197
f 1195//1195 1197//1197 1198//1198
f 1199//1199 1200//1200 1201//1201
f 1199//1199 1201//1201 1202//1202
f 1203//1203 1204//1204 1205//1205
f 1203//1203 1205//1205 1206//1206
f 1207//1207 1208//1208 1209//1209
f 1207//1207 1209//1209 1210//1210
f 1211//1211 1212//1212 1213//1213
f 1211//1211 1213//1213 1214//1214
f 1215//1215 1216//1216 1217//1217
f 1215//1215 1217//1217 1218//1218
f 1219//1219 1220//1220 1221//1221
f 1219//1219 1221//1221 1222//1222
f 1223//1223 1224//1224 1225//1225
f 1223//1223 1225//1225 1226//1226
f 1227//1227 1228//1228 1229//1229
f 1227//1227 1229//1229 1230//1230
f 1231//1231 1232//1232 1233//1233
f 1231//1231 1233//1233 1234//1234
f 1235//1235 1236//1236 1237//1237
f 1235//1235 1237//1237 1238//1238
f 1239//1239 1240//1240 1241//1241
f 1239//1239 1241//1241 1242//1242
f 1243//1243 1244//1244 1245//1245
f 1243//1243 1245//1245 1246//1246
f 1247//1247 1248//1248 1249//1249
f 1247//1247 1249//1249 1250//1250
f 1251//1251 1252//1252 1253//1253
f 1251//1251 1253//1253 1254//1254
f 1255//1255 1256//1256 1257//1257
f 1255//1255 1257//1257 1258//1258
f 1259//1259 1260//1260 1261//1261
f 1259//1259 1261//1261 1262//1262
f 1263//1263 1264//1264 1265//1265
f 1263//1263 1265//1265 1266//1266
f 1267//1267 1268//1268 1269//1269
f 1267//1267 1269//1269 1270//1270
f 1271//1271 1272//1272 1273//1273
f 1271//1271 1273//1273 1274//1274
f 1275//1275 1276//1276 1277//1277
f 1275//1275 1277//1277 1278//1278
f 1279//1279 1280//1280 1281//1281
f 1279//1279 1281//1281 1282//1282
f 1283//1283 1284//1284 1285//1285
f 1283//1283 1285//1285 1286//1286
f 1287//1287 1288//1288 1289//1289
f 1287//1287 1289//1289 1290//1290
f 1291//1291 1292//1292 1293//1293
f 1291//1291 1293//1293 1294//1294
f 1295//1295 1296//1296 1297//1297
f 1295//1295 1297//1297 1298//1298
f 1299//1299 1300//1300 1301//1301
f 1299//1299 1301//1301 1302//1302
f 1303//1303 1304//1304 1305//1305
f 1303//1303 1305//1305 1306//1306
f 1307//1307 1308//1308 1309//1309
f 1307//1307 1309//1309 1310//1310
f 1311//1311 1312//1312 1313//1313
f 1311//1311 1313//1313 1314//1314
f 1315//1315 1316//1316 1317//1317
f 1315//1315 1317//1317 1318//1318
f 1319//1319 1320//1320 1321//1321
f 1319//1319 1321//1321 1322//1322
f 1323//1323 1324//1324 1325//1325
f 1323//1323 1325//1325 1326//1326
f 1327//1327 1328//1328 1329//1329
f 1327//1327 1329//1329 1330//1330
f 1331//1331 1332//1332 1333//1333
f 1331//1331 1333//1333 1334//1334
f 1335//1335 1336//1336 1337//1337
f 1335//1335 1337//1337 1338//1338
f 1339//1339 1340//1340 1341//1341
f 1339//1339 1341//1341 1342//1342
f 1343//1343 1344//1344 1345//1345
f 1343//1343 1345//1345 1346//1346
f 1347//1347 1348//1348 1349//1349
f 1347//1347 1349//1349 1350//1350
f 1351//1351 1352//1352 1353//1353
f 1351//1351 1353//1353 1354//1354
f 1355//1355 1356//1356 1357//1357
f 1355//1355 1357//1357 1358//1358
f 1359//1359 1360//1360 1361//1361
f 1359//1359 1361//1361 1362//1362
f 1363//1363 1364//1364 1365//1365
f 1363//1363 1365//1365 1366//1366
f 1367//1367 1368//1368 1369//1369
f 1367//1367 1369//1369 1370//1370
f 1371//1371 1372//1372 1373//1373
f 1371//1371 1373//1373 1374//1374
f 1375//1375 1376//1376 1377//1377
f 1375//1375 1377//1377 1378//1378
f 1379//1379 1380//1380 1381//1381
f 1379//1379 1381//1381 1382//1382
f 1383//1383 1384//1384 1385//1385
f 1383//1383 1385//1385 1386//1386
f 1387//1387 1388//1388 1389//1389
f 1387//1387 1389//1389 1390//1390
f 1391//1391 1392//1392 1393//1393
f 1391//1391 1393//1393 1394//1394
f 1395//1395 1396//1396 1397//1397
f 1395//1395 1397//1397 1398//1398
f 1399//1399 1400//1400 1401//1401
f 1399//1399 1401//1401 1402//1402
f 1403//1403 1404//1404 1405//1405
f 1403//1403 1405//1405 1406//1406
f 1407//1407 1408//1408 1409//1409
f 1407//1407 1409//1409 1410//1410
f 1411//1411 1412//1412 1413//1413
f 1411//1411 1413//1413 1414//1414
f 1415//1415 1416//1416 1417//1417
f 1415//1415 1417//1417 1418//1418
f 1419//1419 1420//1420 1421//1421
f 1419//1419 1421//1421 1422//1422
f 1423//1423 1424//1424 1425//1425
f 1423//1423 1425//1425 1426//1426
f 1427//1427 1428//1428 1429//1429
f 1427//1427 1429//1429 1430//1430
f 1431//1431 1432//1432 1433//1433
f 1431//1431 1433//1433 1434//1434
f 1435//1435 1436//1436 1437//1437
f 1435//1435 1437//1437 1438//1438
f 1439//1439 1440//1440 1441//1441
f 1439//1439 1441//1441 1442//1442
f 1443//1443 1444//1444 1445//1445
f 1443//1443 1445//1445 1446//1446
f 1447//1447 1448//1448 1449//1449
f 1447//1447 1449//1449 1450//1450
f 1451//1451 1452//1452 1453//1453
f 1451//1451 1453//1453 1454//1454
f 1455//1455 1456//1456 1457//1457
f 1455//1455 1457//1457 1458//1458
f 1459//1459 1460//1460 1461//1461
f 1459//1459 1461//1461 1462//1462
f 1463//1463 1464//1464 1465//1465
f 1463//1463 1465//1465 1466//1466
f 1467//1467 1468//1468 1469//1469
f 1467//1467 1469//1469 1470//1470
f 1471//1471 1472//1472 1473//1473
f 1471//1471 1473//1473 1474//1474
f 1475//1475 1476//1476 1477//1477
f 1475//1475 1477//1477 1478//1478
f 1479//1479 1480//1480 1481//1481
f 1479//1479 1481//1481 1482//1482
f 1483//1483 1484//1484 1485//1485
f 1483//1483 1485//1485 1486//1486
f 1487//1487 1488//1488 1489//1489
f 1487//1487 1489//1489 1490//1490
f 1491//1491 1492//1492 1493//1493
f 1491//1491 1493//1493 1494//1494
f 1495//1495 1496//1496 1497//1497
f 1495//1495 1497//1497 1498//1498
f 1499//1499 1500//1500 1501//1501
f 1499//1499 1501//1501 1502//1502
f 1503//1503 1504//1504 1505//1505
f 1503//1503 1505//1505 1506//1506
f 1507//1507 1508//1508 1509//1509
f 1507//1507 1509//1509 1510//1510

o IM_BF_Uptakes
g 01_BlastFurnace
usemtl Steel_Matte
s 1
v -1.6251 7.4749 48.5000
v -1.7457 7.9249 48.5000
v -2.0751 8.2543 48.5000
v -2.5251 8.3749 48.5000
v -2.9751 8.2543 48.5000
v -3.3045 7.9249 48.5000
v -3.4251 7.4749 48.5000
v -3.3045 7.0249 48.5000
v -2.9751 6.6955 48.5000
v -2.5251 6.5749 48.5000
v -2.0751 6.6955 48.5000
v -1.7457 7.0249 48.5000
v -1.6251 7.4749 57.5000
v -1.7457 7.9249 57.5000
v -2.0751 8.2543 57.5000
v -2.5251 8.3749 57.5000
v -2.9751 8.2543 57.5000
v -3.3045 7.9249 57.5000
v -3.4251 7.4749 57.5000
v -3.3045 7.0249 57.5000
v -2.9751 6.6955 57.5000
v -2.5251 6.5749 57.5000
v -2.0751 6.6955 57.5000
v -1.7457 7.0249 57.5000
v -1.6251 7.4749 48.5000
v -1.7457 7.9249 48.5000
v -2.0751 8.2543 48.5000
v -2.5251 8.3749 48.5000
v -2.9751 8.2543 48.5000
v -3.3045 7.9249 48.5000
v -3.4251 7.4749 48.5000
v -3.3045 7.0249 48.5000
v -2.9751 6.6955 48.5000
v -2.5251 6.5749 48.5000
v -2.0751 6.6955 48.5000
v -1.7457 7.0249 48.5000
v -2.5251 7.4749 48.5000
v -1.6251 7.4749 57.5000
v -1.7457 7.9249 57.5000
v -2.0751 8.2543 57.5000
v -2.5251 8.3749 57.5000
v -2.9751 8.2543 57.5000
v -3.3045 7.9249 57.5000
v -3.4251 7.4749 57.5000
v -3.3045 7.0249 57.5000
v -2.9751 6.6955 57.5000
v -2.5251 6.5749 57.5000
v -2.0751 6.6955 57.5000
v -1.7457 7.0249 57.5000
v -2.5251 7.4749 57.5000
v -6.5749 7.4749 48.5000
v -6.6955 7.9249 48.5000
v -7.0249 8.2543 48.5000
v -7.4749 8.3749 48.5000
v -7.9249 8.2543 48.5000
v -8.2543 7.9249 48.5000
v -8.3749 7.4749 48.5000
v -8.2543 7.0249 48.5000
v -7.9249 6.6955 48.5000
v -7.4749 6.5749 48.5000
v -7.0249 6.6955 48.5000
v -6.6955 7.0249 48.5000
v -6.5749 7.4749 57.5000
v -6.6955 7.9249 57.5000
v -7.0249 8.2543 57.5000
v -7.4749 8.3749 57.5000
v -7.9249 8.2543 57.5000
v -8.2543 7.9249 57.5000
v -8.3749 7.4749 57.5000
v -8.2543 7.0249 57.5000
v -7.9249 6.6955 57.5000
v -7.4749 6.5749 57.5000
v -7.0249 6.6955 57.5000
v -6.6955 7.0249 57.5000
v -6.5749 7.4749 48.5000
v -6.6955 7.9249 48.5000
v -7.0249 8.2543 48.5000
v -7.4749 8.3749 48.5000
v -7.9249 8.2543 48.5000
v -8.2543 7.9249 48.5000
v -8.3749 7.4749 48.5000
v -8.2543 7.0249 48.5000
v -7.9249 6.6955 48.5000
v -7.4749 6.5749 48.5000
v -7.0249 6.6955 48.5000
v -6.6955 7.0249 48.5000
v -7.4749 7.4749 48.5000
v -6.5749 7.4749 57.5000
v -6.6955 7.9249 57.5000
v -7.0249 8.2543 57.5000
v -7.4749 8.3749 57.5000
v -7.9249 8.2543 57.5000
v -8.2543 7.9249 57.5000
v -8.3749 7.4749 57.5000
v -8.2543 7.0249 57.5000
v -7.9249 6.6955 57.5000
v -7.4749 6.5749 57.5000
v -7.0249 6.6955 57.5000
v -6.6955 7.0249 57.5000
v -7.4749 7.4749 57.5000
v -6.5749 2.5251 48.5000
v -6.6955 2.9751 48.5000
v -7.0249 3.3045 48.5000
v -7.4749 3.4251 48.5000
v -7.9249 3.3045 48.5000
v -8.2543 2.9751 48.5000
v -8.3749 2.5251 48.5000
v -8.2543 2.0751 48.5000
v -7.9249 1.7457 48.5000
v -7.4749 1.6251 48.5000
v -7.0249 1.7457 48.5000
v -6.6955 2.0751 48.5000
v -6.5749 2.5251 57.5000
v -6.6955 2.9751 57.5000
v -7.0249 3.3045 57.5000
v -7.4749 3.4251 57.5000
v -7.9249 3.3045 57.5000
v -8.2543 2.9751 57.5000
v -8.3749 2.5251 57.5000
v -8.2543 2.0751 57.5000
v -7.9249 1.7457 57.5000
v -7.4749 1.6251 57.5000
v -7.0249 1.7457 57.5000
v -6.6955 2.0751 57.5000
v -6.5749 2.5251 48.5000
v -6.6955 2.9751 48.5000
v -7.0249 3.3045 48.5000
v -7.4749 3.4251 48.5000
v -7.9249 3.3045 48.5000
v -8.2543 2.9751 48.5000
v -8.3749 2.5251 48.5000
v -8.2543 2.0751 48.5000
v -7.9249 1.7457 48.5000
v -7.4749 1.6251 48.5000
v -7.0249 1.7457 48.5000
v -6.6955 2.0751 48.5000
v -7.4749 2.5251 48.5000
v -6.5749 2.5251 57.5000
v -6.6955 2.9751 57.5000
v -7.0249 3.3045 57.5000
v -7.4749 3.4251 57.5000
v -7.9249 3.3045 57.5000
v -8.2543 2.9751 57.5000
v -8.3749 2.5251 57.5000
v -8.2543 2.0751 57.5000
v -7.9249 1.7457 57.5000
v -7.4749 1.6251 57.5000
v -7.0249 1.7457 57.5000
v -6.6955 2.0751 57.5000
v -7.4749 2.5251 57.5000
v -1.6251 2.5251 48.5000
v -1.7457 2.9751 48.5000
v -2.0751 3.3045 48.5000
v -2.5251 3.4251 48.5000
v -2.9751 3.3045 48.5000
v -3.3045 2.9751 48.5000
v -3.4251 2.5251 48.5000
v -3.3045 2.0751 48.5000
v -2.9751 1.7457 48.5000
v -2.5251 1.6251 48.5000
v -2.0751 1.7457 48.5000
v -1.7457 2.0751 48.5000
v -1.6251 2.5251 57.5000
v -1.7457 2.9751 57.5000
v -2.0751 3.3045 57.5000
v -2.5251 3.4251 57.5000
v -2.9751 3.3045 57.5000
v -3.3045 2.9751 57.5000
v -3.4251 2.5251 57.5000
v -3.3045 2.0751 57.5000
v -2.9751 1.7457 57.5000
v -2.5251 1.6251 57.5000
v -2.0751 1.7457 57.5000
v -1.7457 2.0751 57.5000
v -1.6251 2.5251 48.5000
v -1.7457 2.9751 48.5000
v -2.0751 3.3045 48.5000
v -2.5251 3.4251 48.5000
v -2.9751 3.3045 48.5000
v -3.3045 2.9751 48.5000
v -3.4251 2.5251 48.5000
v -3.3045 2.0751 48.5000
v -2.9751 1.7457 48.5000
v -2.5251 1.6251 48.5000
v -2.0751 1.7457 48.5000
v -1.7457 2.0751 48.5000
v -2.5251 2.5251 48.5000
v -1.6251 2.5251 57.5000
v -1.7457 2.9751 57.5000
v -2.0751 3.3045 57.5000
v -2.5251 3.4251 57.5000
v -2.9751 3.3045 57.5000
v -3.3045 2.9751 57.5000
v -3.4251 2.5251 57.5000
v -3.3045 2.0751 57.5000
v -2.9751 1.7457 57.5000
v -2.5251 1.6251 57.5000
v -2.0751 1.7457 57.5000
v -1.7457 2.0751 57.5000
v -2.5251 2.5251 57.5000
v -3.6000 5.0000 57.0000
v -3.7066 5.5358 57.0000
v -4.0101 5.9899 57.0000
v -4.4642 6.2934 57.0000
v -5.0000 6.4000 57.0000
v -5.5358 6.2934 57.0000
v -5.9899 5.9899 57.0000
v -6.2934 5.5358 57.0000
v -6.4000 5.0000 57.0000
v -6.2934 4.4642 57.0000
v -5.9899 4.0101 57.0000
v -5.5358 3.7066 57.0000
v -5.0000 3.6000 57.0000
v -4.4642 3.7066 57.0000
v -4.0101 4.0101 57.0000
v -3.7066 4.4642 57.0000
v -3.6000 5.0000 61.0000
v -3.7066 5.5358 61.0000
v -4.0101 5.9899 61.0000
v -4.4642 6.2934 61.0000
v -5.0000 6.4000 61.0000
v -5.5358 6.2934 61.0000
v -5.9899 5.9899 61.0000
v -6.2934 5.5358 61.0000
v -6.4000 5.0000 61.0000
v -6.2934 4.4642 61.0000
v -5.9899 4.0101 61.0000
v -5.5358 3.7066 61.0000
v -5.0000 3.6000 61.0000
v -4.4642 3.7066 61.0000
v -4.0101 4.0101 61.0000
v -3.7066 4.4642 61.0000
v -3.6000 5.0000 57.0000
v -3.7066 5.5358 57.0000
v -4.0101 5.9899 57.0000
v -4.4642 6.2934 57.0000
v -5.0000 6.4000 57.0000
v -5.5358 6.2934 57.0000
v -5.9899 5.9899 57.0000
v -6.2934 5.5358 57.0000
v -6.4000 5.0000 57.0000
v -6.2934 4.4642 57.0000
v -5.9899 4.0101 57.0000
v -5.5358 3.7066 57.0000
v -5.0000 3.6000 57.0000
v -4.4642 3.7066 57.0000
v -4.0101 4.0101 57.0000
v -3.7066 4.4642 57.0000
v -5.0000 5.0000 57.0000
v -3.6000 5.0000 61.0000
v -3.7066 5.5358 61.0000
v -4.0101 5.9899 61.0000
v -4.4642 6.2934 61.0000
v -5.0000 6.4000 61.0000
v -5.5358 6.2934 61.0000
v -5.9899 5.9899 61.0000
v -6.2934 5.5358 61.0000
v -6.4000 5.0000 61.0000
v -6.2934 4.4642 61.0000
v -5.9899 4.0101 61.0000
v -5.5358 3.7066 61.0000
v -5.0000 3.6000 61.0000
v -4.4642 3.7066 61.0000
v -4.0101 4.0101 61.0000
v -3.7066 4.4642 61.0000
v -5.0000 5.0000 61.0000
vn 0.9960 0.0890 0.0000
vn 0.8181 0.5751 0.0000
vn 0.4210 0.9071 0.0000
vn -0.0890 0.9960 0.0000
vn -0.5751 0.8181 0.0000
vn -0.9071 0.4210 0.0000
vn -0.9960 -0.0890 0.0000
vn -0.8181 -0.5751 0.0000
vn -0.4210 -0.9071 0.0000
vn 0.0890 -0.9960 0.0000
vn 0.5751 -0.8181 0.0000
vn 0.9071 -0.4210 0.0000
vn 0.9960 -0.0890 0.0000
vn 0.9071 0.4210 0.0000
vn 0.5751 0.8181 0.0000
vn 0.0890 0.9960 0.0000
vn -0.4210 0.9071 0.0000
vn -0.8181 0.5751 0.0000
vn -0.9960 0.0890 0.0000
vn -0.9071 -0.4210 0.0000
vn -0.5751 -0.8181 0.0000
vn -0.0890 -0.9960 0.0000
vn 0.4210 -0.9071 0.0000
vn 0.8181 -0.5751 0.0000
vn 0.0000 0.0000 -1.0000
vn 0.0000 0.0000 -1.0000
vn 0.0000 0.0000 -1.0000
vn 0.0000 0.0000 -1.0000
vn 0.0000 0.0000 -1.0000
vn 0.0000 0.0000 -1.0000
vn 0.0000 0.0000 -1.0000
vn 0.0000 0.0000 -1.0000
vn 0.0000 0.0000 -1.0000
vn 0.0000 0.0000 -1.0000
vn 0.0000 0.0000 -1.0000
vn 0.0000 0.0000 -1.0000
vn 0.0000 0.0000 -1.0000
vn 0.0000 0.0000 1.0000
vn 0.0000 0.0000 1.0000
vn 0.0000 0.0000 1.0000
vn 0.0000 0.0000 1.0000
vn 0.0000 0.0000 1.0000
vn 0.0000 0.0000 1.0000
vn 0.0000 0.0000 1.0000
vn 0.0000 0.0000 1.0000
vn 0.0000 0.0000 1.0000
vn 0.0000 0.0000 1.0000
vn 0.0000 0.0000 1.0000
vn 0.0000 0.0000 1.0000
vn 0.0000 0.0000 1.0000
vn 0.9960 0.0890 0.0000
vn 0.8181 0.5751 0.0000
vn 0.4210 0.9071 0.0000
vn -0.0890 0.9960 0.0000
vn -0.5751 0.8181 0.0000
vn -0.9071 0.4210 0.0000
vn -0.9960 -0.0890 0.0000
vn -0.8181 -0.5751 0.0000
vn -0.4210 -0.9071 0.0000
vn 0.0890 -0.9960 0.0000
vn 0.5751 -0.8181 0.0000
vn 0.9071 -0.4210 0.0000
vn 0.9960 -0.0890 0.0000
vn 0.9071 0.4210 0.0000
vn 0.5751 0.8181 0.0000
vn 0.0890 0.9960 0.0000
vn -0.4210 0.9071 0.0000
vn -0.8181 0.5751 0.0000
vn -0.9960 0.0890 0.0000
vn -0.9071 -0.4210 0.0000
vn -0.5751 -0.8181 0.0000
vn -0.0890 -0.9960 0.0000
vn 0.4210 -0.9071 0.0000
vn 0.8181 -0.5751 0.0000
vn 0.0000 0.0000 -1.0000
vn 0.0000 0.0000 -1.0000
vn 0.0000 0.0000 -1.0000
vn 0.0000 0.0000 -1.0000
vn 0.0000 0.0000 -1.0000
vn 0.0000 0.0000 -1.0000
vn 0.0000 0.0000 -1.0000
vn 0.0000 0.0000 -1.0000
vn 0.0000 0.0000 -1.0000
vn 0.0000 0.0000 -1.0000
vn 0.0000 0.0000 -1.0000
vn 0.0000 0.0000 -1.0000
vn 0.0000 0.0000 -1.0000
vn 0.0000 0.0000 1.0000
vn 0.0000 0.0000 1.0000
vn 0.0000 0.0000 1.0000
vn 0.0000 0.0000 1.0000
vn 0.0000 0.0000 1.0000
vn 0.0000 0.0000 1.0000
vn 0.0000 0.0000 1.0000
vn 0.0000 0.0000 1.0000
vn 0.0000 0.0000 1.0000
vn 0.0000 0.0000 1.0000
vn 0.0000 0.0000 1.0000
vn 0.0000 0.0000 1.0000
vn 0.0000 0.0000 1.0000
vn 0.9960 0.0890 0.0000
vn 0.8181 0.5751 0.0000
vn 0.4210 0.9071 0.0000
vn -0.0890 0.9960 0.0000
vn -0.5751 0.8181 0.0000
vn -0.9071 0.4210 0.0000
vn -0.9960 -0.0890 0.0000
vn -0.8181 -0.5751 0.0000
vn -0.4210 -0.9071 0.0000
vn 0.0890 -0.9960 0.0000
vn 0.5751 -0.8181 0.0000
vn 0.9071 -0.4210 0.0000
vn 0.9960 -0.0890 0.0000
vn 0.9071 0.4210 0.0000
vn 0.5751 0.8181 0.0000
vn 0.0890 0.9960 0.0000
vn -0.4210 0.9071 0.0000
vn -0.8181 0.5751 0.0000
vn -0.9960 0.0890 0.0000
vn -0.9071 -0.4210 0.0000
vn -0.5751 -0.8181 0.0000
vn -0.0890 -0.9960 0.0000
vn 0.4210 -0.9071 0.0000
vn 0.8181 -0.5751 0.0000
vn 0.0000 0.0000 -1.0000
vn 0.0000 0.0000 -1.0000
vn 0.0000 0.0000 -1.0000
vn 0.0000 0.0000 -1.0000
vn 0.0000 0.0000 -1.0000
vn 0.0000 0.0000 -1.0000
vn 0.0000 0.0000 -1.0000
vn 0.0000 0.0000 -1.0000
vn 0.0000 0.0000 -1.0000
vn 0.0000 0.0000 -1.0000
vn 0.0000 0.0000 -1.0000
vn 0.0000 0.0000 -1.0000
vn 0.0000 0.0000 -1.0000
vn 0.0000 0.0000 1.0000
vn 0.0000 0.0000 1.0000
vn 0.0000 0.0000 1.0000
vn 0.0000 0.0000 1.0000
vn 0.0000 0.0000 1.0000
vn 0.0000 0.0000 1.0000
vn 0.0000 0.0000 1.0000
vn 0.0000 0.0000 1.0000
vn 0.0000 0.0000 1.0000
vn 0.0000 0.0000 1.0000
vn 0.0000 0.0000 1.0000
vn 0.0000 0.0000 1.0000
vn 0.0000 0.0000 1.0000
vn 0.9960 0.0890 0.0000
vn 0.8181 0.5751 0.0000
vn 0.4210 0.9071 0.0000
vn -0.0890 0.9960 0.0000
vn -0.5751 0.8181 0.0000
vn -0.9071 0.4210 0.0000
vn -0.9960 -0.0890 0.0000
vn -0.8181 -0.5751 0.0000
vn -0.4210 -0.9071 0.0000
vn 0.0890 -0.9960 0.0000
vn 0.5751 -0.8181 0.0000
vn 0.9071 -0.4210 0.0000
vn 0.9960 -0.0890 0.0000
vn 0.9071 0.4210 0.0000
vn 0.5751 0.8181 0.0000
vn 0.0890 0.9960 0.0000
vn -0.4210 0.9071 0.0000
vn -0.8181 0.5751 0.0000
vn -0.9960 0.0890 0.0000
vn -0.9071 -0.4210 0.0000
vn -0.5751 -0.8181 0.0000
vn -0.0890 -0.9960 0.0000
vn 0.4210 -0.9071 0.0000
vn 0.8181 -0.5751 0.0000
vn 0.0000 0.0000 -1.0000
vn 0.0000 0.0000 -1.0000
vn 0.0000 0.0000 -1.0000
vn 0.0000 0.0000 -1.0000
vn 0.0000 0.0000 -1.0000
vn 0.0000 0.0000 -1.0000
vn 0.0000 0.0000 -1.0000
vn 0.0000 0.0000 -1.0000
vn 0.0000 0.0000 -1.0000
vn 0.0000 0.0000 -1.0000
vn 0.0000 0.0000 -1.0000
vn 0.0000 0.0000 -1.0000
vn 0.0000 0.0000 -1.0000
vn 0.0000 0.0000 1.0000
vn 0.0000 0.0000 1.0000
vn 0.0000 0.0000 1.0000
vn 0.0000 0.0000 1.0000
vn 0.0000 0.0000 1.0000
vn 0.0000 0.0000 1.0000
vn 0.0000 0.0000 1.0000
vn 0.0000 0.0000 1.0000
vn 0.0000 0.0000 1.0000
vn 0.0000 0.0000 1.0000
vn 0.0000 0.0000 1.0000
vn 0.0000 0.0000 1.0000
vn 0.0000 0.0000 1.0000
vn 0.9978 0.0662 0.0000
vn 0.8965 0.4430 0.0000
vn 0.6588 0.7523 0.0000
vn 0.3207 0.9472 0.0000
vn -0.0662 0.9978 0.0000
vn -0.4430 0.8965 0.0000
vn -0.7523 0.6588 0.0000
vn -0.9472 0.3207 0.0000
vn -0.9978 -0.0662 0.0000
vn -0.8965 -0.4430 0.0000
vn -0.6588 -0.7523 0.0000
vn -0.3207 -0.9472 0.0000
vn 0.0662 -0.9978 0.0000
vn 0.4430 -0.8965 0.0000
vn 0.7523 -0.6588 0.0000
vn 0.9472 -0.3207 0.0000
vn 0.9978 -0.0662 0.0000
vn 0.9472 0.3207 0.0000
vn 0.7523 0.6588 0.0000
vn 0.4430 0.8965 0.0000
vn 0.0662 0.9978 0.0000
vn -0.3207 0.9472 0.0000
vn -0.6588 0.7523 0.0000
vn -0.8965 0.4430 0.0000
vn -0.9978 0.0662 0.0000
vn -0.9472 -0.3207 0.0000
vn -0.7523 -0.6588 0.0000
vn -0.4430 -0.8965 0.0000
vn -0.0662 -0.9978 0.0000
vn 0.3207 -0.9472 0.0000
vn 0.6588 -0.7523 0.0000
vn 0.8965 -0.4430 0.0000
vn 0.0000 0.0000 -1.0000
vn 0.0000 0.0000 -1.0000
vn 0.0000 0.0000 -1.0000
vn 0.0000 0.0000 -1.0000
vn 0.0000 0.0000 -1.0000
vn 0.0000 0.0000 -1.0000
vn 0.0000 0.0000 -1.0000
vn 0.0000 0.0000 -1.0000
vn 0.0000 0.0000 -1.0000
vn 0.0000 0.0000 -1.0000
vn 0.0000 0.0000 -1.0000
vn 0.0000 0.0000 -1.0000
vn 0.0000 0.0000 -1.0000
vn 0.0000 0.0000 -1.0000
vn 0.0000 0.0000 -1.0000
vn 0.0000 0.0000 -1.0000
vn 0.0000 0.0000 -1.0000
vn 0.0000 0.0000 1.0000
vn 0.0000 0.0000 1.0000
vn 0.0000 0.0000 1.0000
vn 0.0000 0.0000 1.0000
vn 0.0000 0.0000 1.0000
vn 0.0000 0.0000 1.0000
vn 0.0000 0.0000 1.0000
vn 0.0000 0.0000 1.0000
vn 0.0000 0.0000 1.0000
vn 0.0000 0.0000 1.0000
vn 0.0000 0.0000 1.0000
vn 0.0000 0.0000 1.0000
vn 0.0000 0.0000 1.0000
vn 0.0000 0.0000 1.0000
vn 0.0000 0.0000 1.0000
vn 0.0000 0.0000 1.0000
vn 0.0000 0.0000 1.0000
f 1511//1511 1512//1512 1524//1524
f 1511//1511 1524//1524 1523//1523
f 1512//1512 1513//1513 1525//1525
f 1512//1512 1525//1525 1524//1524
f 1513//1513 1514//1514 1526//1526
f 1513//1513 1526//1526 1525//1525
f 1514//1514 1515//1515 1527//1527
f 1514//1514 1527//1527 1526//1526
f 1515//1515 1516//1516 1528//1528
f 1515//1515 1528//1528 1527//1527
f 1516//1516 1517//1517 1529//1529
f 1516//1516 1529//1529 1528//1528
f 1517//1517 1518//1518 1530//1530
f 1517//1517 1530//1530 1529//1529
f 1518//1518 1519//1519 1531//1531
f 1518//1518 1531//1531 1530//1530
f 1519//1519 1520//1520 1532//1532
f 1519//1519 1532//1532 1531//1531
f 1520//1520 1521//1521 1533//1533
f 1520//1520 1533//1533 1532//1532
f 1521//1521 1522//1522 1534//1534
f 1521//1521 1534//1534 1533//1533
f 1522//1522 1511//1511 1523//1523
f 1522//1522 1523//1523 1534//1534
f 1536//1536 1535//1535 1547//1547
f 1537//1537 1536//1536 1547//1547
f 1538//1538 1537//1537 1547//1547
f 1539//1539 1538//1538 1547//1547
f 1540//1540 1539//1539 1547//1547
f 1541//1541 1540//1540 1547//1547
f 1542//1542 1541//1541 1547//1547
f 1543//1543 1542//1542 1547//1547
f 1544//1544 1543//1543 1547//1547
f 1545//1545 1544//1544 1547//1547
f 1546//1546 1545//1545 1547//1547
f 1535//1535 1546//1546 1547//1547
f 1548//1548 1549//1549 1560//1560
f 1549//1549 1550//1550 1560//1560
f 1550//1550 1551//1551 1560//1560
f 1551//1551 1552//1552 1560//1560
f 1552//1552 1553//1553 1560//1560
f 1553//1553 1554//1554 1560//1560
f 1554//1554 1555//1555 1560//1560
f 1555//1555 1556//1556 1560//1560
f 1556//1556 1557//1557 1560//1560
f 1557//1557 1558//1558 1560//1560
f 1558//1558 1559//1559 1560//1560
f 1559//1559 1548//1548 1560//1560
f 1561//1561 1562//1562 1574//1574
f 1561//1561 1574//1574 1573//1573
f 1562//1562 1563//1563 1575//1575
f 1562//1562 1575//1575 1574//1574
f 1563//1563 1564//1564 1576//1576
f 1563//1563 1576//1576 1575//1575
f 1564//1564 1565//1565 1577//1577
f 1564//1564 1577//1577 1576//1576
f 1565//1565 1566//1566 1578//1578
f 1565//1565 1578//1578 1577//1577
f 1566//1566 1567//1567 1579//1579
f 1566//1566 1579//1579 1578//1578
f 1567//1567 1568//1568 1580//1580
f 1567//1567 1580//1580 1579//1579
f 1568//1568 1569//1569 1581//1581
f 1568//1568 1581//1581 1580//1580
f 1569//1569 1570//1570 1582//1582
f 1569//1569 1582//1582 1581//1581
f 1570//1570 1571//1571 1583//1583
f 1570//1570 1583//1583 1582//1582
f 1571//1571 1572//1572 1584//1584
f 1571//1571 1584//1584 1583//1583
f 1572//1572 1561//1561 1573//1573
f 1572//1572 1573//1573 1584//1584
f 1586//1586 1585//1585 1597//1597
f 1587//1587 1586//1586 1597//1597
f 1588//1588 1587//1587 1597//1597
f 1589//1589 1588//1588 1597//1597
f 1590//1590 1589//1589 1597//1597
f 1591//1591 1590//1590 1597//1597
f 1592//1592 1591//1591 1597//1597
f 1593//1593 1592//1592 1597//1597
f 1594//1594 1593//1593 1597//1597
f 1595//1595 1594//1594 1597//1597
f 1596//1596 1595//1595 1597//1597
f 1585//1585 1596//1596 1597//1597
f 1598//1598 1599//1599 1610//1610
f 1599//1599 1600//1600 1610//1610
f 1600//1600 1601//1601 1610//1610
f 1601//1601 1602//1602 1610//1610
f 1602//1602 1603//1603 1610//1610
f 1603//1603 1604//1604 1610//1610
f 1604//1604 1605//1605 1610//1610
f 1605//1605 1606//1606 1610//1610
f 1606//1606 1607//1607 1610//1610
f 1607//1607 1608//1608 1610//1610
f 1608//1608 1609//1609 1610//1610
f 1609//1609 1598//1598 1610//1610
f 1611//1611 1612//1612 1624//1624
f 1611//1611 1624//1624 1623//1623
f 1612//1612 1613//1613 1625//1625
f 1612//1612 1625//1625 1624//1624
f 1613//1613 1614//1614 1626//1626
f 1613//1613 1626//1626 1625//1625
f 1614//1614 1615//1615 1627//1627
f 1614//1614 1627//1627 1626//1626
f 1615//1615 1616//1616 1628//1628
f 1615//1615 1628//1628 1627//1627
f 1616//1616 1617//1617 1629//1629
f 1616//1616 1629//1629 1628//1628
f 1617//1617 1618//1618 1630//1630
f 1617//1617 1630//1630 1629//1629
f 1618//1618 1619//1619 1631//1631
f 1618//1618 1631//1631 1630//1630
f 1619//1619 1620//1620 1632//1632
f 1619//1619 1632//1632 1631//1631
f 1620//1620 1621//1621 1633//1633
f 1620//1620 1633//1633 1632//1632
f 1621//1621 1622//1622 1634//1634
f 1621//1621 1634//1634 1633//1633
f 1622//1622 1611//1611 1623//1623
f 1622//1622 1623//1623 1634//1634
f 1636//1636 1635//1635 1647//1647
f 1637//1637 1636//1636 1647//1647
f 1638//1638 1637//1637 1647//1647
f 1639//1639 1638//1638 1647//1647
f 1640//1640 1639//1639 1647//1647
f 1641//1641 1640//1640 1647//1647
f 1642//1642 1641//1641 1647//1647
f 1643//1643 1642//1642 1647//1647
f 1644//1644 1643//1643 1647//1647
f 1645//1645 1644//1644 1647//1647
f 1646//1646 1645//1645 1647//1647
f 1635//1635 1646//1646 1647//1647
f 1648//1648 1649//1649 1660//1660
f 1649//1649 1650//1650 1660//1660
f 1650//1650 1651//1651 1660//1660
f 1651//1651 1652//1652 1660//1660
f 1652//1652 1653//1653 1660//1660
f 1653//1653 1654//1654 1660//1660
f 1654//1654 1655//1655 1660//1660
f 1655//1655 1656//1656 1660//1660
f 1656//1656 1657//1657 1660//1660
f 1657//1657 1658//1658 1660//1660
f 1658//1658 1659//1659 1660//1660
f 1659//1659 1648//1648 1660//1660
f 1661//1661 1662//1662 1674//1674
f 1661//1661 1674//1674 1673//1673
f 1662//1662 1663//1663 1675//1675
f 1662//1662 1675//1675 1674//1674
f 1663//1663 1664//1664 1676//1676
f 1663//1663 1676//1676 1675//1675
f 1664//1664 1665//1665 1677//1677
f 1664//1664 1677//1677 1676//1676
f 1665//1665 1666//1666 1678//1678
f 1665//1665 1678//1678 1677//1677
f 1666//1666 1667//1667 1679//1679
f 1666//1666 1679//1679 1678//1678
f 1667//1667 1668//1668 1680//1680
f 1667//1667 1680//1680 1679//1679
f 1668//1668 1669//1669 1681//1681
f 1668//1668 1681//1681 1680//1680
f 1669//1669 1670//1670 1682//1682
f 1669//1669 1682//1682 1681//1681
f 1670//1670 1671//1671 1683//1683
f 1670//1670 1683//1683 1682//1682
f 1671//1671 1672//1672 1684//1684
f 1671//1671 1684//1684 1683//1683
f 1672//1672 1661//1661 1673//1673
f 1672//1672 1673//1673 1684//1684
f 1686//1686 1685//1685 1697//1697
f 1687//1687 1686//1686 1697//1697
f 1688//1688 1687//1687 1697//1697
f 1689//1689 1688//1688 1697//1697
f 1690//1690 1689//1689 1697//1697
f 1691//1691 1690//1690 1697//1697
f 1692//1692 1691//1691 1697//1697
f 1693//1693 1692//1692 1697//1697
f 1694//1694 1693//1693 1697//1697
f 1695//1695 1694//1694 1697//1697
f 1696//1696 1695//1695 1697//1697
f 1685//1685 1696//1696 1697//1697
f 1698//1698 1699//1699 1710//1710
f 1699//1699 1700//1700 1710//1710
f 1700//1700 1701//1701 1710//1710
f 1701//1701 1702//1702 1710//1710
f 1702//1702 1703//1703 1710//1710
f 1703//1703 1704//1704 1710//1710
f 1704//1704 1705//1705 1710//1710
f 1705//1705 1706//1706 1710//1710
f 1706//1706 1707//1707 1710//1710
f 1707//1707 1708//1708 1710//1710
f 1708//1708 1709//1709 1710//1710
f 1709//1709 1698//1698 1710//1710
f 1711//1711 1712//1712 1728//1728
f 1711//1711 1728//1728 1727//1727
f 1712//1712 1713//1713 1729//1729
f 1712//1712 1729//1729 1728//1728
f 1713//1713 1714//1714 1730//1730
f 1713//1713 1730//1730 1729//1729
f 1714//1714 1715//1715 1731//1731
f 1714//1714 1731//1731 1730//1730
f 1715//1715 1716//1716 1732//1732
f 1715//1715 1732//1732 1731//1731
f 1716//1716 1717//1717 1733//1733
f 1716//1716 1733//1733 1732//1732
f 1717//1717 1718//1718 1734//1734
f 1717//1717 1734//1734 1733//1733
f 1718//1718 1719//1719 1735//1735
f 1718//1718 1735//1735 1734//1734
f 1719//1719 1720//1720 1736//1736
f 1719//1719 1736//1736 1735//1735
f 1720//1720 1721//1721 1737//1737
f 1720//1720 1737//1737 1736//1736
f 1721//1721 1722//1722 1738//1738
f 1721//1721 1738//1738 1737//1737
f 1722//1722 1723//1723 1739//1739
f 1722//1722 1739//1739 1738//1738
f 1723//1723 1724//1724 1740//1740
f 1723//1723 1740//1740 1739//1739
f 1724//1724 1725//1725 1741//1741
f 1724//1724 1741//1741 1740//1740
f 1725//1725 1726//1726 1742//1742
f 1725//1725 1742//1742 1741//1741
f 1726//1726 1711//1711 1727//1727
f 1726//1726 1727//1727 1742//1742
f 1744//1744 1743//1743 1759//1759
f 1745//1745 1744//1744 1759//1759
f 1746//1746 1745//1745 1759//1759
f 1747//1747 1746//1746 1759//1759
f 1748//1748 1747//1747 1759//1759
f 1749//1749 1748//1748 1759//1759
f 1750//1750 1749//1749 1759//1759
f 1751//1751 1750//1750 1759//1759
f 1752//1752 1751//1751 1759//1759
f 1753//1753 1752//1752 1759//1759
f 1754//1754 1753//1753 1759//1759
f 1755//1755 1754//1754 1759//1759
f 1756//1756 1755//1755 1759//1759
f 1757//1757 1756//1756 1759//1759
f 1758//1758 1757//1757 1759//1759
f 1743//1743 1758//1758 1759//1759
f 1760//1760 1761//1761 1776//1776
f 1761//1761 1762//1762 1776//1776
f 1762//1762 1763//1763 1776//1776
f 1763//1763 1764//1764 1776//1776
f 1764//1764 1765//1765 1776//1776
f 1765//1765 1766//1766 1776//1776
f 1766//1766 1767//1767 1776//1776
f 1767//1767 1768//1768 1776//1776
f 1768//1768 1769//1769 1776//1776
f 1769//1769 1770//1770 1776//1776
f 1770//1770 1771//1771 1776//1776
f 1771//1771 1772//1772 1776//1776
f 1772//1772 1773//1773 1776//1776
f 1773//1773 1774//1774 1776//1776
f 1774//1774 1775//1775 1776//1776
f 1775//1775 1760//1760 1776//1776

o IM_BF_Downcomer
g 01_BlastFurnace
usemtl Steel_Matte
s 1
v -19.0000 5.0000 56.3000
v -19.0000 5.6000 56.4608
v -19.0000 6.0392 56.9000
v -19.0000 6.2000 57.5000
v -19.0000 6.0392 58.1000
v -19.0000 5.6000 58.5392
v -19.0000 5.0000 58.7000
v -19.0000 4.4000 58.5392
v -19.0000 3.9608 58.1000
v -19.0000 3.8000 57.5000
v -19.0000 3.9608 56.9000
v -19.0000 4.4000 56.4608
v -5.0000 5.0000 56.3000
v -5.0000 5.6000 56.4608
v -5.0000 6.0392 56.9000
v -5.0000 6.2000 57.5000
v -5.0000 6.0392 58.1000
v -5.0000 5.6000 58.5392
v -5.0000 5.0000 58.7000
v -5.0000 4.4000 58.5392
v -5.0000 3.9608 58.1000
v -5.0000 3.8000 57.5000
v -5.0000 3.9608 56.9000
v -5.0000 4.4000 56.4608
v -19.0000 5.0000 56.3000
v -19.0000 5.6000 56.4608
v -19.0000 6.0392 56.9000
v -19.0000 6.2000 57.5000
v -19.0000 6.0392 58.1000
v -19.0000 5.6000 58.5392
v -19.0000 5.0000 58.7000
v -19.0000 4.4000 58.5392
v -19.0000 3.9608 58.1000
v -19.0000 3.8000 57.5000
v -19.0000 3.9608 56.9000
v -19.0000 4.4000 56.4608
v -19.0000 5.0000 57.5000
v -5.0000 5.0000 56.3000
v -5.0000 5.6000 56.4608
v -5.0000 6.0392 56.9000
v -5.0000 6.2000 57.5000
v -5.0000 6.0392 58.1000
v -5.0000 5.6000 58.5392
v -5.0000 5.0000 58.7000
v -5.0000 4.4000 58.5392
v -5.0000 3.9608 58.1000
v -5.0000 3.8000 57.5000
v -5.0000 3.9608 56.9000
v -5.0000 4.4000 56.4608
v -5.0000 5.0000 57.5000
v -17.8000 5.0000 18.0000
v -17.9608 5.6000 18.0000
v -18.4000 6.0392 18.0000
v -19.0000 6.2000 18.0000
v -19.6000 6.0392 18.0000
v -20.0392 5.6000 18.0000
v -20.2000 5.0000 18.0000
v -20.0392 4.4000 18.0000
v -19.6000 3.9608 18.0000
v -19.0000 3.8000 18.0000
v -18.4000 3.9608 18.0000
v -17.9608 4.4000 18.0000
v -17.8000 5.0000 57.5000
v -17.9608 5.6000 57.5000
v -18.4000 6.0392 57.5000
v -19.0000 6.2000 57.5000
v -19.6000 6.0392 57.5000
v -20.0392 5.6000 57.5000
v -20.2000 5.0000 57.5000
v -20.0392 4.4000 57.5000
v -19.6000 3.9608 57.5000
v -19.0000 3.8000 57.5000
v -18.4000 3.9608 57.5000
v -17.9608 4.4000 57.5000
v -17.8000 5.0000 18.0000
v -17.9608 5.6000 18.0000
v -18.4000 6.0392 18.0000
v -19.0000 6.2000 18.0000
v -19.6000 6.0392 18.0000
v -20.0392 5.6000 18.0000
v -20.2000 5.0000 18.0000
v -20.0392 4.4000 18.0000
v -19.6000 3.9608 18.0000
v -19.0000 3.8000 18.0000
v -18.4000 3.9608 18.0000
v -17.9608 4.4000 18.0000
v -19.0000 5.0000 18.0000
v -17.8000 5.0000 57.5000
v -17.9608 5.6000 57.5000
v -18.4000 6.0392 57.5000
v -19.0000 6.2000 57.5000
v -19.6000 6.0392 57.5000
v -20.0392 5.6000 57.5000
v -20.2000 5.0000 57.5000
v -20.0392 4.4000 57.5000
v -19.6000 3.9608 57.5000
v -19.0000 3.8000 57.5000
v -18.4000 3.9608 57.5000
v -17.9608 4.4000 57.5000
v -19.0000 5.0000 57.5000
vn 0.0000 0.0890 -0.9960
vn 0.0000 0.5751 -0.8181
vn 0.0000 0.9071 -0.4210
vn 0.0000 0.9960 0.0890
vn 0.0000 0.8181 0.5751
vn 0.0000 0.4210 0.9071
vn 0.0000 -0.0890 0.9960
vn 0.0000 -0.5751 0.8181
vn 0.0000 -0.9071 0.4210
vn 0.0000 -0.9960 -0.0890
vn 0.0000 -0.8181 -0.5751
vn 0.0000 -0.4210 -0.9071
vn 0.0000 -0.0890 -0.9960
vn 0.0000 0.4210 -0.9071
vn 0.0000 0.8181 -0.5751
vn 0.0000 0.9960 -0.0890
vn 0.0000 0.9071 0.4210
vn 0.0000 0.5751 0.8181
vn 0.0000 0.0890 0.9960
vn 0.0000 -0.4210 0.9071
vn 0.0000 -0.8181 0.5751
vn 0.0000 -0.9960 0.0890
vn 0.0000 -0.9071 -0.4210
vn 0.0000 -0.5751 -0.8181
vn -1.0000 0.0000 0.0000
vn -1.0000 0.0000 0.0000
vn -1.0000 0.0000 0.0000
vn -1.0000 0.0000 0.0000
vn -1.0000 0.0000 0.0000
vn -1.0000 0.0000 0.0000
vn -1.0000 0.0000 0.0000
vn -1.0000 0.0000 0.0000
vn -1.0000 0.0000 0.0000
vn -1.0000 0.0000 0.0000
vn -1.0000 0.0000 0.0000
vn -1.0000 0.0000 0.0000
vn -1.0000 0.0000 0.0000
vn 1.0000 0.0000 0.0000
vn 1.0000 0.0000 0.0000
vn 1.0000 0.0000 0.0000
vn 1.0000 0.0000 0.0000
vn 1.0000 0.0000 0.0000
vn 1.0000 0.0000 0.0000
vn 1.0000 0.0000 0.0000
vn 1.0000 0.0000 0.0000
vn 1.0000 0.0000 0.0000
vn 1.0000 0.0000 0.0000
vn 1.0000 0.0000 0.0000
vn 1.0000 0.0000 0.0000
vn 1.0000 0.0000 0.0000
vn 0.9960 0.0890 0.0000
vn 0.8181 0.5751 0.0000
vn 0.4210 0.9071 0.0000
vn -0.0890 0.9960 0.0000
vn -0.5751 0.8181 0.0000
vn -0.9071 0.4210 0.0000
vn -0.9960 -0.0890 0.0000
vn -0.8181 -0.5751 0.0000
vn -0.4210 -0.9071 0.0000
vn 0.0890 -0.9960 0.0000
vn 0.5751 -0.8181 0.0000
vn 0.9071 -0.4210 0.0000
vn 0.9960 -0.0890 0.0000
vn 0.9071 0.4210 0.0000
vn 0.5751 0.8181 0.0000
vn 0.0890 0.9960 0.0000
vn -0.4210 0.9071 0.0000
vn -0.8181 0.5751 0.0000
vn -0.9960 0.0890 0.0000
vn -0.9071 -0.4210 0.0000
vn -0.5751 -0.8181 0.0000
vn -0.0890 -0.9960 0.0000
vn 0.4210 -0.9071 0.0000
vn 0.8181 -0.5751 0.0000
vn 0.0000 0.0000 -1.0000
vn 0.0000 0.0000 -1.0000
vn 0.0000 0.0000 -1.0000
vn 0.0000 0.0000 -1.0000
vn 0.0000 0.0000 -1.0000
vn 0.0000 0.0000 -1.0000
vn 0.0000 0.0000 -1.0000
vn 0.0000 0.0000 -1.0000
vn 0.0000 0.0000 -1.0000
vn 0.0000 0.0000 -1.0000
vn 0.0000 0.0000 -1.0000
vn 0.0000 0.0000 -1.0000
vn 0.0000 0.0000 -1.0000
vn 0.0000 0.0000 1.0000
vn 0.0000 0.0000 1.0000
vn 0.0000 0.0000 1.0000
vn 0.0000 0.0000 1.0000
vn 0.0000 0.0000 1.0000
vn 0.0000 0.0000 1.0000
vn 0.0000 0.0000 1.0000
vn 0.0000 0.0000 1.0000
vn 0.0000 0.0000 1.0000
vn 0.0000 0.0000 1.0000
vn 0.0000 0.0000 1.0000
vn 0.0000 0.0000 1.0000
vn 0.0000 0.0000 1.0000
f 1777//1777 1778//1778 1790//1790
f 1777//1777 1790//1790 1789//1789
f 1778//1778 1779//1779 1791//1791
f 1778//1778 1791//1791 1790//1790
f 1779//1779 1780//1780 1792//1792
f 1779//1779 1792//1792 1791//1791
f 1780//1780 1781//1781 1793//1793
f 1780//1780 1793//1793 1792//1792
f 1781//1781 1782//1782 1794//1794
f 1781//1781 1794//1794 1793//1793
f 1782//1782 1783//1783 1795//1795
f 1782//1782 1795//1795 1794//1794
f 1783//1783 1784//1784 1796//1796
f 1783//1783 1796//1796 1795//1795
f 1784//1784 1785//1785 1797//1797
f 1784//1784 1797//1797 1796//1796
f 1785//1785 1786//1786 1798//1798
f 1785//1785 1798//1798 1797//1797
f 1786//1786 1787//1787 1799//1799
f 1786//1786 1799//1799 1798//1798
f 1787//1787 1788//1788 1800//1800
f 1787//1787 1800//1800 1799//1799
f 1788//1788 1777//1777 1789//1789
f 1788//1788 1789//1789 1800//1800
f 1802//1802 1801//1801 1813//1813
f 1803//1803 1802//1802 1813//1813
f 1804//1804 1803//1803 1813//1813
f 1805//1805 1804//1804 1813//1813
f 1806//1806 1805//1805 1813//1813
f 1807//1807 1806//1806 1813//1813
f 1808//1808 1807//1807 1813//1813
f 1809//1809 1808//1808 1813//1813
f 1810//1810 1809//1809 1813//1813
f 1811//1811 1810//1810 1813//1813
f 1812//1812 1811//1811 1813//1813
f 1801//1801 1812//1812 1813//1813
f 1814//1814 1815//1815 1826//1826
f 1815//1815 1816//1816 1826//1826
f 1816//1816 1817//1817 1826//1826
f 1817//1817 1818//1818 1826//1826
f 1818//1818 1819//1819 1826//1826
f 1819//1819 1820//1820 1826//1826
f 1820//1820 1821//1821 1826//1826
f 1821//1821 1822//1822 1826//1826
f 1822//1822 1823//1823 1826//1826
f 1823//1823 1824//1824 1826//1826
f 1824//1824 1825//1825 1826//1826
f 1825//1825 1814//1814 1826//1826
f 1827//1827 1828//1828 1840//1840
f 1827//1827 1840//1840 1839//1839
f 1828//1828 1829//1829 1841//1841
f 1828//1828 1841//1841 1840//1840
f 1829//1829 1830//1830 1842//1842
f 1829//1829 1842//1842 1841//1841
f 1830//1830 1831//1831 1843//1843
f 1830//1830 1843//1843 1842//1842
f 1831//1831 1832//1832 1844//1844
f 1831//1831 1844//1844 1843//1843
f 1832//1832 1833//1833 1845//1845
f 1832//1832 1845//1845 1844//1844
f 1833//1833 1834//1834 1846//1846
f 1833//1833 1846//1846 1845//1845
f 1834//1834 1835//1835 1847//1847
f 1834//1834 1847//1847 1846//1846
f 1835//1835 1836//1836 1848//1848
f 1835//1835 1848//1848 1847//1847
f 1836//1836 1837//1837 1849//1849
f 1836//1836 1849//1849 1848//1848
f 1837//1837 1838//1838 1850//1850
f 1837//1837 1850//1850 1849//1849
f 1838//1838 1827//1827 1839//1839
f 1838//1838 1839//1839 1850//1850
f 1852//1852 1851//1851 1863//1863
f 1853//1853 1852//1852 1863//1863
f 1854//1854 1853//1853 1863//1863
f 1855//1855 1854//1854 1863//1863
f 1856//1856 1855//1855 1863//1863
f 1857//1857 1856//1856 1863//1863
f 1858//1858 1857//1857 1863//1863
f 1859//1859 1858//1858 1863//1863
f 1860//1860 1859//1859 1863//1863
f 1861//1861 1860//1860 1863//1863
f 1862//1862 1861//1861 1863//1863
f 1851//1851 1862//1862 1863//1863
f 1864//1864 1865//1865 1876//1876
f 1865//1865 1866//1866 1876//1876
f 1866//1866 1867//1867 1876//1876
f 1867//1867 1868//1868 1876//1876
f 1868//1868 1869//1869 1876//1876
f 1869//1869 1870//1870 1876//1876
f 1870//1870 1871//1871 1876//1876
f 1871//1871 1872//1872 1876//1876
f 1872//1872 1873//1873 1876//1876
f 1873//1873 1874//1874 1876//1876
f 1874//1874 1875//1875 1876//1876
f 1875//1875 1864//1864 1876//1876

o IM_BF_DustCatcher
g 01_BlastFurnace
usemtl Steel_Matte
s 1
v -16.0000 5.0000 8.0000
v -16.1468 5.9271 8.0000
v -16.5729 6.7634 8.0000
v -17.2366 7.4271 8.0000
v -18.0729 7.8532 8.0000
v -19.0000 8.0000 8.0000
v -19.9271 7.8532 8.0000
v -20.7634 7.4271 8.0000
v -21.4271 6.7634 8.0000
v -21.8532 5.9271 8.0000
v -22.0000 5.0000 8.0000
v -21.8532 4.0729 8.0000
v -21.4271 3.2366 8.0000
v -20.7634 2.5729 8.0000
v -19.9271 2.1468 8.0000
v -19.0000 2.0000 8.0000
v -18.0729 2.1468 8.0000
v -17.2366 2.5729 8.0000
v -16.5729 3.2366 8.0000
v -16.1468 4.0729 8.0000
v -16.0000 5.0000 18.0000
v -16.1468 5.9271 18.0000
v -16.5729 6.7634 18.0000
v -17.2366 7.4271 18.0000
v -18.0729 7.8532 18.0000
v -19.0000 8.0000 18.0000
v -19.9271 7.8532 18.0000
v -20.7634 7.4271 18.0000
v -21.4271 6.7634 18.0000
v -21.8532 5.9271 18.0000
v -22.0000 5.0000 18.0000
v -21.8532 4.0729 18.0000
v -21.4271 3.2366 18.0000
v -20.7634 2.5729 18.0000
v -19.9271 2.1468 18.0000
v -19.0000 2.0000 18.0000
v -18.0729 2.1468 18.0000
v -17.2366 2.5729 18.0000
v -16.5729 3.2366 18.0000
v -16.1468 4.0729 18.0000
v -16.0000 5.0000 8.0000
v -16.1468 5.9271 8.0000
v -16.5729 6.7634 8.0000
v -17.2366 7.4271 8.0000
v -18.0729 7.8532 8.0000
v -19.0000 8.0000 8.0000
v -19.9271 7.8532 8.0000
v -20.7634 7.4271 8.0000
v -21.4271 6.7634 8.0000
v -21.8532 5.9271 8.0000
v -22.0000 5.0000 8.0000
v -21.8532 4.0729 8.0000
v -21.4271 3.2366 8.0000
v -20.7634 2.5729 8.0000
v -19.9271 2.1468 8.0000
v -19.0000 2.0000 8.0000
v -18.0729 2.1468 8.0000
v -17.2366 2.5729 8.0000
v -16.5729 3.2366 8.0000
v -16.1468 4.0729 8.0000
v -19.0000 5.0000 8.0000
v -16.0000 5.0000 18.0000
v -16.1468 5.9271 18.0000
v -16.5729 6.7634 18.0000
v -17.2366 7.4271 18.0000
v -18.0729 7.8532 18.0000
v -19.0000 8.0000 18.0000
v -19.9271 7.8532 18.0000
v -20.7634 7.4271 18.0000
v -21.4271 6.7634 18.0000
v -21.8532 5.9271 18.0000
v -22.0000 5.0000 18.0000
v -21.8532 4.0729 18.0000
v -21.4271 3.2366 18.0000
v -20.7634 2.5729 18.0000
v -19.9271 2.1468 18.0000
v -19.0000 2.0000 18.0000
v -18.0729 2.1468 18.0000
v -17.2366 2.5729 18.0000
v -16.5729 3.2366 18.0000
v -16.1468 4.0729 18.0000
v -19.0000 5.0000 18.0000
v -18.2000 5.0000 3.0000
v -18.2392 5.2472 3.0000
v -18.3528 5.4702 3.0000
v -18.5298 5.6472 3.0000
v -18.7528 5.7608 3.0000
v -19.0000 5.8000 3.0000
v -19.2472 5.7608 3.0000
v -19.4702 5.6472 3.0000
v -19.6472 5.4702 3.0000
v -19.7608 5.2472 3.0000
v -19.8000 5.0000 3.0000
v -19.7608 4.7528 3.0000
v -19.6472 4.5298 3.0000
v -19.4702 4.3528 3.0000
v -19.2472 4.2392 3.0000
v -19.0000 4.2000 3.0000
v -18.7528 4.2392 3.0000
v -18.5298 4.3528 3.0000
v -18.3528 4.5298 3.0000
v -18.2392 4.7528 3.0000
v -16.0000 5.0000 8.0000
v -16.1468 5.9271 8.0000
v -16.5729 6.7634 8.0000
v -17.2366 7.4271 8.0000
v -18.0729 7.8532 8.0000
v -19.0000 8.0000 8.0000
v -19.9271 7.8532 8.0000
v -20.7634 7.4271 8.0000
v -21.4271 6.7634 8.0000
v -21.8532 5.9271 8.0000
v -22.0000 5.0000 8.0000
v -21.8532 4.0729 8.0000
v -21.4271 3.2366 8.0000
v -20.7634 2.5729 8.0000
v -19.9271 2.1468 8.0000
v -19.0000 2.0000 8.0000
v -18.0729 2.1468 8.0000
v -17.2366 2.5729 8.0000
v -16.5729 3.2366 8.0000
v -16.1468 4.0729 8.0000
v -18.2000 5.0000 3.0000
v -18.2392 5.2472 3.0000
v -18.3528 5.4702 3.0000
v -18.5298 5.6472 3.0000
v -18.7528 5.7608 3.0000
v -19.0000 5.8000 3.0000
v -19.2472 5.7608 3.0000
v -19.4702 5.6472 3.0000
v -19.6472 5.4702 3.0000
v -19.7608 5.2472 3.0000
v -19.8000 5.0000 3.0000
v -19.7608 4.7528 3.0000
v -19.6472 4.5298 3.0000
v -19.4702 4.3528 3.0000
v -19.2472 4.2392 3.0000
v -19.0000 4.2000 3.0000
v -18.7528 4.2392 3.0000
v -18.5298 4.3528 3.0000
v -18.3528 4.5298 3.0000
v -18.2392 4.7528 3.0000
v -19.0000 5.0000 3.0000
v -16.0000 5.0000 8.0000
v -16.1468 5.9271 8.0000
v -16.5729 6.7634 8.0000
v -17.2366 7.4271 8.0000
v -18.0729 7.8532 8.0000
v -19.0000 8.0000 8.0000
v -19.9271 7.8532 8.0000
v -20.7634 7.4271 8.0000
v -21.4271 6.7634 8.0000
v -21.8532 5.9271 8.0000
v -22.0000 5.0000 8.0000
v -21.8532 4.0729 8.0000
v -21.4271 3.2366 8.0000
v -20.7634 2.5729 8.0000
v -19.9271 2.1468 8.0000
v -19.0000 2.0000 8.0000
v -18.0729 2.1468 8.0000
v -17.2366 2.5729 8.0000
v -16.5729 3.2366 8.0000
v -16.1468 4.0729 8.0000
v -19.0000 5.0000 8.0000
vn 0.9986 0.0527 0.0000
vn 0.9334 0.3587 0.0000
vn 0.7769 0.6296 0.0000
vn 0.5443 0.8389 0.0000
vn 0.2584 0.9660 0.0000
vn -0.0527 0.9986 0.0000
vn -0.3587 0.9334 0.0000
vn -0.6296 0.7769 0.0000
vn -0.8389 0.5443 0.0000
vn -0.9660 0.2584 0.0000
vn -0.9986 -0.0527 0.0000
vn -0.9334 -0.3587 0.0000
vn -0.7769 -0.6296 0.0000
vn -0.5443 -0.8389 0.0000
vn -0.2584 -0.9660 0.0000
vn 0.0527 -0.9986 0.0000
vn 0.3587 -0.9334 0.0000
vn 0.6296 -0.7769 0.0000
vn 0.8389 -0.5443 0.0000
vn 0.9660 -0.2584 0.0000
vn 0.9986 -0.0527 0.0000
vn 0.9660 0.2584 0.0000
vn 0.8389 0.5443 0.0000
vn 0.6296 0.7769 0.0000
vn 0.3587 0.9334 0.0000
vn 0.0527 0.9986 0.0000
vn -0.2584 0.9660 0.0000
vn -0.5443 0.8389 0.0000
vn -0.7769 0.6296 0.0000
vn -0.9334 0.3587 0.0000
vn -0.9986 0.0527 0.0000
vn -0.9660 -0.2584 0.0000
vn -0.8389 -0.5443 0.0000
vn -0.6296 -0.7769 0.0000
vn -0.3587 -0.9334 0.0000
vn -0.0527 -0.9986 0.0000
vn 0.2584 -0.9660 0.0000
vn 0.5443 -0.8389 0.0000
vn 0.7769 -0.6296 0.0000
vn 0.9334 -0.3587 0.0000
vn 0.0000 0.0000 -1.0000
vn 0.0000 0.0000 -1.0000
vn 0.0000 0.0000 -1.0000
vn 0.0000 0.0000 -1.0000
vn 0.0000 0.0000 -1.0000
vn 0.0000 0.0000 -1.0000
vn 0.0000 0.0000 -1.0000
vn 0.0000 0.0000 -1.0000
vn 0.0000 0.0000 -1.0000
vn 0.0000 0.0000 -1.0000
vn 0.0000 0.0000 -1.0000
vn 0.0000 0.0000 -1.0000
vn 0.0000 0.0000 -1.0000
vn 0.0000 0.0000 -1.0000
vn 0.0000 0.0000 -1.0000
vn 0.0000 0.0000 -1.0000
vn 0.0000 0.0000 -1.0000
vn 0.0000 0.0000 -1.0000
vn 0.0000 0.0000 -1.0000
vn 0.0000 0.0000 -1.0000
vn 0.0000 0.0000 -1.0000
vn 0.0000 0.0000 1.0000
vn 0.0000 0.0000 1.0000
vn 0.0000 0.0000 1.0000
vn 0.0000 0.0000 1.0000
vn 0.0000 0.0000 1.0000
vn 0.0000 0.0000 1.0000
vn 0.0000 0.0000 1.0000
vn 0.0000 0.0000 1.0000
vn 0.0000 0.0000 1.0000
vn 0.0000 0.0000 1.0000
vn 0.0000 0.0000 1.0000
vn 0.0000 0.0000 1.0000
vn 0.0000 0.0000 1.0000
vn 0.0000 0.0000 1.0000
vn 0.0000 0.0000 1.0000
vn 0.0000 0.0000 1.0000
vn 0.0000 0.0000 1.0000
vn 0.0000 0.0000 1.0000
vn 0.0000 0.0000 1.0000
vn 0.0000 0.0000 1.0000
vn 0.0000 0.0000 1.0000
vn 0.9113 0.0941 -0.4010
vn 0.8376 0.3711 -0.4010
vn 0.6819 0.6118 -0.4010
vn 0.4595 0.7925 -0.4010
vn 0.1921 0.8957 -0.4010
vn -0.0941 0.9113 -0.4010
vn -0.3711 0.8376 -0.4010
vn -0.6118 0.6819 -0.4010
vn -0.7925 0.4595 -0.4010
vn -0.8957 0.1921 -0.4010
vn -0.9113 -0.0941 -0.4010
vn -0.8376 -0.3711 -0.4010
vn -0.6819 -0.6118 -0.4010
vn -0.4595 -0.7925 -0.4010
vn -0.1921 -0.8957 -0.4010
vn 0.0941 -0.9113 -0.4010
vn 0.3711 -0.8376 -0.4010
vn 0.6118 -0.6819 -0.4010
vn 0.7925 -0.4595 -0.4010
vn 0.8957 -0.1921 -0.4010
vn 0.9152 -0.0171 -0.4027
vn 0.8757 0.2666 -0.4027
vn 0.7504 0.5241 -0.4027
vn 0.5517 0.7304 -0.4027
vn 0.2990 0.8651 -0.4027
vn 0.0171 0.9152 -0.4027
vn -0.2666 0.8757 -0.4027
vn -0.5241 0.7504 -0.4027
vn -0.7304 0.5517 -0.4027
vn -0.8651 0.2990 -0.4027
vn -0.9152 0.0171 -0.4027
vn -0.8757 -0.2666 -0.4027
vn -0.7504 -0.5241 -0.4027
vn -0.5517 -0.7304 -0.4027
vn -0.2990 -0.8651 -0.4027
vn -0.0171 -0.9152 -0.4027
vn 0.2666 -0.8757 -0.4027
vn 0.5241 -0.7504 -0.4027
vn 0.7304 -0.5517 -0.4027
vn 0.8651 -0.2990 -0.4027
vn 0.0000 0.0000 -1.0000
vn 0.0000 0.0000 -1.0000
vn 0.0000 0.0000 -1.0000
vn 0.0000 0.0000 -1.0000
vn 0.0000 0.0000 -1.0000
vn 0.0000 0.0000 -1.0000
vn 0.0000 0.0000 -1.0000
vn 0.0000 0.0000 -1.0000
vn 0.0000 0.0000 -1.0000
vn 0.0000 0.0000 -1.0000
vn 0.0000 0.0000 -1.0000
vn 0.0000 0.0000 -1.0000
vn 0.0000 0.0000 -1.0000
vn 0.0000 0.0000 -1.0000
vn 0.0000 0.0000 -1.0000
vn 0.0000 0.0000 -1.0000
vn 0.0000 0.0000 -1.0000
vn 0.0000 0.0000 -1.0000
vn 0.0000 0.0000 -1.0000
vn 0.0000 0.0000 -1.0000
vn 0.0000 0.0000 -1.0000
vn 0.0000 0.0000 1.0000
vn 0.0000 0.0000 1.0000
vn 0.0000 0.0000 1.0000
vn 0.0000 0.0000 1.0000
vn 0.0000 0.0000 1.0000
vn 0.0000 0.0000 1.0000
vn 0.0000 0.0000 1.0000
vn 0.0000 0.0000 1.0000
vn 0.0000 0.0000 1.0000
vn 0.0000 0.0000 1.0000
vn 0.0000 0.0000 1.0000
vn 0.0000 0.0000 1.0000
vn 0.0000 0.0000 1.0000
vn 0.0000 0.0000 1.0000
vn 0.0000 0.0000 1.0000
vn 0.0000 0.0000 1.0000
vn 0.0000 0.0000 1.0000
vn 0.0000 0.0000 1.0000
vn 0.0000 0.0000 1.0000
vn 0.0000 0.0000 1.0000
vn 0.0000 0.0000 1.0000
f 1877//1877 1878//1878 1898//1898
f 1877//1877 1898//1898 1897//1897
f 1878//1878 1879//1879 1899//1899
f 1878//1878 1899//1899 1898//1898
f 1879//1879 1880//1880 1900//1900
f 1879//1879 1900//1900 1899//1899
f 1880//1880 1881//1881 1901//1901
f 1880//1880 1901//1901 1900//1900
f 1881//1881 1882//1882 1902//1902
f 1881//1881 1902//1902 1901//1901
f 1882//1882 1883//1883 1903//1903
f 1882//1882 1903//1903 1902//1902
f 1883//1883 1884//1884 1904//1904
f 1883//1883 1904//1904 1903//1903
f 1884//1884 1885//1885 1905//1905
f 1884//1884 1905//1905 1904//1904
f 1885//1885 1886//1886 1906//1906
f 1885//1885 1906//1906 1905//1905
f 1886//1886 1887//1887 1907//1907
f 1886//1886 1907//1907 1906//1906
f 1887//1887 1888//1888 1908//1908
f 1887//1887 1908//1908 1907//1907
f 1888//1888 1889//1889 1909//1909
f 1888//1888 1909//1909 1908//1908
f 1889//1889 1890//1890 1910//1910
f 1889//1889 1910//1910 1909//1909
f 1890//1890 1891//1891 1911//1911
f 1890//1890 1911//1911 1910//1910
f 1891//1891 1892//1892 1912//1912
f 1891//1891 1912//1912 1911//1911
f 1892//1892 1893//1893 1913//1913
f 1892//1892 1913//1913 1912//1912
f 1893//1893 1894//1894 1914//1914
f 1893//1893 1914//1914 1913//1913
f 1894//1894 1895//1895 1915//1915
f 1894//1894 1915//1915 1914//1914
f 1895//1895 1896//1896 1916//1916
f 1895//1895 1916//1916 1915//1915
f 1896//1896 1877//1877 1897//1897
f 1896//1896 1897//1897 1916//1916
f 1918//1918 1917//1917 1937//1937
f 1919//1919 1918//1918 1937//1937
f 1920//1920 1919//1919 1937//1937
f 1921//1921 1920//1920 1937//1937
f 1922//1922 1921//1921 1937//1937
f 1923//1923 1922//1922 1937//1937
f 1924//1924 1923//1923 1937//1937
f 1925//1925 1924//1924 1937//1937
f 1926//1926 1925//1925 1937//1937
f 1927//1927 1926//1926 1937//1937
f 1928//1928 1927//1927 1937//1937
f 1929//1929 1928//1928 1937//1937
f 1930//1930 1929//1929 1937//1937
f 1931//1931 1930//1930 1937//1937
f 1932//1932 1931//1931 1937//1937
f 1933//1933 1932//1932 1937//1937
f 1934//1934 1933//1933 1937//1937
f 1935//1935 1934//1934 1937//1937
f 1936//1936 1935//1935 1937//1937
f 1917//1917 1936//1936 1937//1937
f 1938//1938 1939//1939 1958//1958
f 1939//1939 1940//1940 1958//1958
f 1940//1940 1941//1941 1958//1958
f 1941//1941 1942//1942 1958//1958
f 1942//1942 1943//1943 1958//1958
f 1943//1943 1944//1944 1958//1958
f 1944//1944 1945//1945 1958//1958
f 1945//1945 1946//1946 1958//1958
f 1946//1946 1947//1947 1958//1958
f 1947//1947 1948//1948 1958//1958
f 1948//1948 1949//1949 1958//1958
f 1949//1949 1950//1950 1958//1958
f 1950//1950 1951//1951 1958//1958
f 1951//1951 1952//1952 1958//1958
f 1952//1952 1953//1953 1958//1958
f 1953//1953 1954//1954 1958//1958
f 1954//1954 1955//1955 1958//1958
f 1955//1955 1956//1956 1958//1958
f 1956//1956 1957//1957 1958//1958
f 1957//1957 1938//1938 1958//1958
f 1959//1959 1960//1960 1980//1980
f 1959//1959 1980//1980 1979//1979
f 1960//1960 1961//1961 1981//1981
f 1960//1960 1981//1981 1980//1980
f 1961//1961 1962//1962 1982//1982
f 1961//1961 1982//1982 1981//1981
f 1962//1962 1963//1963 1983//1983
f 1962//1962 1983//1983 1982//1982
f 1963//1963 1964//1964 1984//1984
f 1963//1963 1984//1984 1983//1983
f 1964//1964 1965//1965 1985//1985
f 1964//1964 1985//1985 1984//1984
f 1965//1965 1966//1966 1986//1986
f 1965//1965 1986//1986 1985//1985
f 1966//1966 1967//1967 1987//1987
f 1966//1966 1987//1987 1986//1986
f 1967//1967 1968//1968 1988//1988
f 1967//1967 1988//1988 1987//1987
f 1968//1968 1969//1969 1989//1989
f 1968//1968 1989//1989 1988//1988
f 1969//1969 1970//1970 1990//1990
f 1969//1969 1990//1990 1989//1989
f 1970//1970 1971//1971 1991//1991
f 1970//1970 1991//1991 1990//1990
f 1971//1971 1972//1972 1992//1992
f 1971//1971 1992//1992 1991//1991
f 1972//1972 1973//1973 1993//1993
f 1972//1972 1993//1993 1992//1992
f 1973//1973 1974//1974 1994//1994
f 1973//1973 1994//1994 1993//1993
f 1974//1974 1975//1975 1995//1995
f 1974//1974 1995//1995 1994//1994
f 1975//1975 1976//1976 1996//1996
f 1975//1975 1996//1996 1995//1995
f 1976//1976 1977//1977 1997//1997
f 1976//1976 1997//1997 1996//1996
f 1977//1977 1978//1978 1998//1998
f 1977//1977 1998//1998 1997//1997
f 1978//1978 1959//1959 1979//1979
f 1978//1978 1979//1979 1998//1998
f 2000//2000 1999//1999 2019//2019
f 2001//2001 2000//2000 2019//2019
f 2002//2002 2001//2001 2019//2019
f 2003//2003 2002//2002 2019//2019
f 2004//2004 2003//2003 2019//2019
f 2005//2005 2004//2004 2019//2019
f 2006//2006 2005//2005 2019//2019
f 2007//2007 2006//2006 2019//2019
f 2008//2008 2007//2007 2019//2019
f 2009//2009 2008//2008 2019//2019
f 2010//2010 2009//2009 2019//2019
f 2011//2011 2010//2010 2019//2019
f 2012//2012 2011//2011 2019//2019
f 2013//2013 2012//2012 2019//2019
f 2014//2014 2013//2013 2019//2019
f 2015//2015 2014//2014 2019//2019
f 2016//2016 2015//2015 2019//2019
f 2017//2017 2016//2016 2019//2019
f 2018//2018 2017//2017 2019//2019
f 1999//1999 2018//2018 2019//2019
f 2020//2020 2021//2021 2040//2040
f 2021//2021 2022//2022 2040//2040
f 2022//2022 2023//2023 2040//2040
f 2023//2023 2024//2024 2040//2040
f 2024//2024 2025//2025 2040//2040
f 2025//2025 2026//2026 2040//2040
f 2026//2026 2027//2027 2040//2040
f 2027//2027 2028//2028 2040//2040
f 2028//2028 2029//2029 2040//2040
f 2029//2029 2030//2030 2040//2040
f 2030//2030 2031//2031 2040//2040
f 2031//2031 2032//2032 2040//2040
f 2032//2032 2033//2033 2040//2040
f 2033//2033 2034//2034 2040//2040
f 2034//2034 2035//2035 2040//2040
f 2035//2035 2036//2036 2040//2040
f 2036//2036 2037//2037 2040//2040
f 2037//2037 2038//2038 2040//2040
f 2038//2038 2039//2039 2040//2040
f 2039//2039 2020//2020 2040//2040

o IM_BF_BustlePipe
g 01_BlastFurnace
usemtl Steel_Matte
s 1
v 6.1000 5.0000 17.0000
v 5.8364 5.0000 17.6364
v 5.2000 5.0000 17.9000
v 4.5636 5.0000 17.6364
v 4.3000 5.0000 17.0000
v 4.5636 5.0000 16.3636
v 5.2000 5.0000 16.1000
v 5.8364 5.0000 16.3636
v 5.8867 7.1655 17.0000
v 5.6282 7.1141 17.6364
v 5.0040 6.9899 17.9000
v 4.3798 6.8658 17.6364
v 4.1213 6.8143 17.0000
v 4.3798 6.8658 16.3636
v 5.0040 6.9899 16.1000
v 5.6282 7.1141 16.3636
v 5.2551 9.2478 17.0000
v 5.0115 9.1469 17.6364
v 4.4236 8.9034 17.9000
v 3.8356 8.6598 17.6364
v 3.5921 8.5590 17.0000
v 3.8356 8.6598 16.3636
v 4.4236 8.9034 16.1000
v 5.0115 9.1469 16.3636
v 4.2293 11.1668 17.0000
v 4.0101 11.0204 17.6364
v 3.4810 10.6668 17.9000
v 2.9518 10.3133 17.6364
v 2.7327 10.1668 17.0000
v 2.9518 10.3133 16.3636
v 3.4810 10.6668 16.1000
v 4.0101 11.0204 16.3636
v 2.8489 12.8489 17.0000
v 2.6625 12.6625 17.6364
v 2.2125 12.2125 17.9000
v 1.7625 11.7625 17.6364
v 1.5761 11.5761 17.0000
v 1.7625 11.7625 16.3636
v 2.2125 12.2125 16.1000
v 2.6625 12.6625 16.3636
v 1.1668 14.2293 17.0000
v 1.0204 14.0101 17.6364
v 0.6668 13.4810 17.9000
v 0.3133 12.9518 17.6364
v 0.1668 12.7327 17.0000
v 0.3133 12.9518 16.3636
v 0.6668 13.4810 16.1000
v 1.0204 14.0101 16.3636
v -0.7522 15.2551 17.0000
v -0.8531 15.0115 17.6364
v -1.0966 14.4236 17.9000
v -1.3402 13.8356 17.6364
v -1.4410 13.5921 17.0000
v -1.3402 13.8356 16.3636
v -1.0966 14.4236 16.1000
v -0.8531 15.0115 16.3636
v -2.8345 15.8867 17.0000
v -2.8859 15.6282 17.6364
v -3.0101 15.0040 17.9000
v -3.1342 14.3798 17.6364
v -3.1857 14.1213 17.0000
v -3.1342 14.3798 16.3636
v -3.0101 15.0040 16.1000
v -2.8859 15.6282 16.3636
v -5.0000 16.1000 17.0000
v -5.0000 15.8364 17.6364
v -5.0000 15.2000 17.9000
v -5.0000 14.5636 17.6364
v -5.0000 14.3000 17.0000
v -5.0000 14.5636 16.3636
v -5.0000 15.2000 16.1000
v -5.0000 15.8364 16.3636
v -7.1655 15.8867 17.0000
v -7.1141 15.6282 17.6364
v -6.9899 15.0040 17.9000
v -6.8658 14.3798 17.6364
v -6.8143 14.1213 17.0000
v -6.8658 14.3798 16.3636
v -6.9899 15.0040 16.1000
v -7.1141 15.6282 16.3636
v -9.2478 15.2551 17.0000
v -9.1469 15.0115 17.6364
v -8.9034 14.4236 17.9000
v -8.6598 13.8356 17.6364
v -8.5590 13.5921 17.0000
v -8.6598 13.8356 16.3636
v -8.9034 14.4236 16.1000
v -9.1469 15.0115 16.3636
v -11.1668 14.2293 17.0000
v -11.0204 14.0101 17.6364
v -10.6668 13.4810 17.9000
v -10.3133 12.9518 17.6364
v -10.1668 12.7327 17.0000
v -10.3133 12.9518 16.3636
v -10.6668 13.4810 16.1000
v -11.0204 14.0101 16.3636
v -12.8489 12.8489 17.0000
v -12.6625 12.6625 17.6364
v -12.2125 12.2125 17.9000
v -11.7625 11.7625 17.6364
v -11.5761 11.5761 17.0000
v -11.7625 11.7625 16.3636
v -12.2125 12.2125 16.1000
v -12.6625 12.6625 16.3636
v -14.2293 11.1668 17.0000
v -14.0101 11.0204 17.6364
v -13.4810 10.6668 17.9000
v -12.9518 10.3133 17.6364
v -12.7327 10.1668 17.0000
v -12.9518 10.3133 16.3636
v -13.4810 10.6668 16.1000
v -14.0101 11.0204 16.3636
v -15.2551 9.2478 17.0000
v -15.0115 9.1469 17.6364
v -14.4236 8.9034 17.9000
v -13.8356 8.6598 17.6364
v -13.5921 8.5590 17.0000
v -13.8356 8.6598 16.3636
v -14.4236 8.9034 16.1000
v -15.0115 9.1469 16.3636
v -15.8867 7.1655 17.0000
v -15.6282 7.1141 17.6364
v -15.0040 6.9899 17.9000
v -14.3798 6.8658 17.6364
v -14.1213 6.8143 17.0000
v -14.3798 6.8658 16.3636
v -15.0040 6.9899 16.1000
v -15.6282 7.1141 16.3636
v -16.1000 5.0000 17.0000
v -15.8364 5.0000 17.6364
v -15.2000 5.0000 17.9000
v -14.5636 5.0000 17.6364
v -14.3000 5.0000 17.0000
v -14.5636 5.0000 16.3636
v -15.2000 5.0000 16.1000
v -15.8364 5.0000 16.3636
v -15.8867 2.8345 17.0000
v -15.6282 2.8859 17.6364
v -15.0040 3.0101 17.9000
v -14.3798 3.1342 17.6364
v -14.1213 3.1857 17.0000
v -14.3798 3.1342 16.3636
v -15.0040 3.0101 16.1000
v -15.6282 2.8859 16.3636
v -15.2551 0.7522 17.0000
v -15.0115 0.8531 17.6364
v -14.4236 1.0966 17.9000
v -13.8356 1.3402 17.6364
v -13.5921 1.4410 17.0000
v -13.8356 1.3402 16.3636
v -14.4236 1.0966 16.1000
v -15.0115 0.8531 16.3636
v -14.2293 -1.1668 17.0000
v -14.0101 -1.0204 17.6364
v -13.4810 -0.6668 17.9000
v -12.9518 -0.3133 17.6364
v -12.7327 -0.1668 17.0000
v -12.9518 -0.3133 16.3636
v -13.4810 -0.6668 16.1000
v -14.0101 -1.0204 16.3636
v -12.8489 -2.8489 17.0000
v -12.6625 -2.6625 17.6364
v -12.2125 -2.2125 17.9000
v -11.7625 -1.7625 17.6364
v -11.5761 -1.5761 17.0000
v -11.7625 -1.7625 16.3636
v -12.2125 -2.2125 16.1000
v -12.6625 -2.6625 16.3636
v -11.1668 -4.2293 17.0000
v -11.0204 -4.0101 17.6364
v -10.6668 -3.4810 17.9000
v -10.3133 -2.9518 17.6364
v -10.1668 -2.7327 17.0000
v -10.3133 -2.9518 16.3636
v -10.6668 -3.4810 16.1000
v -11.0204 -4.0101 16.3636
v -9.2478 -5.2551 17.0000
v -9.1469 -5.0115 17.6364
v -8.9034 -4.4236 17.9000
v -8.6598 -3.8356 17.6364
v -8.5590 -3.5921 17.0000
v -8.6598 -3.8356 16.3636
v -8.9034 -4.4236 16.1000
v -9.1469 -5.0115 16.3636
v -7.1655 -5.8867 17.0000
v -7.1141 -5.6282 17.6364
v -6.9899 -5.0040 17.9000
v -6.8658 -4.3798 17.6364
v -6.8143 -4.1213 17.0000
v -6.8658 -4.3798 16.3636
v -6.9899 -5.0040 16.1000
v -7.1141 -5.6282 16.3636
v -5.0000 -6.1000 17.0000
v -5.0000 -5.8364 17.6364
v -5.0000 -5.2000 17.9000
v -5.0000 -4.5636 17.6364
v -5.0000 -4.3000 17.0000
v -5.0000 -4.5636 16.3636
v -5.0000 -5.2000 16.1000
v -5.0000 -5.8364 16.3636
v -2.8345 -5.8867 17.0000
v -2.8859 -5.6282 17.6364
v -3.0101 -5.0040 17.9000
v -3.1342 -4.3798 17.6364
v -3.1857 -4.1213 17.0000
v -3.1342 -4.3798 16.3636
v -3.0101 -5.0040 16.1000
v -2.8859 -5.6282 16.3636
v -0.7522 -5.2551 17.0000
v -0.8531 -5.0115 17.6364
v -1.0966 -4.4236 17.9000
v -1.3402 -3.8356 17.6364
v -1.4410 -3.5921 17.0000
v -1.3402 -3.8356 16.3636
v -1.0966 -4.4236 16.1000
v -0.8531 -5.0115 16.3636
v 1.1668 -4.2293 17.0000
v 1.0204 -4.0101 17.6364
v 0.6668 -3.4810 17.9000
v 0.3133 -2.9518 17.6364
v 0.1668 -2.7327 17.0000
v 0.3133 -2.9518 16.3636
v 0.6668 -3.4810 16.1000
v 1.0204 -4.0101 16.3636
v 2.8489 -2.8489 17.0000
v 2.6625 -2.6625 17.6364
v 2.2125 -2.2125 17.9000
v 1.7625 -1.7625 17.6364
v 1.5761 -1.5761 17.0000
v 1.7625 -1.7625 16.3636
v 2.2125 -2.2125 16.1000
v 2.6625 -2.6625 16.3636
v 4.2293 -1.1668 17.0000
v 4.0101 -1.0204 17.6364
v 3.4810 -0.6668 17.9000
v 2.9518 -0.3133 17.6364
v 2.7327 -0.1668 17.0000
v 2.9518 -0.3133 16.3636
v 3.4810 -0.6668 16.1000
v 4.0101 -1.0204 16.3636
v 5.2551 0.7522 17.0000
v 5.0115 0.8531 17.6364
v 4.4236 1.0966 17.9000
v 3.8356 1.3402 17.6364
v 3.5921 1.4410 17.0000
v 3.8356 1.3402 16.3636
v 4.4236 1.0966 16.1000
v 5.0115 0.8531 16.3636
v 5.8867 2.8345 17.0000
v 5.6282 2.8859 17.6364
v 5.0040 3.0101 17.9000
v 4.3798 3.1342 17.6364
v 4.1213 3.1857 17.0000
v 4.3798 3.1342 16.3636
v 5.0040 3.0101 16.1000
v 5.6282 2.8859 16.3636
vn 1.0000 -0.0000 0.0000
vn 0.7111 -0.0105 0.7030
vn 0.0086 -0.0136 0.9999
vn -0.7025 -0.0087 0.7116
vn -1.0000 0.0000 0.0000
vn -0.7025 0.0087 -0.7116
vn 0.0086 0.0136 -0.9999
vn 0.7111 0.0105 -0.7030
vn 0.9808 0.1951 0.0000
vn 0.6995 0.1285 0.7030
vn 0.0111 -0.0117 0.9999
vn -0.6873 -0.1455 0.7116
vn -0.9808 -0.1951 0.0000
vn -0.6907 -0.1286 -0.7116
vn 0.0058 0.0150 -0.9999
vn 0.6954 0.1490 -0.7030
vn 0.9239 0.3827 -0.0000
vn 0.6610 0.2625 0.7030
vn 0.0132 -0.0093 0.9999
vn -0.6457 -0.2768 0.7116
vn -0.9239 -0.3827 0.0000
vn -0.6523 -0.2608 -0.7116
vn 0.0028 0.0159 -0.9999
vn 0.6530 0.2818 -0.7030
vn 0.8315 0.5556 0.0000
vn 0.5971 0.3864 0.7030
vn 0.0147 -0.0065 0.9999
vn -0.5793 -0.3975 0.7116
vn -0.8315 -0.5556 -0.0000
vn -0.5889 -0.3831 -0.7116
vn -0.0004 0.0161 -0.9999
vn 0.5855 0.4038 -0.7030
vn 0.7071 0.7071 0.0000
vn 0.5103 0.4954 0.7030
vn 0.0157 -0.0035 0.9999
vn -0.4906 -0.5029 0.7116
vn -0.7071 -0.7071 0.0000
vn -0.5029 -0.4906 -0.7116
vn -0.0035 0.0157 -0.9999
vn 0.4954 0.5103 -0.7030
vn 0.5556 0.8315 -0.0000
vn 0.4038 0.5855 0.7030
vn 0.0161 -0.0004 0.9999
vn -0.3831 -0.5889 0.7116
vn -0.5556 -0.8315 0.0000
vn -0.3975 -0.5793 -0.7116
vn -0.0065 0.0147 -0.9999
vn 0.3864 0.5971 -0.7030
vn 0.3827 0.9239 0.0000
vn 0.2818 0.6530 0.7030
vn 0.0159 0.0028 0.9999
vn -0.2608 -0.6523 0.7116
vn -0.3827 -0.9239 -0.0000
vn -0.2768 -0.6457 -0.7116
vn -0.0093 0.0132 -0.9999
vn 0.2625 0.6610 -0.7030
vn 0.1951 0.9808 0.0000
vn 0.1490 0.6954 0.7030
vn 0.0150 0.0058 0.9999
vn -0.1286 -0.6907 0.7116
vn -0.1951 -0.9808 -0.0000
vn -0.1455 -0.6873 -0.7116
vn -0.0117 0.0111 -0.9999
vn 0.1285 0.6995 -0.7030
vn 0.0000 1.0000 0.0000
vn 0.0105 0.7111 0.7030
vn 0.0136 0.0086 0.9999
vn 0.0087 -0.7025 0.7116
vn -0.0000 -1.0000 -0.0000
vn -0.0087 -0.7025 -0.7116
vn -0.0136 0.0086 -0.9999
vn -0.0105 0.7111 -0.7030
vn -0.1951 0.9808 -0.0000
vn -0.1285 0.6995 0.7030
vn 0.0117 0.0111 0.9999
vn 0.1455 -0.6873 0.7116
vn 0.1951 -0.9808 0.0000
vn 0.1286 -0.6907 -0.7116
vn -0.0150 0.0058 -0.9999
vn -0.1490 0.6954 -0.7030
vn -0.3827 0.9239 -0.0000
vn -0.2625 0.6610 0.7030
vn 0.0093 0.0132 0.9999
vn 0.2768 -0.6457 0.7116
vn 0.3827 -0.9239 -0.0000
vn 0.2608 -0.6523 -0.7116
vn -0.0159 0.0028 -0.9999
vn -0.2818 0.6530 -0.7030
vn -0.5556 0.8315 0.0000
vn -0.3864 0.5971 0.7030
vn 0.0065 0.0147 0.9999
vn 0.3975 -0.5793 0.7116
vn 0.5556 -0.8315 -0.0000
vn 0.3831 -0.5889 -0.7116
vn -0.0161 -0.0004 -0.9999
vn -0.4038 0.5855 -0.7030
vn -0.7071 0.7071 -0.0000
vn -0.4954 0.5103 0.7030
vn 0.0035 0.0157 0.9999
vn 0.5029 -0.4906 0.7116
vn 0.7071 -0.7071 0.0000
vn 0.4906 -0.5029 -0.7116
vn -0.0157 -0.0035 -0.9999
vn -0.5103 0.4954 -0.7030
vn -0.8315 0.5556 -0.0000
vn -0.5855 0.4038 0.7030
vn 0.0004 0.0161 0.9999
vn 0.5889 -0.3831 0.7116
vn 0.8315 -0.5556 0.0000
vn 0.5793 -0.3975 -0.7116
vn -0.0147 -0.0065 -0.9999
vn -0.5971 0.3864 -0.7030
vn -0.9239 0.3827 0.0000
vn -0.6530 0.2818 0.7030
vn -0.0028 0.0159 0.9999
vn 0.6523 -0.2608 0.7116
vn 0.9239 -0.3827 -0.0000
vn 0.6457 -0.2768 -0.7116
vn -0.0132 -0.0093 -0.9999
vn -0.6610 0.2625 -0.7030
vn -0.9808 0.1951 0.0000
vn -0.6954 0.1490 0.7030
vn -0.0058 0.0150 0.9999
vn 0.6907 -0.1286 0.7116
vn 0.9808 -0.1951 -0.0000
vn 0.6873 -0.1455 -0.7116
vn -0.0111 -0.0117 -0.9999
vn -0.6995 0.1285 -0.7030
vn -1.0000 0.0000 -0.0000
vn -0.7111 0.0105 0.7030
vn -0.0086 0.0136 0.9999
vn 0.7025 0.0087 0.7116
vn 1.0000 -0.0000 0.0000
vn 0.7025 -0.0087 -0.7116
vn -0.0086 -0.0136 -0.9999
vn -0.7111 -0.0105 -0.7030
vn -0.9808 -0.1951 -0.0000
vn -0.6995 -0.1285 0.7030
vn -0.0111 0.0117 0.9999
vn 0.6873 0.1455 0.7116
vn 0.9808 0.1951 0.0000
vn 0.6907 0.1286 -0.7116
vn -0.0058 -0.0150 -0.9999
vn -0.6954 -0.1490 -0.7030
vn -0.9239 -0.3827 -0.0000
vn -0.6610 -0.2625 0.7030
vn -0.0132 0.0093 0.9999
vn 0.6457 0.2768 0.7116
vn 0.9239 0.3827 -0.0000
vn 0.6523 0.2608 -0.7116
vn -0.0028 -0.0159 -0.9999
vn -0.6530 -0.2818 -0.7030
vn -0.8315 -0.5556 -0.0000
vn -0.5971 -0.3864 0.7030
vn -0.0147 0.0065 0.9999
vn 0.5793 0.3975 0.7116
vn 0.8315 0.5556 -0.0000
vn 0.5889 0.3831 -0.7116
vn 0.0004 -0.0161 -0.9999
vn -0.5855 -0.4038 -0.7030
vn -0.7071 -0.7071 -0.0000
vn -0.5103 -0.4954 0.7030
vn -0.0157 0.0035 0.9999
vn 0.4906 0.5029 0.7116
vn 0.7071 0.7071 0.0000
vn 0.5029 0.4906 -0.7116
vn 0.0035 -0.0157 -0.9999
vn -0.4954 -0.5103 -0.7030
vn -0.5556 -0.8315 0.0000
vn -0.4038 -0.5855 0.7030
vn -0.0161 0.0004 0.9999
vn 0.3831 0.5889 0.7116
vn 0.5556 0.8315 0.0000
vn 0.3975 0.5793 -0.7116
vn 0.0065 -0.0147 -0.9999
vn -0.3864 -0.5971 -0.7030
vn -0.3827 -0.9239 0.0000
vn -0.2818 -0.6530 0.7030
vn -0.0159 -0.0028 0.9999
vn 0.2608 0.6523 0.7116
vn 0.3827 0.9239 -0.0000
vn 0.2768 0.6457 -0.7116
vn 0.0093 -0.0132 -0.9999
vn -0.2625 -0.6610 -0.7030
vn -0.1951 -0.9808 -0.0000
vn -0.1490 -0.6954 0.7030
vn -0.0150 -0.0058 0.9999
vn 0.1286 0.6907 0.7116
vn 0.1951 0.9808 0.0000
vn 0.1455 0.6873 -0.7116
vn 0.0117 -0.0111 -0.9999
vn -0.1285 -0.6995 -0.7030
vn -0.0000 -1.0000 0.0000
vn -0.0105 -0.7111 0.7030
vn -0.0136 -0.0086 0.9999
vn -0.0087 0.7025 0.7116
vn 0.0000 1.0000 0.0000
vn 0.0087 0.7025 -0.7116
vn 0.0136 -0.0086 -0.9999
vn 0.0105 -0.7111 -0.7030
vn 0.1951 -0.9808 -0.0000
vn 0.1285 -0.6995 0.7030
vn -0.0117 -0.0111 0.9999
vn -0.1455 0.6873 0.7116
vn -0.1951 0.9808 -0.0000
vn -0.1286 0.6907 -0.7116
vn 0.0150 -0.0058 -0.9999
vn 0.1490 -0.6954 -0.7030
vn 0.3827 -0.9239 -0.0000
vn 0.2625 -0.6610 0.7030
vn -0.0093 -0.0132 0.9999
vn -0.2768 0.6457 0.7116
vn -0.3827 0.9239 0.0000
vn -0.2608 0.6523 -0.7116
vn 0.0159 -0.0028 -0.9999
vn 0.2818 -0.6530 -0.7030
vn 0.5556 -0.8315 0.0000
vn 0.3864 -0.5971 0.7030
vn -0.0065 -0.0147 0.9999
vn -0.3975 0.5793 0.7116
vn -0.5556 0.8315 -0.0000
vn -0.3831 0.5889 -0.7116
vn 0.0161 0.0004 -0.9999
vn 0.4038 -0.5855 -0.7030
vn 0.7071 -0.7071 0.0000
vn 0.4954 -0.5103 0.7030
vn -0.0035 -0.0157 0.9999
vn -0.5029 0.4906 0.7116
vn -0.7071 0.7071 0.0000
vn -0.4906 0.5029 -0.7116
vn 0.0157 0.0035 -0.9999
vn 0.5103 -0.4954 -0.7030
vn 0.8315 -0.5556 0.0000
vn 0.5855 -0.4038 0.7030
vn -0.0004 -0.0161 0.9999
vn -0.5889 0.3831 0.7116
vn -0.8315 0.5556 0.0000
vn -0.5793 0.3975 -0.7116
vn 0.0147 0.0065 -0.9999
vn 0.5971 -0.3864 -0.7030
vn 0.9239 -0.3827 0.0000
vn 0.6530 -0.2818 0.7030
vn 0.0028 -0.0159 0.9999
vn -0.6523 0.2608 0.7116
vn -0.9239 0.3827 -0.0000
vn -0.6457 0.2768 -0.7116
vn 0.0132 0.0093 -0.9999
vn 0.6610 -0.2625 -0.7030
vn 0.9808 -0.1951 -0.0000
vn 0.6954 -0.1490 0.7030
vn 0.0058 -0.0150 0.9999
vn -0.6907 0.1286 0.7116
vn -0.9808 0.1951 0.0000
vn -0.6873 0.1455 -0.7116
vn 0.0111 0.0117 -0.9999
vn 0.6995 -0.1285 -0.7030
f 2041//2041 2049//2049 2050//2050
f 2041//2041 2050//2050 2042//2042
f 2042//2042 2050//2050 2051//2051
f 2042//2042 2051//2051 2043//2043
f 2043//2043 2051//2051 2052//2052
f 2043//2043 2052//2052 2044//2044
f 2044//2044 2052//2052 2053//2053
f 2044//2044 2053//2053 2045//2045
f 2045//2045 2053//2053 2054//2054
f 2045//2045 2054//2054 2046//2046
f 2046//2046 2054//2054 2055//2055
f 2046//2046 2055//2055 2047//2047
f 2047//2047 2055//2055 2056//2056
f 2047//2047 2056//2056 2048//2048
f 2048//2048 2056//2056 2049//2049
f 2048//2048 2049//2049 2041//2041
f 2049//2049 2057//2057 2058//2058
f 2049//2049 2058//2058 2050//2050
f 2050//2050 2058//2058 2059//2059
f 2050//2050 2059//2059 2051//2051
f 2051//2051 2059//2059 2060//2060
f 2051//2051 2060//2060 2052//2052
f 2052//2052 2060//2060 2061//2061
f 2052//2052 2061//2061 2053//2053
f 2053//2053 2061//2061 2062//2062
f 2053//2053 2062//2062 2054//2054
f 2054//2054 2062//2062 2063//2063
f 2054//2054 2063//2063 2055//2055
f 2055//2055 2063//2063 2064//2064
f 2055//2055 2064//2064 2056//2056
f 2056//2056 2064//2064 2057//2057
f 2056//2056 2057//2057 2049//2049
f 2057//2057 2065//2065 2066//2066
f 2057//2057 2066//2066 2058//2058
f 2058//2058 2066//2066 2067//2067
f 2058//2058 2067//2067 2059//2059
f 2059//2059 2067//2067 2068//2068
f 2059//2059 2068//2068 2060//2060
f 2060//2060 2068//2068 2069//2069
f 2060//2060 2069//2069 2061//2061
f 2061//2061 2069//2069 2070//2070
f 2061//2061 2070//2070 2062//2062
f 2062//2062 2070//2070 2071//2071
f 2062//2062 2071//2071 2063//2063
f 2063//2063 2071//2071 2072//2072
f 2063//2063 2072//2072 2064//2064
f 2064//2064 2072//2072 2065//2065
f 2064//2064 2065//2065 2057//2057
f 2065//2065 2073//2073 2074//2074
f 2065//2065 2074//2074 2066//2066
f 2066//2066 2074//2074 2075//2075
f 2066//2066 2075//2075 2067//2067
f 2067//2067 2075//2075 2076//2076
f 2067//2067 2076//2076 2068//2068
f 2068//2068 2076//2076 2077//2077
f 2068//2068 2077//2077 2069//2069
f 2069//2069 2077//2077 2078//2078
f 2069//2069 2078//2078 2070//2070
f 2070//2070 2078//2078 2079//2079
f 2070//2070 2079//2079 2071//2071
f 2071//2071 2079//2079 2080//2080
f 2071//2071 2080//2080 2072//2072
f 2072//2072 2080//2080 2073//2073
f 2072//2072 2073//2073 2065//2065
f 2073//2073 2081//2081 2082//2082
f 2073//2073 2082//2082 2074//2074
f 2074//2074 2082//2082 2083//2083
f 2074//2074 2083//2083 2075//2075
f 2075//2075 2083//2083 2084//2084
f 2075//2075 2084//2084 2076//2076
f 2076//2076 2084//2084 2085//2085
f 2076//2076 2085//2085 2077//2077
f 2077//2077 2085//2085 2086//2086
f 2077//2077 2086//2086 2078//2078
f 2078//2078 2086//2086 2087//2087
f 2078//2078 2087//2087 2079//2079
f 2079//2079 2087//2087 2088//2088
f 2079//2079 2088//2088 2080//2080
f 2080//2080 2088//2088 2081//2081
f 2080//2080 2081//2081 2073//2073
f 2081//2081 2089//2089 2090//2090
f 2081//2081 2090//2090 2082//2082
f 2082//2082 2090//2090 2091//2091
f 2082//2082 2091//2091 2083//2083
f 2083//2083 2091//2091 2092//2092
f 2083//2083 2092//2092 2084//2084
f 2084//2084 2092//2092 2093//2093
f 2084//2084 2093//2093 2085//2085
f 2085//2085 2093//2093 2094//2094
f 2085//2085 2094//2094 2086//2086
f 2086//2086 2094//2094 2095//2095
f 2086//2086 2095//2095 2087//2087
f 2087//2087 2095//2095 2096//2096
f 2087//2087 2096//2096 2088//2088
f 2088//2088 2096//2096 2089//2089
f 2088//2088 2089//2089 2081//2081
f 2089//2089 2097//2097 2098//2098
f 2089//2089 2098//2098 2090//2090
f 2090//2090 2098//2098 2099//2099
f 2090//2090 2099//2099 2091//2091
f 2091//2091 2099//2099 2100//2100
f 2091//2091 2100//2100 2092//2092
f 2092//2092 2100//2100 2101//2101
f 2092//2092 2101//2101 2093//2093
f 2093//2093 2101//2101 2102//2102
f 2093//2093 2102//2102 2094//2094
f 2094//2094 2102//2102 2103//2103
f 2094//2094 2103//2103 2095//2095
f 2095//2095 2103//2103 2104//2104
f 2095//2095 2104//2104 2096//2096
f 2096//2096 2104//2104 2097//2097
f 2096//2096 2097//2097 2089//2089
f 2097//2097 2105//2105 2106//2106
f 2097//2097 2106//2106 2098//2098
f 2098//2098 2106//2106 2107//2107
f 2098//2098 2107//2107 2099//2099
f 2099//2099 2107//2107 2108//2108
f 2099//2099 2108//2108 2100//2100
f 2100//2100 2108//2108 2109//2109
f 2100//2100 2109//2109 2101//2101
f 2101//2101 2109//2109 2110//2110
f 2101//2101 2110//2110 2102//2102
f 2102//2102 2110//2110 2111//2111
f 2102//2102 2111//2111 2103//2103
f 2103//2103 2111//2111 2112//2112
f 2103//2103 2112//2112 2104//2104
f 2104//2104 2112//2112 2105//2105
f 2104//2104 2105//2105 2097//2097
f 2105//2105 2113//2113 2114//2114
f 2105//2105 2114//2114 2106//2106
f 2106//2106 2114//2114 2115//2115
f 2106//2106 2115//2115 2107//2107
f 2107//2107 2115//2115 2116//2116
f 2107//2107 2116//2116 2108//2108
f 2108//2108 2116//2116 2117//2117
f 2108//2108 2117//2117 2109//2109
f 2109//2109 2117//2117 2118//2118
f 2109//2109 2118//2118 2110//2110
f 2110//2110 2118//2118 2119//2119
f 2110//2110 2119//2119 2111//2111
f 2111//2111 2119//2119 2120//2120
f 2111//2111 2120//2120 2112//2112
f 2112//2112 2120//2120 2113//2113
f 2112//2112 2113//2113 2105//2105
f 2113//2113 2121//2121 2122//2122
f 2113//2113 2122//2122 2114//2114
f 2114//2114 2122//2122 2123//2123
f 2114//2114 2123//2123 2115//2115
f 2115//2115 2123//2123 2124//2124
f 2115//2115 2124//2124 2116//2116
f 2116//2116 2124//2124 2125//2125
f 2116//2116 2125//2125 2117//2117
f 2117//2117 2125//2125 2126//2126
f 2117//2117 2126//2126 2118//2118
f 2118//2118 2126//2126 2127//2127
f 2118//2118 2127//2127 2119//2119
f 2119//2119 2127//2127 2128//2128
f 2119//2119 2128//2128 2120//2120
f 2120//2120 2128//2128 2121//2121
f 2120//2120 2121//2121 2113//2113
f 2121//2121 2129//2129 2130//2130
f 2121//2121 2130//2130 2122//2122
f 2122//2122 2130//2130 2131//2131
f 2122//2122 2131//2131 2123//2123
f 2123//2123 2131//2131 2132//2132
f 2123//2123 2132//2132 2124//2124
f 2124//2124 2132//2132 2133//2133
f 2124//2124 2133//2133 2125//2125
f 2125//2125 2133//2133 2134//2134
f 2125//2125 2134//2134 2126//2126
f 2126//2126 2134//2134 2135//2135
f 2126//2126 2135//2135 2127//2127
f 2127//2127 2135//2135 2136//2136
f 2127//2127 2136//2136 2128//2128
f 2128//2128 2136//2136 2129//2129
f 2128//2128 2129//2129 2121//2121
f 2129//2129 2137//2137 2138//2138
f 2129//2129 2138//2138 2130//2130
f 2130//2130 2138//2138 2139//2139
f 2130//2130 2139//2139 2131//2131
f 2131//2131 2139//2139 2140//2140
f 2131//2131 2140//2140 2132//2132
f 2132//2132 2140//2140 2141//2141
f 2132//2132 2141//2141 2133//2133
f 2133//2133 2141//2141 2142//2142
f 2133//2133 2142//2142 2134//2134
f 2134//2134 2142//2142 2143//2143
f 2134//2134 2143//2143 2135//2135
f 2135//2135 2143//2143 2144//2144
f 2135//2135 2144//2144 2136//2136
f 2136//2136 2144//2144 2137//2137
f 2136//2136 2137//2137 2129//2129
f 2137//2137 2145//2145 2146//2146
f 2137//2137 2146//2146 2138//2138
f 2138//2138 2146//2146 2147//2147
f 2138//2138 2147//2147 2139//2139
f 2139//2139 2147//2147 2148//2148
f 2139//2139 2148//2148 2140//2140
f 2140//2140 2148//2148 2149//2149
f 2140//2140 2149//2149 2141//2141
f 2141//2141 2149//2149 2150//2150
f 2141//2141 2150//2150 2142//2142
f 2142//2142 2150//2150 2151//2151
f 2142//2142 2151//2151 2143//2143
f 2143//2143 2151//2151 2152//2152
f 2143//2143 2152//2152 2144//2144
f 2144//2144 2152//2152 2145//2145
f 2144//2144 2145//2145 2137//2137
f 2145//2145 2153//2153 2154//2154
f 2145//2145 2154//2154 2146//2146
f 2146//2146 2154//2154 2155//2155
f 2146//2146 2155//2155 2147//2147
f 2147//2147 2155//2155 2156//2156
f 2147//2147 2156//2156 2148//2148
f 2148//2148 2156//2156 2157//2157
f 2148//2148 2157//2157 2149//2149
f 2149//2149 2157//2157 2158//2158
f 2149//2149 2158//2158 2150//2150
f 2150//2150 2158//2158 2159//2159
f 2150//2150 2159//2159 2151//2151
f 2151//2151 2159//2159 2160//2160
f 2151//2151 2160//2160 2152//2152
f 2152//2152 2160//2160 2153//2153
f 2152//2152 2153//2153 2145//2145
f 2153//2153 2161//2161 2162//2162
f 2153//2153 2162//2162 2154//2154
f 2154//2154 2162//2162 2163//2163
f 2154//2154 2163//2163 2155//2155
f 2155//2155 2163//2163 2164//2164
f 2155//2155 2164//2164 2156//2156
f 2156//2156 2164//2164 2165//2165
f 2156//2156 2165//2165 2157//2157
f 2157//2157 2165//2165 2166//2166
f 2157//2157 2166//2166 2158//2158
f 2158//2158 2166//2166 2167//2167
f 2158//2158 2167//2167 2159//2159
f 2159//2159 2167//2167 2168//2168
f 2159//2159 2168//2168 2160//2160
f 2160//2160 2168//2168 2161//2161
f 2160//2160 2161//2161 2153//2153
f 2161//2161 2169//2169 2170//2170
f 2161//2161 2170//2170 2162//2162
f 2162//2162 2170//2170 2171//2171
f 2162//2162 2171//2171 2163//2163
f 2163//2163 2171//2171 2172//2172
f 2163//2163 2172//2172 2164//2164
f 2164//2164 2172//2172 2173//2173
f 2164//2164 2173//2173 2165//2165
f 2165//2165 2173//2173 2174//2174
f 2165//2165 2174//2174 2166//2166
f 2166//2166 2174//2174 2175//2175
f 2166//2166 2175//2175 2167//2167
f 2167//2167 2175//2175 2176//2176
f 2167//2167 2176//2176 2168//2168
f 2168//2168 2176//2176 2169//2169
f 2168//2168 2169//2169 2161//2161
f 2169//2169 2177//2177 2178//2178
f 2169//2169 2178//2178 2170//2170
f 2170//2170 2178//2178 2179//2179
f 2170//2170 2179//2179 2171//2171
f 2171//2171 2179//2179 2180//2180
f 2171//2171 2180//2180 2172//2172
f 2172//2172 2180//2180 2181//2181
f 2172//2172 2181//2181 2173//2173
f 2173//2173 2181//2181 2182//2182
f 2173//2173 2182//2182 2174//2174
f 2174//2174 2182//2182 2183//2183
f 2174//2174 2183//2183 2175//2175
f 2175//2175 2183//2183 2184//2184
f 2175//2175 2184//2184 2176//2176
f 2176//2176 2184//2184 2177//2177
f 2176//2176 2177//2177 2169//2169
f 2177//2177 2185//2185 2186//2186
f 2177//2177 2186//2186 2178//2178
f 2178//2178 2186//2186 2187//2187
f 2178//2178 2187//2187 2179//2179
f 2179//2179 2187//2187 2188//2188
f 2179//2179 2188//2188 2180//2180
f 2180//2180 2188//2188 2189//2189
f 2180//2180 2189//2189 2181//2181
f 2181//2181 2189//2189 2190//2190
f 2181//2181 2190//2190 2182//2182
f 2182//2182 2190//2190 2191//2191
f 2182//2182 2191//2191 2183//2183
f 2183//2183 2191//2191 2192//2192
f 2183//2183 2192//2192 2184//2184
f 2184//2184 2192//2192 2185//2185
f 2184//2184 2185//2185 2177//2177
f 2185//2185 2193//2193 2194//2194
f 2185//2185 2194//2194 2186//2186
f 2186//2186 2194//2194 2195//2195
f 2186//2186 2195//2195 2187//2187
f 2187//2187 2195//2195 2196//2196
f 2187//2187 2196//2196 2188//2188
f 2188//2188 2196//2196 2197//2197
f 2188//2188 2197//2197 2189//2189
f 2189//2189 2197//2197 2198//2198
f 2189//2189 2198//2198 2190//2190
f 2190//2190 2198//2198 2199//2199
f 2190//2190 2199//2199 2191//2191
f 2191//2191 2199//2199 2200//2200
f 2191//2191 2200//2200 2192//2192
f 2192//2192 2200//2200 2193//2193
f 2192//2192 2193//2193 2185//2185
f 2193//2193 2201//2201 2202//2202
f 2193//2193 2202//2202 2194//2194
f 2194//2194 2202//2202 2203//2203
f 2194//2194 2203//2203 2195//2195
f 2195//2195 2203//2203 2204//2204
f 2195//2195 2204//2204 2196//2196
f 2196//2196 2204//2204 2205//2205
f 2196//2196 2205//2205 2197//2197
f 2197//2197 2205//2205 2206//2206
f 2197//2197 2206//2206 2198//2198
f 2198//2198 2206//2206 2207//2207
f 2198//2198 2207//2207 2199//2199
f 2199//2199 2207//2207 2208//2208
f 2199//2199 2208//2208 2200//2200
f 2200//2200 2208//2208 2201//2201
f 2200//2200 2201//2201 2193//2193
f 2201//2201 2209//2209 2210//2210
f 2201//2201 2210//2210 2202//2202
f 2202//2202 2210//2210 2211//2211
f 2202//2202 2211//2211 2203//2203
f 2203//2203 2211//2211 2212//2212
f 2203//2203 2212//2212 2204//2204
f 2204//2204 2212//2212 2213//2213
f 2204//2204 2213//2213 2205//2205
f 2205//2205 2213//2213 2214//2214
f 2205//2205 2214//2214 2206//2206
f 2206//2206 2214//2214 2215//2215
f 2206//2206 2215//2215 2207//2207
f 2207//2207 2215//2215 2216//2216
f 2207//2207 2216//2216 2208//2208
f 2208//2208 2216//2216 2209//2209
f 2208//2208 2209//2209 2201//2201
f 2209//2209 2217//2217 2218//2218
f 2209//2209 2218//2218 2210//2210
f 2210//2210 2218//2218 2219//2219
f 2210//2210 2219//2219 2211//2211
f 2211//2211 2219//2219 2220//2220
f 2211//2211 2220//2220 2212//2212
f 2212//2212 2220//2220 2221//2221
f 2212//2212 2221//2221 2213//2213
f 2213//2213 2221//2221 2222//2222
f 2213//2213 2222//2222 2214//2214
f 2214//2214 2222//2222 2223//2223
f 2214//2214 2223//2223 2215//2215
f 2215//2215 2223//2223 2224//2224
f 2215//2215 2224//2224 2216//2216
f 2216//2216 2224//2224 2217//2217
f 2216//2216 2217//2217 2209//2209
f 2217//2217 2225//2225 2226//2226
f 2217//2217 2226//2226 2218//2218
f 2218//2218 2226//2226 2227//2227
f 2218//2218 2227//2227 2219//2219
f 2219//2219 2227//2227 2228//2228
f 2219//2219 2228//2228 2220//2220
f 2220//2220 2228//2228 2229//2229
f 2220//2220 2229//2229 2221//2221
f 2221//2221 2229//2229 2230//2230
f 2221//2221 2230//2230 2222//2222
f 2222//2222 2230//2230 2231//2231
f 2222//2222 2231//2231 2223//2223
f 2223//2223 2231//2231 2232//2232
f 2223//2223 2232//2232 2224//2224
f 2224//2224 2232//2232 2225//2225
f 2224//2224 2225//2225 2217//2217
f 2225//2225 2233//2233 2234//2234
f 2225//2225 2234//2234 2226//2226
f 2226//2226 2234//2234 2235//2235
f 2226//2226 2235//2235 2227//2227
f 2227//2227 2235//2235 2236//2236
f 2227//2227 2236//2236 2228//2228
f 2228//2228 2236//2236 2237//2237
f 2228//2228 2237//2237 2229//2229
f 2229//2229 2237//2237 2238//2238
f 2229//2229 2238//2238 2230//2230
f 2230//2230 2238//2238 2239//2239
f 2230//2230 2239//2239 2231//2231
f 2231//2231 2239//2239 2240//2240
f 2231//2231 2240//2240 2232//2232
f 2232//2232 2240//2240 2233//2233
f 2232//2232 2233//2233 2225//2225
f 2233//2233 2241//2241 2242//2242
f 2233//2233 2242//2242 2234//2234
f 2234//2234 2242//2242 2243//2243
f 2234//2234 2243//2243 2235//2235
f 2235//2235 2243//2243 2244//2244
f 2235//2235 2244//2244 2236//2236
f 2236//2236 2244//2244 2245//2245
f 2236//2236 2245//2245 2237//2237
f 2237//2237 2245//2245 2246//2246
f 2237//2237 2246//2246 2238//2238
f 2238//2238 2246//2246 2247//2247
f 2238//2238 2247//2247 2239//2239
f 2239//2239 2247//2247 2248//2248
f 2239//2239 2248//2248 2240//2240
f 2240//2240 2248//2248 2241//2241
f 2240//2240 2241//2241 2233//2233
f 2241//2241 2249//2249 2250//2250
f 2241//2241 2250//2250 2242//2242
f 2242//2242 2250//2250 2251//2251
f 2242//2242 2251//2251 2243//2243
f 2243//2243 2251//2251 2252//2252
f 2243//2243 2252//2252 2244//2244
f 2244//2244 2252//2252 2253//2253
f 2244//2244 2253//2253 2245//2245
f 2245//2245 2253//2253 2254//2254
f 2245//2245 2254//2254 2246//2246
f 2246//2246 2254//2254 2255//2255
f 2246//2246 2255//2255 2247//2247
f 2247//2247 2255//2255 2256//2256
f 2247//2247 2256//2256 2248//2248
f 2248//2248 2256//2256 2249//2249
f 2248//2248 2249//2249 2241//2241
f 2249//2249 2257//2257 2258//2258
f 2249//2249 2258//2258 2250//2250
f 2250//2250 2258//2258 2259//2259
f 2250//2250 2259//2259 2251//2251
f 2251//2251 2259//2259 2260//2260
f 2251//2251 2260//2260 2252//2252
f 2252//2252 2260//2260 2261//2261
f 2252//2252 2261//2261 2253//2253
f 2253//2253 2261//2261 2262//2262
f 2253//2253 2262//2262 2254//2254
f 2254//2254 2262//2262 2263//2263
f 2254//2254 2263//2263 2255//2255
f 2255//2255 2263//2263 2264//2264
f 2255//2255 2264//2264 2256//2256
f 2256//2256 2264//2264 2257//2257
f 2256//2256 2257//2257 2249//2249
f 2257//2257 2265//2265 2266//2266
f 2257//2257 2266//2266 2258//2258
f 2258//2258 2266//2266 2267//2267
f 2258//2258 2267//2267 2259//2259
f 2259//2259 2267//2267 2268//2268
f 2259//2259 2268//2268 2260//2260
f 2260//2260 2268//2268 2269//2269
f 2260//2260 2269//2269 2261//2261
f 2261//2261 2269//2269 2270//2270
f 2261//2261 2270//2270 2262//2262
f 2262//2262 2270//2270 2271//2271
f 2262//2262 2271//2271 2263//2263
f 2263//2263 2271//2271 2272//2272
f 2263//2263 2272//2272 2264//2264
f 2264//2264 2272//2272 2265//2265
f 2264//2264 2265//2265 2257//2257
f 2265//2265 2273//2273 2274//2274
f 2265//2265 2274//2274 2266//2266
f 2266//2266 2274//2274 2275//2275
f 2266//2266 2275//2275 2267//2267
f 2267//2267 2275//2275 2276//2276
f 2267//2267 2276//2276 2268//2268
f 2268//2268 2276//2276 2277//2277
f 2268//2268 2277//2277 2269//2269
f 2269//2269 2277//2277 2278//2278
f 2269//2269 2278//2278 2270//2270
f 2270//2270 2278//2278 2279//2279
f 2270//2270 2279//2279 2271//2271
f 2271//2271 2279//2279 2280//2280
f 2271//2271 2280//2280 2272//2272
f 2272//2272 2280//2280 2273//2273
f 2272//2272 2273//2273 2265//2265
f 2273//2273 2281//2281 2282//2282
f 2273//2273 2282//2282 2274//2274
f 2274//2274 2282//2282 2283//2283
f 2274//2274 2283//2283 2275//2275
f 2275//2275 2283//2283 2284//2284
f 2275//2275 2284//2284 2276//2276
f 2276//2276 2284//2284 2285//2285
f 2276//2276 2285//2285 2277//2277
f 2277//2277 2285//2285 2286//2286
f 2277//2277 2286//2286 2278//2278
f 2278//2278 2286//2286 2287//2287
f 2278//2278 2287//2287 2279//2279
f 2279//2279 2287//2287 2288//2288
f 2279//2279 2288//2288 2280//2280
f 2280//2280 2288//2288 2281//2281
f 2280//2280 2281//2281 2273//2273
f 2281//2281 2289//2289 2290//2290
f 2281//2281 2290//2290 2282//2282
f 2282//2282 2290//2290 2291//2291
f 2282//2282 2291//2291 2283//2283
f 2283//2283 2291//2291 2292//2292
f 2283//2283 2292//2292 2284//2284
f 2284//2284 2292//2292 2293//2293
f 2284//2284 2293//2293 2285//2285
f 2285//2285 2293//2293 2294//2294
f 2285//2285 2294//2294 2286//2286
f 2286//2286 2294//2294 2295//2295
f 2286//2286 2295//2295 2287//2287
f 2287//2287 2295//2295 2296//2296
f 2287//2287 2296//2296 2288//2288
f 2288//2288 2296//2296 2289//2289
f 2288//2288 2289//2289 2281//2281
f 2289//2289 2041//2041 2042//2042
f 2289//2289 2042//2042 2290//2290
f 2290//2290 2042//2042 2043//2043
f 2290//2290 2043//2043 2291//2291
f 2291//2291 2043//2043 2044//2044
f 2291//2291 2044//2044 2292//2292
f 2292//2292 2044//2044 2045//2045
f 2292//2292 2045//2045 2293//2293
f 2293//2293 2045//2045 2046//2046
f 2293//2293 2046//2046 2294//2294
f 2294//2294 2046//2046 2047//2047
f 2294//2294 2047//2047 2295//2295
f 2295//2295 2047//2047 2048//2048
f 2295//2295 2048//2048 2296//2296
f 2296//2296 2048//2048 2041//2041
f 2296//2296 2041//2041 2289//2289

o IM_BF_Tuyeres
g 01_BlastFurnace
usemtl Steel_Dark
s 1
v 2.2000 5.0000 15.6500
v 2.2000 5.2475 15.7525
v 2.2000 5.3500 16.0000
v 2.2000 5.2475 16.2475
v 2.2000 5.0000 16.3500
v 2.2000 4.7525 16.2475
v 2.2000 4.6500 16.0000
v 2.2000 4.7525 15.7525
v 5.6000 5.0000 15.6500
v 5.6000 5.2475 15.7525
v 5.6000 5.3500 16.0000
v 5.6000 5.2475 16.2475
v 5.6000 5.0000 16.3500
v 5.6000 4.7525 16.2475
v 5.6000 4.6500 16.0000
v 5.6000 4.7525 15.7525
v 2.2000 5.0000 15.6500
v 2.2000 5.2475 15.7525
v 2.2000 5.3500 16.0000
v 2.2000 5.2475 16.2475
v 2.2000 5.0000 16.3500
v 2.2000 4.7525 16.2475
v 2.2000 4.6500 16.0000
v 2.2000 4.7525 15.7525
v 2.2000 5.0000 16.0000
v 5.6000 5.0000 15.6500
v 5.6000 5.2475 15.7525
v 5.6000 5.3500 16.0000
v 5.6000 5.2475 16.2475
v 5.6000 5.0000 16.3500
v 5.6000 4.7525 16.2475
v 5.6000 4.6500 16.0000
v 5.6000 4.7525 15.7525
v 5.6000 5.0000 16.0000
v 1.2354 8.6000 15.6500
v 1.1116 8.8143 15.7525
v 1.0604 8.9031 16.0000
v 1.1116 8.8143 16.2475
v 1.2354 8.6000 16.3500
v 1.3591 8.3857 16.2475
v 1.4104 8.2969 16.0000
v 1.3591 8.3857 15.7525
v 4.1799 10.3000 15.6500
v 4.0561 10.5143 15.7525
v 4.0049 10.6031 16.0000
v 4.0561 10.5143 16.2475
v 4.1799 10.3000 16.3500
v 4.3036 10.0857 16.2475
v 4.3549 9.9969 16.0000
v 4.3036 10.0857 15.7525
v 1.2354 8.6000 15.6500
v 1.1116 8.8143 15.7525
v 1.0604 8.9031 16.0000
v 1.1116 8.8143 16.2475
v 1.2354 8.6000 16.3500
v 1.3591 8.3857 16.2475
v 1.4104 8.2969 16.0000
v 1.3591 8.3857 15.7525
v 1.2354 8.6000 16.0000
v 4.1799 10.3000 15.6500
v 4.0561 10.5143 15.7525
v 4.0049 10.6031 16.0000
v 4.0561 10.5143 16.2475
v 4.1799 10.3000 16.3500
v 4.3036 10.0857 16.2475
v 4.3549 9.9969 16.0000
v 4.3036 10.0857 15.7525
v 4.1799 10.3000 16.0000
v -1.4000 11.2354 15.6500
v -1.6143 11.3591 15.7525
v -1.7031 11.4104 16.0000
v -1.6143 11.3591 16.2475
v -1.4000 11.2354 16.3500
v -1.1857 11.1116 16.2475
v -1.0969 11.0604 16.0000
v -1.1857 11.1116 15.7525
v 0.3000 14.1799 15.6500
v 0.0857 14.3036 15.7525
v -0.0031 14.3549 16.0000
v 0.0857 14.3036 16.2475
v 0.3000 14.1799 16.3500
v 0.5143 14.0561 16.2475
v 0.6031 14.0049 16.0000
v 0.5143 14.0561 15.7525
v -1.4000 11.2354 15.6500
v -1.6143 11.3591 15.7525
v -1.7031 11.4104 16.0000
v -1.6143 11.3591 16.2475
v -1.4000 11.2354 16.3500
v -1.1857 11.1116 16.2475
v -1.0969 11.0604 16.0000
v -1.1857 11.1116 15.7525
v -1.4000 11.2354 16.0000
v 0.3000 14.1799 15.6500
v 0.0857 14.3036 15.7525
v -0.0031 14.3549 16.0000
v 0.0857 14.3036 16.2475
v 0.3000 14.1799 16.3500
v 0.5143 14.0561 16.2475
v 0.6031 14.0049 16.0000
v 0.5143 14.0561 15.7525
v 0.3000 14.1799 16.0000
v -5.0000 12.2000 15.6500
v -5.2475 12.2000 15.7525
v -5.3500 12.2000 16.0000
v -5.2475 12.2000 16.2475
v -5.0000 12.2000 16.3500
v -4.7525 12.2000 16.2475
v -4.6500 12.2000 16.0000
v -4.7525 12.2000 15.7525
v -5.0000 15.6000 15.6500
v -5.2475 15.6000 15.7525
v -5.3500 15.6000 16.0000
v -5.2475 15.6000 16.2475
v -5.0000 15.6000 16.3500
v -4.7525 15.6000 16.2475
v -4.6500 15.6000 16.0000
v -4.7525 15.6000 15.7525
v -5.0000 12.2000 15.6500
v -5.2475 12.2000 15.7525
v -5.3500 12.2000 16.0000
v -5.2475 12.2000 16.2475
v -5.0000 12.2000 16.3500
v -4.7525 12.2000 16.2475
v -4.6500 12.2000 16.0000
v -4.7525 12.2000 15.7525
v -5.0000 12.2000 16.0000
v -5.0000 15.6000 15.6500
v -5.2475 15.6000 15.7525
v -5.3500 15.6000 16.0000
v -5.2475 15.6000 16.2475
v -5.0000 15.6000 16.3500
v -4.7525 15.6000 16.2475
v -4.6500 15.6000 16.0000
v -4.7525 15.6000 15.7525
v -5.0000 15.6000 16.0000
v -8.6000 11.2354 15.6500
v -8.8143 11.1116 15.7525
v -8.9031 11.0604 16.0000
v -8.8143 11.1116 16.2475
v -8.6000 11.2354 16.3500
v -8.3857 11.3591 16.2475
v -8.2969 11.4104 16.0000
v -8.3857 11.3591 15.7525
v -10.3000 14.1799 15.6500
v -10.5143 14.0561 15.7525
v -10.6031 14.0049 16.0000
v -10.5143 14.0561 16.2475
v -10.3000 14.1799 16.3500
v -10.0857 14.3036 16.2475
v -9.9969 14.3549 16.0000
v -10.0857 14.3036 15.7525
v -8.6000 11.2354 15.6500
v -8.8143 11.1116 15.7525
v -8.9031 11.0604 16.0000
v -8.8143 11.1116 16.2475
v -8.6000 11.2354 16.3500
v -8.3857 11.3591 16.2475
v -8.2969 11.4104 16.0000
v -8.3857 11.3591 15.7525
v -8.6000 11.2354 16.0000
v -10.3000 14.1799 15.6500
v -10.5143 14.0561 15.7525
v -10.6031 14.0049 16.0000
v -10.5143 14.0561 16.2475
v -10.3000 14.1799 16.3500
v -10.0857 14.3036 16.2475
v -9.9969 14.3549 16.0000
v -10.0857 14.3036 15.7525
v -10.3000 14.1799 16.0000
v -11.2354 8.6000 15.6500
v -11.3591 8.3857 15.7525
v -11.4104 8.2969 16.0000
v -11.3591 8.3857 16.2475
v -11.2354 8.6000 16.3500
v -11.1116 8.8143 16.2475
v -11.0604 8.9031 16.0000
v -11.1116 8.8143 15.7525
v -14.1799 10.3000 15.6500
v -14.3036 10.0857 15.7525
v -14.3549 9.9969 16.0000
v -14.3036 10.0857 16.2475
v -14.1799 10.3000 16.3500
v -14.0561 10.5143 16.2475
v -14.0049 10.6031 16.0000
v -14.0561 10.5143 15.7525
v -11.2354 8.6000 15.6500
v -11.3591 8.3857 15.7525
v -11.4104 8.2969 16.0000
v -11.3591 8.3857 16.2475
v -11.2354 8.6000 16.3500
v -11.1116 8.8143 16.2475
v -11.0604 8.9031 16.0000
v -11.1116 8.8143 15.7525
v -11.2354 8.6000 16.0000
v -14.1799 10.3000 15.6500
v -14.3036 10.0857 15.7525
v -14.3549 9.9969 16.0000
v -14.3036 10.0857 16.2475
v -14.1799 10.3000 16.3500
v -14.0561 10.5143 16.2475
v -14.0049 10.6031 16.0000
v -14.0561 10.5143 15.7525
v -14.1799 10.3000 16.0000
v -12.2000 5.0000 15.6500
v -12.2000 4.7525 15.7525
v -12.2000 4.6500 16.0000
v -12.2000 4.7525 16.2475
v -12.2000 5.0000 16.3500
v -12.2000 5.2475 16.2475
v -12.2000 5.3500 16.0000
v -12.2000 5.2475 15.7525
v -15.6000 5.0000 15.6500
v -15.6000 4.7525 15.7525
v -15.6000 4.6500 16.0000
v -15.6000 4.7525 16.2475
v -15.6000 5.0000 16.3500
v -15.6000 5.2475 16.2475
v -15.6000 5.3500 16.0000
v -15.6000 5.2475 15.7525
v -12.2000 5.0000 15.6500
v -12.2000 4.7525 15.7525
v -12.2000 4.6500 16.0000
v -12.2000 4.7525 16.2475
v -12.2000 5.0000 16.3500
v -12.2000 5.2475 16.2475
v -12.2000 5.3500 16.0000
v -12.2000 5.2475 15.7525
v -12.2000 5.0000 16.0000
v -15.6000 5.0000 15.6500
v -15.6000 4.7525 15.7525
v -15.6000 4.6500 16.0000
v -15.6000 4.7525 16.2475
v -15.6000 5.0000 16.3500
v -15.6000 5.2475 16.2475
v -15.6000 5.3500 16.0000
v -15.6000 5.2475 15.7525
v -15.6000 5.0000 16.0000
v -11.2354 1.4000 15.6500
v -11.1116 1.1857 15.7525
v -11.0604 1.0969 16.0000
v -11.1116 1.1857 16.2475
v -11.2354 1.4000 16.3500
v -11.3591 1.6143 16.2475
v -11.4104 1.7031 16.0000
v -11.3591 1.6143 15.7525
v -14.1799 -0.3000 15.6500
v -14.0561 -0.5143 15.7525
v -14.0049 -0.6031 16.0000
v -14.0561 -0.5143 16.2475
v -14.1799 -0.3000 16.3500
v -14.3036 -0.0857 16.2475
v -14.3549 0.0031 16.0000
v -14.3036 -0.0857 15.7525
v -11.2354 1.4000 15.6500
v -11.1116 1.1857 15.7525
v -11.0604 1.0969 16.0000
v -11.1116 1.1857 16.2475
v -11.2354 1.4000 16.3500
v -11.3591 1.6143 16.2475
v -11.4104 1.7031 16.0000
v -11.3591 1.6143 15.7525
v -11.2354 1.4000 16.0000
v -14.1799 -0.3000 15.6500
v -14.0561 -0.5143 15.7525
v -14.0049 -0.6031 16.0000
v -14.0561 -0.5143 16.2475
v -14.1799 -0.3000 16.3500
v -14.3036 -0.0857 16.2475
v -14.3549 0.0031 16.0000
v -14.3036 -0.0857 15.7525
v -14.1799 -0.3000 16.0000
v -8.6000 -1.2354 15.6500
v -8.3857 -1.3591 15.7525
v -8.2969 -1.4104 16.0000
v -8.3857 -1.3591 16.2475
v -8.6000 -1.2354 16.3500
v -8.8143 -1.1116 16.2475
v -8.9031 -1.0604 16.0000
v -8.8143 -1.1116 15.7525
v -10.3000 -4.1799 15.6500
v -10.0857 -4.3036 15.7525
v -9.9969 -4.3549 16.0000
v -10.0857 -4.3036 16.2475
v -10.3000 -4.1799 16.3500
v -10.5143 -4.0561 16.2475
v -10.6031 -4.0049 16.0000
v -10.5143 -4.0561 15.7525
v -8.6000 -1.2354 15.6500
v -8.3857 -1.3591 15.7525
v -8.2969 -1.4104 16.0000
v -8.3857 -1.3591 16.2475
v -8.6000 -1.2354 16.3500
v -8.8143 -1.1116 16.2475
v -8.9031 -1.0604 16.0000
v -8.8143 -1.1116 15.7525
v -8.6000 -1.2354 16.0000
v -10.3000 -4.1799 15.6500
v -10.0857 -4.3036 15.7525
v -9.9969 -4.3549 16.0000
v -10.0857 -4.3036 16.2475
v -10.3000 -4.1799 16.3500
v -10.5143 -4.0561 16.2475
v -10.6031 -4.0049 16.0000
v -10.5143 -4.0561 15.7525
v -10.3000 -4.1799 16.0000
v -5.0000 -2.2000 15.6500
v -4.7525 -2.2000 15.7525
v -4.6500 -2.2000 16.0000
v -4.7525 -2.2000 16.2475
v -5.0000 -2.2000 16.3500
v -5.2475 -2.2000 16.2475
v -5.3500 -2.2000 16.0000
v -5.2475 -2.2000 15.7525
v -5.0000 -5.6000 15.6500
v -4.7525 -5.6000 15.7525
v -4.6500 -5.6000 16.0000
v -4.7525 -5.6000 16.2475
v -5.0000 -5.6000 16.3500
v -5.2475 -5.6000 16.2475
v -5.3500 -5.6000 16.0000
v -5.2475 -5.6000 15.7525
v -5.0000 -2.2000 15.6500
v -4.7525 -2.2000 15.7525
v -4.6500 -2.2000 16.0000
v -4.7525 -2.2000 16.2475
v -5.0000 -2.2000 16.3500
v -5.2475 -2.2000 16.2475
v -5.3500 -2.2000 16.0000
v -5.2475 -2.2000 15.7525
v -5.0000 -2.2000 16.0000
v -5.0000 -5.6000 15.6500
v -4.7525 -5.6000 15.7525
v -4.6500 -5.6000 16.0000
v -4.7525 -5.6000 16.2475
v -5.0000 -5.6000 16.3500
v -5.2475 -5.6000 16.2475
v -5.3500 -5.6000 16.0000
v -5.2475 -5.6000 15.7525
v -5.0000 -5.6000 16.0000
v -1.4000 -1.2354 15.6500
v -1.1857 -1.1116 15.7525
v -1.0969 -1.0604 16.0000
v -1.1857 -1.1116 16.2475
v -1.4000 -1.2354 16.3500
v -1.6143 -1.3591 16.2475
v -1.7031 -1.4104 16.0000
v -1.6143 -1.3591 15.7525
v 0.3000 -4.1799 15.6500
v 0.5143 -4.0561 15.7525
v 0.6031 -4.0049 16.0000
v 0.5143 -4.0561 16.2475
v 0.3000 -4.1799 16.3500
v 0.0857 -4.3036 16.2475
v -0.0031 -4.3549 16.0000
v 0.0857 -4.3036 15.7525
v -1.4000 -1.2354 15.6500
v -1.1857 -1.1116 15.7525
v -1.0969 -1.0604 16.0000
v -1.1857 -1.1116 16.2475
v -1.4000 -1.2354 16.3500
v -1.6143 -1.3591 16.2475
v -1.7031 -1.4104 16.0000
v -1.6143 -1.3591 15.7525
v -1.4000 -1.2354 16.0000
v 0.3000 -4.1799 15.6500
v 0.5143 -4.0561 15.7525
v 0.6031 -4.0049 16.0000
v 0.5143 -4.0561 16.2475
v 0.3000 -4.1799 16.3500
v 0.0857 -4.3036 16.2475
v -0.0031 -4.3549 16.0000
v 0.0857 -4.3036 15.7525
v 0.3000 -4.1799 16.0000
v 1.2354 1.4000 15.6500
v 1.3591 1.6143 15.7525
v 1.4104 1.7031 16.0000
v 1.3591 1.6143 16.2475
v 1.2354 1.4000 16.3500
v 1.1116 1.1857 16.2475
v 1.0604 1.0969 16.0000
v 1.1116 1.1857 15.7525
v 4.1799 -0.3000 15.6500
v 4.3036 -0.0857 15.7525
v 4.3549 0.0031 16.0000
v 4.3036 -0.0857 16.2475
v 4.1799 -0.3000 16.3500
v 4.0561 -0.5143 16.2475
v 4.0049 -0.6031 16.0000
v 4.0561 -0.5143 15.7525
v 1.2354 1.4000 15.6500
v 1.3591 1.6143 15.7525
v 1.4104 1.7031 16.0000
v 1.3591 1.6143 16.2475
v 1.2354 1.4000 16.3500
v 1.1116 1.1857 16.2475
v 1.0604 1.0969 16.0000
v 1.1116 1.1857 15.7525
v 1.2354 1.4000 16.0000
v 4.1799 -0.3000 15.6500
v 4.3036 -0.0857 15.7525
v 4.3549 0.0031 16.0000
v 4.3036 -0.0857 16.2475
v 4.1799 -0.3000 16.3500
v 4.0561 -0.5143 16.2475
v 4.0049 -0.6031 16.0000
v 4.0561 -0.5143 15.7525
v 4.1799 -0.3000 16.0000
vn 0.0000 0.1368 -0.9906
vn 0.0000 0.7972 -0.6037
vn 0.0000 0.9906 0.1368
vn 0.0000 0.6037 0.7972
vn 0.0000 -0.1368 0.9906
vn 0.0000 -0.7972 0.6037
vn 0.0000 -0.9906 -0.1368
vn 0.0000 -0.6037 -0.7972
vn 0.0000 -0.1368 -0.9906
vn 0.0000 0.6037 -0.7972
vn 0.0000 0.9906 -0.1368
vn 0.0000 0.7972 0.6037
vn 0.0000 0.1368 0.9906
vn 0.0000 -0.6037 0.7972
vn 0.0000 -0.9906 0.1368
vn 0.0000 -0.7972 -0.6037
vn -1.0000 0.0000 0.0000
vn -1.0000 0.0000 0.0000
vn -1.0000 0.0000 0.0000
vn -1.0000 0.0000 0.0000
vn -1.0000 0.0000 0.0000
vn -1.0000 0.0000 0.0000
vn -1.0000 0.0000 0.0000
vn -1.0000 0.0000 0.0000
vn -1.0000 0.0000 0.0000
vn 1.0000 0.0000 0.0000
vn 1.0000 0.0000 0.0000
vn 1.0000 0.0000 0.0000
vn 1.0000 0.0000 0.0000
vn 1.0000 0.0000 0.0000
vn 1.0000 0.0000 0.0000
vn 1.0000 0.0000 0.0000
vn 1.0000 0.0000 0.0000
vn 1.0000 0.0000 0.0000
vn -0.0684 0.1184 -0.9906
vn -0.3986 0.6904 -0.6037
vn -0.4953 0.8579 0.1368
vn -0.3019 0.5229 0.7972
vn 0.0684 -0.1184 0.9906
vn 0.3986 -0.6904 0.6037
vn 0.4953 -0.8579 -0.1368
vn 0.3019 -0.5229 -0.7972
vn 0.0684 -0.1184 -0.9906
vn -0.3019 0.5229 -0.7972
vn -0.4953 0.8579 -0.1368
vn -0.3986 0.6904 0.6037
vn -0.0684 0.1184 0.9906
vn 0.3019 -0.5229 0.7972
vn 0.4953 -0.8579 0.1368
vn 0.3986 -0.6904 -0.6037
vn -0.8660 -0.5000 0.0000
vn -0.8660 -0.5000 -0.0000
vn -0.8660 -0.5000 0.0000
vn -0.8660 -0.5000 0.0000
vn -0.8660 -0.5000 0.0000
vn -0.8660 -0.5000 -0.0000
vn -0.8660 -0.5000 0.0000
vn -0.8660 -0.5000 0.0000
vn -0.8660 -0.5000 0.0000
vn 0.8660 0.5000 0.0000
vn 0.8660 0.5000 -0.0000
vn 0.8660 0.5000 0.0000
vn 0.8660 0.5000 0.0000
vn 0.8660 0.5000 0.0000
vn 0.8660 0.5000 -0.0000
vn 0.8660 0.5000 0.0000
vn 0.8660 0.5000 0.0000
vn 0.8660 0.5000 0.0000
vn -0.1184 0.0684 -0.9906
vn -0.6904 0.3986 -0.6037
vn -0.8579 0.4953 0.1368
vn -0.5229 0.3019 0.7972
vn 0.1184 -0.0684 0.9906
vn 0.6904 -0.3986 0.6037
vn 0.8579 -0.4953 -0.1368
vn 0.5229 -0.3019 -0.7972
vn 0.1184 -0.0684 -0.9906
vn -0.5229 0.3019 -0.7972
vn -0.8579 0.4953 -0.1368
vn -0.6904 0.3986 0.6037
vn -0.1184 0.0684 0.9906
vn 0.5229 -0.3019 0.7972
vn 0.8579 -0.4953 0.1368
vn 0.6904 -0.3986 -0.6037
vn -0.5000 -0.8660 0.0000
vn -0.5000 -0.8660 -0.0000
vn -0.5000 -0.8660 0.0000
vn -0.5000 -0.8660 0.0000
vn -0.5000 -0.8660 0.0000
vn -0.5000 -0.8660 -0.0000
vn -0.5000 -0.8660 0.0000
vn -0.5000 -0.8660 0.0000
vn -0.5000 -0.8660 0.0000
vn 0.5000 0.8660 0.0000
vn 0.5000 0.8660 0.0000
vn 0.5000 0.8660 0.0000
vn 0.5000 0.8660 -0.0000
vn 0.5000 0.8660 0.0000
vn 0.5000 0.8660 0.0000
vn 0.5000 0.8660 0.0000
vn 0.5000 0.8660 -0.0000
vn 0.5000 0.8660 0.0000
vn -0.1368 0.0000 -0.9906
vn -0.7972 0.0000 -0.6037
vn -0.9906 0.0000 0.1368
vn -0.6037 0.0000 0.7972
vn 0.1368 -0.0000 0.9906
vn 0.7972 0.0000 0.6037
vn 0.9906 0.0000 -0.1368
vn 0.6037 -0.0000 -0.7972
vn 0.1368 0.0000 -0.9906
vn -0.6037 0.0000 -0.7972
vn -0.9906 0.0000 -0.1368
vn -0.7972 0.0000 0.6037
vn -0.1368 -0.0000 0.9906
vn 0.6037 -0.0000 0.7972
vn 0.9906 0.0000 0.1368
vn 0.7972 0.0000 -0.6037
vn 0.0000 -1.0000 0.0000
vn 0.0000 -1.0000 0.0000
vn 0.0000 -1.0000 0.0000
vn 0.0000 -1.0000 0.0000
vn 0.0000 -1.0000 0.0000
vn 0.0000 -1.0000 0.0000
vn 0.0000 -1.0000 0.0000
vn 0.0000 -1.0000 0.0000
vn 0.0000 -1.0000 0.0000
vn 0.0000 1.0000 0.0000
vn 0.0000 1.0000 0.0000
vn 0.0000 1.0000 0.0000
vn 0.0000 1.0000 0.0000
vn 0.0000 1.0000 0.0000
vn 0.0000 1.0000 0.0000
vn 0.0000 1.0000 0.0000
vn 0.0000 1.0000 0.0000
vn 0.0000 1.0000 0.0000
vn -0.1184 -0.0684 -0.9906
vn -0.6904 -0.3986 -0.6037
vn -0.8579 -0.4953 0.1368
vn -0.5229 -0.3019 0.7972
vn 0.1184 0.0684 0.9906
vn 0.6904 0.3986 0.6037
vn 0.8579 0.4953 -0.1368
vn 0.5229 0.3019 -0.7972
vn 0.1184 0.0684 -0.9906
vn -0.5229 -0.3019 -0.7972
vn -0.8579 -0.4953 -0.1368
vn -0.6904 -0.3986 0.6037
vn -0.1184 -0.0684 0.9906
vn 0.5229 0.3019 0.7972
vn 0.8579 0.4953 0.1368
vn 0.6904 0.3986 -0.6037
vn 0.5000 -0.8660 0.0000
vn 0.5000 -0.8660 0.0000
vn 0.5000 -0.8660 0.0000
vn 0.5000 -0.8660 -0.0000
vn 0.5000 -0.8660 0.0000
vn 0.5000 -0.8660 -0.0000
vn 0.5000 -0.8660 0.0000
vn 0.5000 -0.8660 0.0000
vn 0.5000 -0.8660 0.0000
vn -0.5000 0.8660 0.0000
vn -0.5000 0.8660 -0.0000
vn -0.5000 0.8660 0.0000
vn -0.5000 0.8660 0.0000
vn -0.5000 0.8660 0.0000
vn -0.5000 0.8660 -0.0000
vn -0.5000 0.8660 0.0000
vn -0.5000 0.8660 0.0000
vn -0.5000 0.8660 0.0000
vn -0.0684 -0.1184 -0.9906
vn -0.3986 -0.6904 -0.6037
vn -0.4953 -0.8579 0.1368
vn -0.3019 -0.5229 0.7972
vn 0.0684 0.1184 0.9906
vn 0.3986 0.6904 0.6037
vn 0.4953 0.8579 -0.1368
vn 0.3019 0.5229 -0.7972
vn 0.0684 0.1184 -0.9906
vn -0.3019 -0.5229 -0.7972
vn -0.4953 -0.8579 -0.1368
vn -0.3986 -0.6904 0.6037
vn -0.0684 -0.1184 0.9906
vn 0.3019 0.5229 0.7972
vn 0.4953 0.8579 0.1368
vn 0.3986 0.6904 -0.6037
vn 0.8660 -0.5000 0.0000
vn 0.8660 -0.5000 0.0000
vn 0.8660 -0.5000 0.0000
vn 0.8660 -0.5000 -0.0000
vn 0.8660 -0.5000 0.0000
vn 0.8660 -0.5000 -0.0000
vn 0.8660 -0.5000 0.0000
vn 0.8660 -0.5000 0.0000
vn 0.8660 -0.5000 0.0000
vn -0.8660 0.5000 0.0000
vn -0.8660 0.5000 0.0000
vn -0.8660 0.5000 0.0000
vn -0.8660 0.5000 -0.0000
vn -0.8660 0.5000 0.0000
vn -0.8660 0.5000 0.0000
vn -0.8660 0.5000 0.0000
vn -0.8660 0.5000 -0.0000
vn -0.8660 0.5000 0.0000
vn -0.0000 -0.1368 -0.9906
vn -0.0000 -0.7972 -0.6037
vn -0.0000 -0.9906 0.1368
vn -0.0000 -0.6037 0.7972
vn 0.0000 0.1368 0.9906
vn 0.0000 0.7972 0.6037
vn 0.0000 0.9906 -0.1368
vn 0.0000 0.6037 -0.7972
vn 0.0000 0.1368 -0.9906
vn -0.0000 -0.6037 -0.7972
vn -0.0000 -0.9906 -0.1368
vn -0.0000 -0.7972 0.6037
vn -0.0000 -0.1368 0.9906
vn 0.0000 0.6037 0.7972
vn 0.0000 0.9906 0.1368
vn 0.0000 0.7972 -0.6037
vn 1.0000 0.0000 0.0000
vn 1.0000 0.0000 0.0000
vn 1.0000 0.0000 0.0000
vn 1.0000 0.0000 0.0000
vn 1.0000 0.0000 0.0000
vn 1.0000 0.0000 0.0000
vn 1.0000 0.0000 0.0000
vn 1.0000 0.0000 0.0000
vn 1.0000 0.0000 0.0000
vn -1.0000 0.0000 0.0000
vn -1.0000 0.0000 0.0000
vn -1.0000 0.0000 0.0000
vn -1.0000 0.0000 0.0000
vn -1.0000 0.0000 0.0000
vn -1.0000 0.0000 0.0000
vn -1.0000 0.0000 0.0000
vn -1.0000 0.0000 0.0000
vn -1.0000 0.0000 0.0000
vn 0.0684 -0.1184 -0.9906
vn 0.3986 -0.6904 -0.6037
vn 0.4953 -0.8579 0.1368
vn 0.3019 -0.5229 0.7972
vn -0.0684 0.1184 0.9906
vn -0.3986 0.6904 0.6037
vn -0.4953 0.8579 -0.1368
vn -0.3019 0.5229 -0.7972
vn -0.0684 0.1184 -0.9906
vn 0.3019 -0.5229 -0.7972
vn 0.4953 -0.8579 -0.1368
vn 0.3986 -0.6904 0.6037
vn 0.0684 -0.1184 0.9906
vn -0.3019 0.5229 0.7972
vn -0.4953 0.8579 0.1368
vn -0.3986 0.6904 -0.6037
vn 0.8660 0.5000 0.0000
vn 0.8660 0.5000 0.0000
vn 0.8660 0.5000 -0.0000
vn 0.8660 0.5000 -0.0000
vn 0.8660 0.5000 0.0000
vn 0.8660 0.5000 0.0000
vn 0.8660 0.5000 -0.0000
vn 0.8660 0.5000 -0.0000
vn 0.8660 0.5000 -0.0000
vn -0.8660 -0.5000 0.0000
vn -0.8660 -0.5000 -0.0000
vn -0.8660 -0.5000 0.0000
vn -0.8660 -0.5000 0.0000
vn -0.8660 -0.5000 0.0000
vn -0.8660 -0.5000 -0.0000
vn -0.8660 -0.5000 0.0000
vn -0.8660 -0.5000 0.0000
vn -0.8660 -0.5000 0.0000
vn 0.1184 -0.0684 -0.9906
vn 0.6904 -0.3986 -0.6037
vn 0.8579 -0.4953 0.1368
vn 0.5229 -0.3019 0.7972
vn -0.1184 0.0684 0.9906
vn -0.6904 0.3986 0.6037
vn -0.8579 0.4953 -0.1368
vn -0.5229 0.3019 -0.7972
vn -0.1184 0.0684 -0.9906
vn 0.5229 -0.3019 -0.7972
vn 0.8579 -0.4953 -0.1368
vn 0.6904 -0.3986 0.6037
vn 0.1184 -0.0684 0.9906
vn -0.5229 0.3019 0.7972
vn -0.8579 0.4953 0.1368
vn -0.6904 0.3986 -0.6037
vn 0.5000 0.8660 0.0000
vn 0.5000 0.8660 0.0000
vn 0.5000 0.8660 -0.0000
vn 0.5000 0.8660 -0.0000
vn 0.5000 0.8660 0.0000
vn 0.5000 0.8660 0.0000
vn 0.5000 0.8660 -0.0000
vn 0.5000 0.8660 -0.0000
vn 0.5000 0.8660 -0.0000
vn -0.5000 -0.8660 0.0000
vn -0.5000 -0.8660 0.0000
vn -0.5000 -0.8660 0.0000
vn -0.5000 -0.8660 -0.0000
vn -0.5000 -0.8660 0.0000
vn -0.5000 -0.8660 0.0000
vn -0.5000 -0.8660 0.0000
vn -0.5000 -0.8660 -0.0000
vn -0.5000 -0.8660 0.0000
vn 0.1368 -0.0000 -0.9906
vn 0.7972 -0.0000 -0.6037
vn 0.9906 -0.0000 0.1368
vn 0.6037 -0.0000 0.7972
vn -0.1368 0.0000 0.9906
vn -0.7972 0.0000 0.6037
vn -0.9906 0.0000 -0.1368
vn -0.6037 0.0000 -0.7972
vn -0.1368 0.0000 -0.9906
vn 0.6037 -0.0000 -0.7972
vn 0.9906 -0.0000 -0.1368
vn 0.7972 -0.0000 0.6037
vn 0.1368 -0.0000 0.9906
vn -0.6037 0.0000 0.7972
vn -0.9906 0.0000 0.1368
vn -0.7972 0.0000 -0.6037
vn 0.0000 1.0000 0.0000
vn 0.0000 1.0000 0.0000
vn 0.0000 1.0000 0.0000
vn 0.0000 1.0000 0.0000
vn 0.0000 1.0000 0.0000
vn 0.0000 1.0000 0.0000
vn 0.0000 1.0000 0.0000
vn 0.0000 1.0000 0.0000
vn 0.0000 1.0000 0.0000
vn 0.0000 -1.0000 0.0000
vn 0.0000 -1.0000 0.0000
vn 0.0000 -1.0000 0.0000
vn 0.0000 -1.0000 0.0000
vn 0.0000 -1.0000 0.0000
vn 0.0000 -1.0000 0.0000
vn 0.0000 -1.0000 0.0000
vn 0.0000 -1.0000 0.0000
vn 0.0000 -1.0000 0.0000
vn 0.1184 0.0684 -0.9906
vn 0.6904 0.3986 -0.6037
vn 0.8579 0.4953 0.1368
vn 0.5229 0.3019 0.7972
vn -0.1184 -0.0684 0.9906
vn -0.6904 -0.3986 0.6037
vn -0.8579 -0.4953 -0.1368
vn -0.5229 -0.3019 -0.7972
vn -0.1184 -0.0684 -0.9906
vn 0.5229 0.3019 -0.7972
vn 0.8579 0.4953 -0.1368
vn 0.6904 0.3986 0.6037
vn 0.1184 0.0684 0.9906
vn -0.5229 -0.3019 0.7972
vn -0.8579 -0.4953 0.1368
vn -0.6904 -0.3986 -0.6037
vn -0.5000 0.8660 0.0000
vn -0.5000 0.8660 -0.0000
vn -0.5000 0.8660 0.0000
vn -0.5000 0.8660 0.0000
vn -0.5000 0.8660 0.0000
vn -0.5000 0.8660 -0.0000
vn -0.5000 0.8660 0.0000
vn -0.5000 0.8660 0.0000
vn -0.5000 0.8660 0.0000
vn 0.5000 -0.8660 0.0000
vn 0.5000 -0.8660 -0.0000
vn 0.5000 -0.8660 0.0000
vn 0.5000 -0.8660 0.0000
vn 0.5000 -0.8660 0.0000
vn 0.5000 -0.8660 -0.0000
vn 0.5000 -0.8660 0.0000
vn 0.5000 -0.8660 0.0000
vn 0.5000 -0.8660 0.0000
vn 0.0684 0.1184 -0.9906
vn 0.3986 0.6904 -0.6037
vn 0.4953 0.8579 0.1368
vn 0.3019 0.5229 0.7972
vn -0.0684 -0.1184 0.9906
vn -0.3986 -0.6904 0.6037
vn -0.4953 -0.8579 -0.1368
vn -0.3019 -0.5229 -0.7972
vn -0.0684 -0.1184 -0.9906
vn 0.3019 0.5229 -0.7972
vn 0.4953 0.8579 -0.1368
vn 0.3986 0.6904 0.6037
vn 0.0684 0.1184 0.9906
vn -0.3019 -0.5229 0.7972
vn -0.4953 -0.8579 0.1368
vn -0.3986 -0.6904 -0.6037
vn -0.8660 0.5000 0.0000
vn -0.8660 0.5000 0.0000
vn -0.8660 0.5000 -0.0000
vn -0.8660 0.5000 -0.0000
vn -0.8660 0.5000 0.0000
vn -0.8660 0.5000 0.0000
vn -0.8660 0.5000 -0.0000
vn -0.8660 0.5000 -0.0000
vn -0.8660 0.5000 -0.0000
vn 0.8660 -0.5000 0.0000
vn 0.8660 -0.5000 0.0000
vn 0.8660 -0.5000 0.0000
vn 0.8660 -0.5000 -0.0000
vn 0.8660 -0.5000 0.0000
vn 0.8660 -0.5000 0.0000
vn 0.8660 -0.5000 0.0000
vn 0.8660 -0.5000 -0.0000
vn 0.8660 -0.5000 0.0000
f 2297//2297 2298//2298 2306//2306
f 2297//2297 2306//2306 2305//2305
f 2298//2298 2299//2299 2307//2307
f 2298//2298 2307//2307 2306//2306
f 2299//2299 2300//2300 2308//2308
f 2299//2299 2308//2308 2307//2307
f 2300//2300 2301//2301 2309//2309
f 2300//2300 2309//2309 2308//2308
f 2301//2301 2302//2302 2310//2310
f 2301//2301 2310//2310 2309//2309
f 2302//2302 2303//2303 2311//2311
f 2302//2302 2311//2311 2310//2310
f 2303//2303 2304//2304 2312//2312
f 2303//2303 2312//2312 2311//2311
f 2304//2304 2297//2297 2305//2305
f 2304//2304 2305//2305 2312//2312
f 2314//2314 2313//2313 2321//2321
f 2315//2315 2314//2314 2321//2321
f 2316//2316 2315//2315 2321//2321
f 2317//2317 2316//2316 2321//2321
f 2318//2318 2317//2317 2321//2321
f 2319//2319 2318//2318 2321//2321
f 2320//2320 2319//2319 2321//2321
f 2313//2313 2320//2320 2321//2321
f 2322//2322 2323//2323 2330//2330
f 2323//2323 2324//2324 2330//2330
f 2324//2324 2325//2325 2330//2330
f 2325//2325 2326//2326 2330//2330
f 2326//2326 2327//2327 2330//2330
f 2327//2327 2328//2328 2330//2330
f 2328//2328 2329//2329 2330//2330
f 2329//2329 2322//2322 2330//2330
f 2331//2331 2332//2332 2340//2340
f 2331//2331 2340//2340 2339//2339
f 2332//2332 2333//2333 2341//2341
f 2332//2332 2341//2341 2340//2340
f 2333//2333 2334//2334 2342//2342
f 2333//2333 2342//2342 2341//2341
f 2334//2334 2335//2335 2343//2343
f 2334//2334 2343//2343 2342//2342
f 2335//2335 2336//2336 2344//2344
f 2335//2335 2344//2344 2343//2343
f 2336//2336 2337//2337 2345//2345
f 2336//2336 2345//2345 2344//2344
f 2337//2337 2338//2338 2346//2346
f 2337//2337 2346//2346 2345//2345
f 2338//2338 2331//2331 2339//2339
f 2338//2338 2339//2339 2346//2346
f 2348//2348 2347//2347 2355//2355
f 2349//2349 2348//2348 2355//2355
f 2350//2350 2349//2349 2355//2355
f 2351//2351 2350//2350 2355//2355
f 2352//2352 2351//2351 2355//2355
f 2353//2353 2352//2352 2355//2355
f 2354//2354 2353//2353 2355//2355
f 2347//2347 2354//2354 2355//2355
f 2356//2356 2357//2357 2364//2364
f 2357//2357 2358//2358 2364//2364
f 2358//2358 2359//2359 2364//2364
f 2359//2359 2360//2360 2364//2364
f 2360//2360 2361//2361 2364//2364
f 2361//2361 2362//2362 2364//2364
f 2362//2362 2363//2363 2364//2364
f 2363//2363 2356//2356 2364//2364
f 2365//2365 2366//2366 2374//2374
f 2365//2365 2374//2374 2373//2373
f 2366//2366 2367//2367 2375//2375
f 2366//2366 2375//2375 2374//2374
f 2367//2367 2368//2368 2376//2376
f 2367//2367 2376//2376 2375//2375
f 2368//2368 2369//2369 2377//2377
f 2368//2368 2377//2377 2376//2376
f 2369//2369 2370//2370 2378//2378
f 2369//2369 2378//2378 2377//2377
f 2370//2370 2371//2371 2379//2379
f 2370//2370 2379//2379 2378//2378
f 2371//2371 2372//2372 2380//2380
f 2371//2371 2380//2380 2379//2379
f 2372//2372 2365//2365 2373//2373
f 2372//2372 2373//2373 2380//2380
f 2382//2382 2381//2381 2389//2389
f 2383//2383 2382//2382 2389//2389
f 2384//2384 2383//2383 2389//2389
f 2385//2385 2384//2384 2389//2389
f 2386//2386 2385//2385 2389//2389
f 2387//2387 2386//2386 2389//2389
f 2388//2388 2387//2387 2389//2389
f 2381//2381 2388//2388 2389//2389
f 2390//2390 2391//2391 2398//2398
f 2391//2391 2392//2392 2398//2398
f 2392//2392 2393//2393 2398//2398
f 2393//2393 2394//2394 2398//2398
f 2394//2394 2395//2395 2398//2398
f 2395//2395 2396//2396 2398//2398
f 2396//2396 2397//2397 2398//2398
f 2397//2397 2390//2390 2398//2398
f 2399//2399 2400//2400 2408//2408
f 2399//2399 2408//2408 2407//2407
f 2400//2400 2401//2401 2409//2409
f 2400//2400 2409//2409 2408//2408
f 2401//2401 2402//2402 2410//2410
f 2401//2401 2410//2410 2409//2409
f 2402//2402 2403//2403 2411//2411
f 2402//2402 2411//2411 2410//2410
f 2403//2403 2404//2404 2412//2412
f 2403//2403 2412//2412 2411//2411
f 2404//2404 2405//2405 2413//2413
f 2404//2404 2413//2413 2412//2412
f 2405//2405 2406//2406 2414//2414
f 2405//2405 2414//2414 2413//2413
f 2406//2406 2399//2399 2407//2407
f 2406//2406 2407//2407 2414//2414
f 2416//2416 2415//2415 2423//2423
f 2417//2417 2416//2416 2423//2423
f 2418//2418 2417//2417 2423//2423
f 2419//2419 2418//2418 2423//2423
f 2420//2420 2419//2419 2423//2423
f 2421//2421 2420//2420 2423//2423
f 2422//2422 2421//2421 2423//2423
f 2415//2415 2422//2422 2423//2423
f 2424//2424 2425//2425 2432//2432
f 2425//2425 2426//2426 2432//2432
f 2426//2426 2427//2427 2432//2432
f 2427//2427 2428//2428 2432//2432
f 2428//2428 2429//2429 2432//2432
f 2429//2429 2430//2430 2432//2432
f 2430//2430 2431//2431 2432//2432
f 2431//2431 2424//2424 2432//2432
f 2433//2433 2434//2434 2442//2442
f 2433//2433 2442//2442 2441//2441
f 2434//2434 2435//2435 2443//2443
f 2434//2434 2443//2443 2442//2442
f 2435//2435 2436//2436 2444//2444
f 2435//2435 2444//2444 2443//2443
f 2436//2436 2437//2437 2445//2445
f 2436//2436 2445//2445 2444//2444
f 2437//2437 2438//2438 2446//2446
f 2437//2437 2446//2446 2445//2445
f 2438//2438 2439//2439 2447//2447
f 2438//2438 2447//2447 2446//2446
f 2439//2439 2440//2440 2448//2448
f 2439//2439 2448//2448 2447//2447
f 2440//2440 2433//2433 2441//2441
f 2440//2440 2441//2441 2448//2448
f 2450//2450 2449//2449 2457//2457
f 2451//2451 2450//2450 2457//2457
f 2452//2452 2451//2451 2457//2457
f 2453//2453 2452//2452 2457//2457
f 2454//2454 2453//2453 2457//2457
f 2455//2455 2454//2454 2457//2457
f 2456//2456 2455//2455 2457//2457
f 2449//2449 2456//2456 2457//2457
f 2458//2458 2459//2459 2466//2466
f 2459//2459 2460//2460 2466//2466
f 2460//2460 2461//2461 2466//2466
f 2461//2461 2462//2462 2466//2466
f 2462//2462 2463//2463 2466//2466
f 2463//2463 2464//2464 2466//2466
f 2464//2464 2465//2465 2466//2466
f 2465//2465 2458//2458 2466//2466
f 2467//2467 2468//2468 2476//2476
f 2467//2467 2476//2476 2475//2475
f 2468//2468 2469//2469 2477//2477
f 2468//2468 2477//2477 2476//2476
f 2469//2469 2470//2470 2478//2478
f 2469//2469 2478//2478 2477//2477
f 2470//2470 2471//2471 2479//2479
f 2470//2470 2479//2479 2478//2478
f 2471//2471 2472//2472 2480//2480
f 2471//2471 2480//2480 2479//2479
f 2472//2472 2473//2473 2481//2481
f 2472//2472 2481//2481 2480//2480
f 2473//2473 2474//2474 2482//2482
f 2473//2473 2482//2482 2481//2481
f 2474//2474 2467//2467 2475//2475
f 2474//2474 2475//2475 2482//2482
f 2484//2484 2483//2483 2491//2491
f 2485//2485 2484//2484 2491//2491
f 2486//2486 2485//2485 2491//2491
f 2487//2487 2486//2486 2491//2491
f 2488//2488 2487//2487 2491//2491
f 2489//2489 2488//2488 2491//2491
f 2490//2490 2489//2489 2491//2491
f 2483//2483 2490//2490 2491//2491
f 2492//2492 2493//2493 2500//2500
f 2493//2493 2494//2494 2500//2500
f 2494//2494 2495//2495 2500//2500
f 2495//2495 2496//2496 2500//2500
f 2496//2496 2497//2497 2500//2500
f 2497//2497 2498//2498 2500//2500
f 2498//2498 2499//2499 2500//2500
f 2499//2499 2492//2492 2500//2500
f 2501//2501 2502//2502 2510//2510
f 2501//2501 2510//2510 2509//2509
f 2502//2502 2503//2503 2511//2511
f 2502//2502 2511//2511 2510//2510
f 2503//2503 2504//2504 2512//2512
f 2503//2503 2512//2512 2511//2511
f 2504//2504 2505//2505 2513//2513
f 2504//2504 2513//2513 2512//2512
f 2505//2505 2506//2506 2514//2514
f 2505//2505 2514//2514 2513//2513
f 2506//2506 2507//2507 2515//2515
f 2506//2506 2515//2515 2514//2514
f 2507//2507 2508//2508 2516//2516
f 2507//2507 2516//2516 2515//2515
f 2508//2508 2501//2501 2509//2509
f 2508//2508 2509//2509 2516//2516
f 2518//2518 2517//2517 2525//2525
f 2519//2519 2518//2518 2525//2525
f 2520//2520 2519//2519 2525//2525
f 2521//2521 2520//2520 2525//2525
f 2522//2522 2521//2521 2525//2525
f 2523//2523 2522//2522 2525//2525
f 2524//2524 2523//2523 2525//2525
f 2517//2517 2524//2524 2525//2525
f 2526//2526 2527//2527 2534//2534
f 2527//2527 2528//2528 2534//2534
f 2528//2528 2529//2529 2534//2534
f 2529//2529 2530//2530 2534//2534
f 2530//2530 2531//2531 2534//2534
f 2531//2531 2532//2532 2534//2534
f 2532//2532 2533//2533 2534//2534
f 2533//2533 2526//2526 2534//2534
f 2535//2535 2536//2536 2544//2544
f 2535//2535 2544//2544 2543//2543
f 2536//2536 2537//2537 2545//2545
f 2536//2536 2545//2545 2544//2544
f 2537//2537 2538//2538 2546//2546
f 2537//2537 2546//2546 2545//2545
f 2538//2538 2539//2539 2547//2547
f 2538//2538 2547//2547 2546//2546
f 2539//2539 2540//2540 2548//2548
f 2539//2539 2548//2548 2547//2547
f 2540//2540 2541//2541 2549//2549
f 2540//2540 2549//2549 2548//2548
f 2541//2541 2542//2542 2550//2550
f 2541//2541 2550//2550 2549//2549
f 2542//2542 2535//2535 2543//2543
f 2542//2542 2543//2543 2550//2550
f 2552//2552 2551//2551 2559//2559
f 2553//2553 2552//2552 2559//2559
f 2554//2554 2553//2553 2559//2559
f 2555//2555 2554//2554 2559//2559
f 2556//2556 2555//2555 2559//2559
f 2557//2557 2556//2556 2559//2559
f 2558//2558 2557//2557 2559//2559
f 2551//2551 2558//2558 2559//2559
f 2560//2560 2561//2561 2568//2568
f 2561//2561 2562//2562 2568//2568
f 2562//2562 2563//2563 2568//2568
f 2563//2563 2564//2564 2568//2568
f 2564//2564 2565//2565 2568//2568
f 2565//2565 2566//2566 2568//2568
f 2566//2566 2567//2567 2568//2568
f 2567//2567 2560//2560 2568//2568
f 2569//2569 2570//2570 2578//2578
f 2569//2569 2578//2578 2577//2577
f 2570//2570 2571//2571 2579//2579
f 2570//2570 2579//2579 2578//2578
f 2571//2571 2572//2572 2580//2580
f 2571//2571 2580//2580 2579//2579
f 2572//2572 2573//2573 2581//2581
f 2572//2572 2581//2581 2580//2580
f 2573//2573 2574//2574 2582//2582
f 2573//2573 2582//2582 2581//2581
f 2574//2574 2575//2575 2583//2583
f 2574//2574 2583//2583 2582//2582
f 2575//2575 2576//2576 2584//2584
f 2575//2575 2584//2584 2583//2583
f 2576//2576 2569//2569 2577//2577
f 2576//2576 2577//2577 2584//2584
f 2586//2586 2585//2585 2593//2593
f 2587//2587 2586//2586 2593//2593
f 2588//2588 2587//2587 2593//2593
f 2589//2589 2588//2588 2593//2593
f 2590//2590 2589//2589 2593//2593
f 2591//2591 2590//2590 2593//2593
f 2592//2592 2591//2591 2593//2593
f 2585//2585 2592//2592 2593//2593
f 2594//2594 2595//2595 2602//2602
f 2595//2595 2596//2596 2602//2602
f 2596//2596 2597//2597 2602//2602
f 2597//2597 2598//2598 2602//2602
f 2598//2598 2599//2599 2602//2602
f 2599//2599 2600//2600 2602//2602
f 2600//2600 2601//2601 2602//2602
f 2601//2601 2594//2594 2602//2602
f 2603//2603 2604//2604 2612//2612
f 2603//2603 2612//2612 2611//2611
f 2604//2604 2605//2605 2613//2613
f 2604//2604 2613//2613 2612//2612
f 2605//2605 2606//2606 2614//2614
f 2605//2605 2614//2614 2613//2613
f 2606//2606 2607//2607 2615//2615
f 2606//2606 2615//2615 2614//2614
f 2607//2607 2608//2608 2616//2616
f 2607//2607 2616//2616 2615//2615
f 2608//2608 2609//2609 2617//2617
f 2608//2608 2617//2617 2616//2616
f 2609//2609 2610//2610 2618//2618
f 2609//2609 2618//2618 2617//2617
f 2610//2610 2603//2603 2611//2611
f 2610//2610 2611//2611 2618//2618
f 2620//2620 2619//2619 2627//2627
f 2621//2621 2620//2620 2627//2627
f 2622//2622 2621//2621 2627//2627
f 2623//2623 2622//2622 2627//2627
f 2624//2624 2623//2623 2627//2627
f 2625//2625 2624//2624 2627//2627
f 2626//2626 2625//2625 2627//2627
f 2619//2619 2626//2626 2627//2627
f 2628//2628 2629//2629 2636//2636
f 2629//2629 2630//2630 2636//2636
f 2630//2630 2631//2631 2636//2636
f 2631//2631 2632//2632 2636//2636
f 2632//2632 2633//2633 2636//2636
f 2633//2633 2634//2634 2636//2636
f 2634//2634 2635//2635 2636//2636
f 2635//2635 2628//2628 2636//2636
f 2637//2637 2638//2638 2646//2646
f 2637//2637 2646//2646 2645//2645
f 2638//2638 2639//2639 2647//2647
f 2638//2638 2647//2647 2646//2646
f 2639//2639 2640//2640 2648//2648
f 2639//2639 2648//2648 2647//2647
f 2640//2640 2641//2641 2649//2649
f 2640//2640 2649//2649 2648//2648
f 2641//2641 2642//2642 2650//2650
f 2641//2641 2650//2650 2649//2649
f 2642//2642 2643//2643 2651//2651
f 2642//2642 2651//2651 2650//2650
f 2643//2643 2644//2644 2652//2652
f 2643//2643 2652//2652 2651//2651
f 2644//2644 2637//2637 2645//2645
f 2644//2644 2645//2645 2652//2652
f 2654//2654 2653//2653 2661//2661
f 2655//2655 2654//2654 2661//2661
f 2656//2656 2655//2655 2661//2661
f 2657//2657 2656//2656 2661//2661
f 2658//2658 2657//2657 2661//2661
f 2659//2659 2658//2658 2661//2661
f 2660//2660 2659//2659 2661//2661
f 2653//2653 2660//2660 2661//2661
f 2662//2662 2663//2663 2670//2670
f 2663//2663 2664//2664 2670//2670
f 2664//2664 2665//2665 2670//2670
f 2665//2665 2666//2666 2670//2670
f 2666//2666 2667//2667 2670//2670
f 2667//2667 2668//2668 2670//2670
f 2668//2668 2669//2669 2670//2670
f 2669//2669 2662//2662 2670//2670
f 2671//2671 2672//2672 2680//2680
f 2671//2671 2680//2680 2679//2679
f 2672//2672 2673//2673 2681//2681
f 2672//2672 2681//2681 2680//2680
f 2673//2673 2674//2674 2682//2682
f 2673//2673 2682//2682 2681//2681
f 2674//2674 2675//2675 2683//2683
f 2674//2674 2683//2683 2682//2682
f 2675//2675 2676//2676 2684//2684
f 2675//2675 2684//2684 2683//2683
f 2676//2676 2677//2677 2685//2685
f 2676//2676 2685//2685 2684//2684
f 2677//2677 2678//2678 2686//2686
f 2677//2677 2686//2686 2685//2685
f 2678//2678 2671//2671 2679//2679
f 2678//2678 2679//2679 2686//2686
f 2688//2688 2687//2687 2695//2695
f 2689//2689 2688//2688 2695//2695
f 2690//2690 2689//2689 2695//2695
f 2691//2691 2690//2690 2695//2695
f 2692//2692 2691//2691 2695//2695
f 2693//2693 2692//2692 2695//2695
f 2694//2694 2693//2693 2695//2695
f 2687//2687 2694//2694 2695//2695
f 2696//2696 2697//2697 2704//2704
f 2697//2697 2698//2698 2704//2704
f 2698//2698 2699//2699 2704//2704
f 2699//2699 2700//2700 2704//2704
f 2700//2700 2701//2701 2704//2704
f 2701//2701 2702//2702 2704//2704
f 2702//2702 2703//2703 2704//2704
f 2703//2703 2696//2696 2704//2704

o IM_BF_TuyereGlow
g 01_BlastFurnace
usemtl Molten_Hot
s 1
v 2.2000 4.6500 15.6500
v 2.2000 4.6500 16.3500
v 2.2000 5.3500 16.3500
v 2.2000 5.3500 15.6500
v 2.9000 4.6500 15.6500
v 2.9000 5.3500 15.6500
v 2.9000 5.3500 16.3500
v 2.9000 4.6500 16.3500
v 2.2000 4.6500 15.6500
v 2.9000 4.6500 15.6500
v 2.9000 4.6500 16.3500
v 2.2000 4.6500 16.3500
v 2.2000 5.3500 15.6500
v 2.2000 5.3500 16.3500
v 2.9000 5.3500 16.3500
v 2.9000 5.3500 15.6500
v 2.2000 4.6500 15.6500
v 2.2000 5.3500 15.6500
v 2.9000 5.3500 15.6500
v 2.9000 4.6500 15.6500
v 2.2000 4.6500 16.3500
v 2.9000 4.6500 16.3500
v 2.9000 5.3500 16.3500
v 2.2000 5.3500 16.3500
v 1.1885 8.4250 15.6500
v 1.1885 8.4250 16.3500
v 1.1885 9.1250 16.3500
v 1.1885 9.1250 15.6500
v 1.8885 8.4250 15.6500
v 1.8885 9.1250 15.6500
v 1.8885 9.1250 16.3500
v 1.8885 8.4250 16.3500
v 1.1885 8.4250 15.6500
v 1.8885 8.4250 15.6500
v 1.8885 8.4250 16.3500
v 1.1885 8.4250 16.3500
v 1.1885 9.1250 15.6500
v 1.1885 9.1250 16.3500
v 1.8885 9.1250 16.3500
v 1.8885 9.1250 15.6500
v 1.1885 8.4250 15.6500
v 1.1885 9.1250 15.6500
v 1.8885 9.1250 15.6500
v 1.8885 8.4250 15.6500
v 1.1885 8.4250 16.3500
v 1.8885 8.4250 16.3500
v 1.8885 9.1250 16.3500
v 1.1885 9.1250 16.3500
v -1.5750 11.1885 15.6500
v -1.5750 11.1885 16.3500
v -1.5750 11.8885 16.3500
v -1.5750 11.8885 15.6500
v -0.8750 11.1885 15.6500
v -0.8750 11.8885 15.6500
v -0.8750 11.8885 16.3500
v -0.8750 11.1885 16.3500
v -1.5750 11.1885 15.6500
v -0.8750 11.1885 15.6500
v -0.8750 11.1885 16.3500
v -1.5750 11.1885 16.3500
v -1.5750 11.8885 15.6500
v -1.5750 11.8885 16.3500
v -0.8750 11.8885 16.3500
v -0.8750 11.8885 15.6500
v -1.5750 11.1885 15.6500
v -1.5750 11.8885 15.6500
v -0.8750 11.8885 15.6500
v -0.8750 11.1885 15.6500
v -1.5750 11.1885 16.3500
v -0.8750 11.1885 16.3500
v -0.8750 11.8885 16.3500
v -1.5750 11.8885 16.3500
v -5.3500 12.2000 15.6500
v -5.3500 12.2000 16.3500
v -5.3500 12.9000 16.3500
v -5.3500 12.9000 15.6500
v -4.6500 12.2000 15.6500
v -4.6500 12.9000 15.6500
v -4.6500 12.9000 16.3500
v -4.6500 12.2000 16.3500
v -5.3500 12.2000 15.6500
v -4.6500 12.2000 15.6500
v -4.6500 12.2000 16.3500
v -5.3500 12.2000 16.3500
v -5.3500 12.9000 15.6500
v -5.3500 12.9000 16.3500
v -4.6500 12.9000 16.3500
v -4.6500 12.9000 15.6500
v -5.3500 12.2000 15.6500
v -5.3500 12.9000 15.6500
v -4.6500 12.9000 15.6500
v -4.6500 12.2000 15.6500
v -5.3500 12.2000 16.3500
v -4.6500 12.2000 16.3500
v -4.6500 12.9000 16.3500
v -5.3500 12.9000 16.3500
v -9.1250 11.1885 15.6500
v -9.1250 11.1885 16.3500
v -9.1250 11.8885 16.3500
v -9.1250 11.8885 15.6500
v -8.4250 11.1885 15.6500
v -8.4250 11.8885 15.6500
v -8.4250 11.8885 16.3500
v -8.4250 11.1885 16.3500
v -9.1250 11.1885 15.6500
v -8.4250 11.1885 15.6500
v -8.4250 11.1885 16.3500
v -9.1250 11.1885 16.3500
v -9.1250 11.8885 15.6500
v -9.1250 11.8885 16.3500
v -8.4250 11.8885 16.3500
v -8.4250 11.8885 15.6500
v -9.1250 11.1885 15.6500
v -9.1250 11.8885 15.6500
v -8.4250 11.8885 15.6500
v -8.4250 11.1885 15.6500
v -9.1250 11.1885 16.3500
v -8.4250 11.1885 16.3500
v -8.4250 11.8885 16.3500
v -9.1250 11.8885 16.3500
v -11.8885 8.4250 15.6500
v -11.8885 8.4250 16.3500
v -11.8885 9.1250 16.3500
v -11.8885 9.1250 15.6500
v -11.1885 8.4250 15.6500
v -11.1885 9.1250 15.6500
v -11.1885 9.1250 16.3500
v -11.1885 8.4250 16.3500
v -11.8885 8.4250 15.6500
v -11.1885 8.4250 15.6500
v -11.1885 8.4250 16.3500
v -11.8885 8.4250 16.3500
v -11.8885 9.1250 15.6500
v -11.8885 9.1250 16.3500
v -11.1885 9.1250 16.3500
v -11.1885 9.1250 15.6500
v -11.8885 8.4250 15.6500
v -11.8885 9.1250 15.6500
v -11.1885 9.1250 15.6500
v -11.1885 8.4250 15.6500
v -11.8885 8.4250 16.3500
v -11.1885 8.4250 16.3500
v -11.1885 9.1250 16.3500
v -11.8885 9.1250 16.3500
v -12.9000 4.6500 15.6500
v -12.9000 4.6500 16.3500
v -12.9000 5.3500 16.3500
v -12.9000 5.3500 15.6500
v -12.2000 4.6500 15.6500
v -12.2000 5.3500 15.6500
v -12.2000 5.3500 16.3500
v -12.2000 4.6500 16.3500
v -12.9000 4.6500 15.6500
v -12.2000 4.6500 15.6500
v -12.2000 4.6500 16.3500
v -12.9000 4.6500 16.3500
v -12.9000 5.3500 15.6500
v -12.9000 5.3500 16.3500
v -12.2000 5.3500 16.3500
v -12.2000 5.3500 15.6500
v -12.9000 4.6500 15.6500
v -12.9000 5.3500 15.6500
v -12.2000 5.3500 15.6500
v -12.2000 4.6500 15.6500
v -12.9000 4.6500 16.3500
v -12.2000 4.6500 16.3500
v -12.2000 5.3500 16.3500
v -12.9000 5.3500 16.3500
v -11.8885 0.8750 15.6500
v -11.8885 0.8750 16.3500
v -11.8885 1.5750 16.3500
v -11.8885 1.5750 15.6500
v -11.1885 0.8750 15.6500
v -11.1885 1.5750 15.6500
v -11.1885 1.5750 16.3500
v -11.1885 0.8750 16.3500
v -11.8885 0.8750 15.6500
v -11.1885 0.8750 15.6500
v -11.1885 0.8750 16.3500
v -11.8885 0.8750 16.3500
v -11.8885 1.5750 15.6500
v -11.8885 1.5750 16.3500
v -11.1885 1.5750 16.3500
v -11.1885 1.5750 15.6500
v -11.8885 0.8750 15.6500
v -11.8885 1.5750 15.6500
v -11.1885 1.5750 15.6500
v -11.1885 0.8750 15.6500
v -11.8885 0.8750 16.3500
v -11.1885 0.8750 16.3500
v -11.1885 1.5750 16.3500
v -11.8885 1.5750 16.3500
v -9.1250 -1.8885 15.6500
v -9.1250 -1.8885 16.3500
v -9.1250 -1.1885 16.3500
v -9.1250 -1.1885 15.6500
v -8.4250 -1.8885 15.6500
v -8.4250 -1.1885 15.6500
v -8.4250 -1.1885 16.3500
v -8.4250 -1.8885 16.3500
v -9.1250 -1.8885 15.6500
v -8.4250 -1.8885 15.6500
v -8.4250 -1.8885 16.3500
v -9.1250 -1.8885 16.3500
v -9.1250 -1.1885 15.6500
v -9.1250 -1.1885 16.3500
v -8.4250 -1.1885 16.3500
v -8.4250 -1.1885 15.6500
v -9.1250 -1.8885 15.6500
v -9.1250 -1.1885 15.6500
v -8.4250 -1.1885 15.6500
v -8.4250 -1.8885 15.6500
v -9.1250 -1.8885 16.3500
v -8.4250 -1.8885 16.3500
v -8.4250 -1.1885 16.3500
v -9.1250 -1.1885 16.3500
v -5.3500 -2.9000 15.6500
v -5.3500 -2.9000 16.3500
v -5.3500 -2.2000 16.3500
v -5.3500 -2.2000 15.6500
v -4.6500 -2.9000 15.6500
v -4.6500 -2.2000 15.6500
v -4.6500 -2.2000 16.3500
v -4.6500 -2.9000 16.3500
v -5.3500 -2.9000 15.6500
v -4.6500 -2.9000 15.6500
v -4.6500 -2.9000 16.3500
v -5.3500 -2.9000 16.3500
v -5.3500 -2.2000 15.6500
v -5.3500 -2.2000 16.3500
v -4.6500 -2.2000 16.3500
v -4.6500 -2.2000 15.6500
v -5.3500 -2.9000 15.6500
v -5.3500 -2.2000 15.6500
v -4.6500 -2.2000 15.6500
v -4.6500 -2.9000 15.6500
v -5.3500 -2.9000 16.3500
v -4.6500 -2.9000 16.3500
v -4.6500 -2.2000 16.3500
v -5.3500 -2.2000 16.3500
v -1.5750 -1.8885 15.6500
v -1.5750 -1.8885 16.3500
v -1.5750 -1.1885 16.3500
v -1.5750 -1.1885 15.6500
v -0.8750 -1.8885 15.6500
v -0.8750 -1.1885 15.6500
v -0.8750 -1.1885 16.3500
v -0.8750 -1.8885 16.3500
v -1.5750 -1.8885 15.6500
v -0.8750 -1.8885 15.6500
v -0.8750 -1.8885 16.3500
v -1.5750 -1.8885 16.3500
v -1.5750 -1.1885 15.6500
v -1.5750 -1.1885 16.3500
v -0.8750 -1.1885 16.3500
v -0.8750 -1.1885 15.6500
v -1.5750 -1.8885 15.6500
v -1.5750 -1.1885 15.6500
v -0.8750 -1.1885 15.6500
v -0.8750 -1.8885 15.6500
v -1.5750 -1.8885 16.3500
v -0.8750 -1.8885 16.3500
v -0.8750 -1.1885 16.3500
v -1.5750 -1.1885 16.3500
v 1.1885 0.8750 15.6500
v 1.1885 0.8750 16.3500
v 1.1885 1.5750 16.3500
v 1.1885 1.5750 15.6500
v 1.8885 0.8750 15.6500
v 1.8885 1.5750 15.6500
v 1.8885 1.5750 16.3500
v 1.8885 0.8750 16.3500
v 1.1885 0.8750 15.6500
v 1.8885 0.8750 15.6500
v 1.8885 0.8750 16.3500
v 1.1885 0.8750 16.3500
v 1.1885 1.5750 15.6500
v 1.1885 1.5750 16.3500
v 1.8885 1.5750 16.3500
v 1.8885 1.5750 15.6500
v 1.1885 0.8750 15.6500
v 1.1885 1.5750 15.6500
v 1.8885 1.5750 15.6500
v 1.8885 0.8750 15.6500
v 1.1885 0.8750 16.3500
v 1.8885 0.8750 16.3500
v 1.8885 1.5750 16.3500
v 1.1885 1.5750 16.3500
vn -1.0000 0.0000 0.0000
vn -1.0000 0.0000 0.0000
vn -1.0000 0.0000 0.0000
vn -1.0000 0.0000 0.0000
vn 1.0000 0.0000 0.0000
vn 1.0000 0.0000 0.0000
vn 1.0000 0.0000 0.0000
vn 1.0000 0.0000 0.0000
vn 0.0000 -1.0000 0.0000
vn 0.0000 -1.0000 0.0000
vn 0.0000 -1.0000 0.0000
vn 0.0000 -1.0000 0.0000
vn 0.0000 1.0000 0.0000
vn 0.0000 1.0000 0.0000
vn 0.0000 1.0000 0.0000
vn 0.0000 1.0000 0.0000
vn 0.0000 0.0000 -1.0000
vn 0.0000 0.0000 -1.0000
vn 0.0000 0.0000 -1.0000
vn 0.0000 0.0000 -1.0000
vn 0.0000 0.0000 1.0000
vn 0.0000 0.0000 1.0000
vn 0.0000 0.0000 1.0000
vn 0.0000 0.0000 1.0000
vn -1.0000 0.0000 0.0000
vn -1.0000 0.0000 0.0000
vn -1.0000 0.0000 0.0000
vn -1.0000 0.0000 0.0000
vn 1.0000 0.0000 0.0000
vn 1.0000 0.0000 0.0000
vn 1.0000 0.0000 0.0000
vn 1.0000 0.0000 0.0000
vn 0.0000 -1.0000 0.0000
vn 0.0000 -1.0000 0.0000
vn 0.0000 -1.0000 0.0000
vn 0.0000 -1.0000 0.0000
vn 0.0000 1.0000 0.0000
vn 0.0000 1.0000 0.0000
vn 0.0000 1.0000 0.0000
vn 0.0000 1.0000 0.0000
vn 0.0000 0.0000 -1.0000
vn 0.0000 0.0000 -1.0000
vn 0.0000 0.0000 -1.0000
vn 0.0000 0.0000 -1.0000
vn 0.0000 0.0000 1.0000
vn 0.0000 0.0000 1.0000
vn 0.0000 0.0000 1.0000
vn 0.0000 0.0000 1.0000
vn -1.0000 0.0000 0.0000
vn -1.0000 0.0000 0.0000
vn -1.0000 0.0000 0.0000
vn -1.0000 0.0000 0.0000
vn 1.0000 0.0000 0.0000
vn 1.0000 0.0000 0.0000
vn 1.0000 0.0000 0.0000
vn 1.0000 0.0000 0.0000
vn 0.0000 -1.0000 0.0000
vn 0.0000 -1.0000 0.0000
vn 0.0000 -1.0000 0.0000
vn 0.0000 -1.0000 0.0000
vn 0.0000 1.0000 0.0000
vn 0.0000 1.0000 0.0000
vn 0.0000 1.0000 0.0000
vn 0.0000 1.0000 0.0000
vn 0.0000 0.0000 -1.0000
vn 0.0000 0.0000 -1.0000
vn 0.0000 0.0000 -1.0000
vn 0.0000 0.0000 -1.0000
vn 0.0000 0.0000 1.0000
vn 0.0000 0.0000 1.0000
vn 0.0000 0.0000 1.0000
vn 0.0000 0.0000 1.0000
vn -1.0000 0.0000 0.0000
vn -1.0000 0.0000 0.0000
vn -1.0000 0.0000 0.0000
vn -1.0000 0.0000 0.0000
vn 1.0000 0.0000 0.0000
vn 1.0000 0.0000 0.0000
vn 1.0000 0.0000 0.0000
vn 1.0000 0.0000 0.0000
vn 0.0000 -1.0000 0.0000
vn 0.0000 -1.0000 0.0000
vn 0.0000 -1.0000 0.0000
vn 0.0000 -1.0000 0.0000
vn 0.0000 1.0000 0.0000
vn 0.0000 1.0000 0.0000
vn 0.0000 1.0000 0.0000
vn 0.0000 1.0000 0.0000
vn 0.0000 0.0000 -1.0000
vn 0.0000 0.0000 -1.0000
vn 0.0000 0.0000 -1.0000
vn 0.0000 0.0000 -1.0000
vn 0.0000 0.0000 1.0000
vn 0.0000 0.0000 1.0000
vn 0.0000 0.0000 1.0000
vn 0.0000 0.0000 1.0000
vn -1.0000 0.0000 0.0000
vn -1.0000 0.0000 0.0000
vn -1.0000 0.0000 0.0000
vn -1.0000 0.0000 0.0000
vn 1.0000 0.0000 0.0000
vn 1.0000 0.0000 0.0000
vn 1.0000 0.0000 0.0000
vn 1.0000 0.0000 0.0000
vn 0.0000 -1.0000 0.0000
vn 0.0000 -1.0000 0.0000
vn 0.0000 -1.0000 0.0000
vn 0.0000 -1.0000 0.0000
vn 0.0000 1.0000 0.0000
vn 0.0000 1.0000 0.0000
vn 0.0000 1.0000 0.0000
vn 0.0000 1.0000 0.0000
vn 0.0000 0.0000 -1.0000
vn 0.0000 0.0000 -1.0000
vn 0.0000 0.0000 -1.0000
vn 0.0000 0.0000 -1.0000
vn 0.0000 0.0000 1.0000
vn 0.0000 0.0000 1.0000
vn 0.0000 0.0000 1.0000
vn 0.0000 0.0000 1.0000
vn -1.0000 0.0000 0.0000
vn -1.0000 0.0000 0.0000
vn -1.0000 0.0000 0.0000
vn -1.0000 0.0000 0.0000
vn 1.0000 0.0000 0.0000
vn 1.0000 0.0000 0.0000
vn 1.0000 0.0000 0.0000
vn 1.0000 0.0000 0.0000
vn 0.0000 -1.0000 0.0000
vn 0.0000 -1.0000 0.0000
vn 0.0000 -1.0000 0.0000
vn 0.0000 -1.0000 0.0000
vn 0.0000 1.0000 0.0000
vn 0.0000 1.0000 0.0000
vn 0.0000 1.0000 0.0000
vn 0.0000 1.0000 0.0000
vn 0.0000 0.0000 -1.0000
vn 0.0000 0.0000 -1.0000
vn 0.0000 0.0000 -1.0000
vn 0.0000 0.0000 -1.0000
vn 0.0000 0.0000 1.0000
vn 0.0000 0.0000 1.0000
vn 0.0000 0.0000 1.0000
vn 0.0000 0.0000 1.0000
vn -1.0000 0.0000 0.0000
vn -1.0000 0.0000 0.0000
vn -1.0000 0.0000 0.0000
vn -1.0000 0.0000 0.0000
vn 1.0000 0.0000 0.0000
vn 1.0000 0.0000 0.0000
vn 1.0000 0.0000 0.0000
vn 1.0000 0.0000 0.0000
vn 0.0000 -1.0000 0.0000
vn 0.0000 -1.0000 0.0000
vn 0.0000 -1.0000 0.0000
vn 0.0000 -1.0000 0.0000
vn 0.0000 1.0000 0.0000
vn 0.0000 1.0000 0.0000
vn 0.0000 1.0000 0.0000
vn 0.0000 1.0000 0.0000
vn 0.0000 0.0000 -1.0000
vn 0.0000 0.0000 -1.0000
vn 0.0000 0.0000 -1.0000
vn 0.0000 0.0000 -1.0000
vn 0.0000 0.0000 1.0000
vn 0.0000 0.0000 1.0000
vn 0.0000 0.0000 1.0000
vn 0.0000 0.0000 1.0000
vn -1.0000 0.0000 0.0000
vn -1.0000 0.0000 0.0000
vn -1.0000 0.0000 0.0000
vn -1.0000 0.0000 0.0000
vn 1.0000 0.0000 0.0000
vn 1.0000 0.0000 0.0000
vn 1.0000 0.0000 0.0000
vn 1.0000 0.0000 0.0000
vn 0.0000 -1.0000 0.0000
vn 0.0000 -1.0000 0.0000
vn 0.0000 -1.0000 0.0000
vn 0.0000 -1.0000 0.0000
vn 0.0000 1.0000 0.0000
vn 0.0000 1.0000 0.0000
vn 0.0000 1.0000 0.0000
vn 0.0000 1.0000 0.0000
vn 0.0000 0.0000 -1.0000
vn 0.0000 0.0000 -1.0000
vn 0.0000 0.0000 -1.0000
vn 0.0000 0.0000 -1.0000
vn 0.0000 0.0000 1.0000
vn 0.0000 0.0000 1.0000
vn 0.0000 0.0000 1.0000
vn 0.0000 0.0000 1.0000
vn -1.0000 0.0000 0.0000
vn -1.0000 0.0000 0.0000
vn -1.0000 0.0000 0.0000
vn -1.0000 0.0000 0.0000
vn 1.0000 0.0000 0.0000
vn 1.0000 0.0000 0.0000
vn 1.0000 0.0000 0.0000
vn 1.0000 0.0000 0.0000
vn 0.0000 -1.0000 0.0000
vn 0.0000 -1.0000 0.0000
vn 0.0000 -1.0000 0.0000
vn 0.0000 -1.0000 0.0000
vn 0.0000 1.0000 0.0000
vn 0.0000 1.0000 0.0000
vn 0.0000 1.0000 0.0000
vn 0.0000 1.0000 0.0000
vn 0.0000 0.0000 -1.0000
vn 0.0000 0.0000 -1.0000
vn 0.0000 0.0000 -1.0000
vn 0.0000 0.0000 -1.0000
vn 0.0000 0.0000 1.0000
vn 0.0000 0.0000 1.0000
vn 0.0000 0.0000 1.0000
vn 0.0000 0.0000 1.0000
vn -1.0000 0.0000 0.0000
vn -1.0000 0.0000 0.0000
vn -1.0000 0.0000 0.0000
vn -1.0000 0.0000 0.0000
vn 1.0000 0.0000 0.0000
vn 1.0000 0.0000 0.0000
vn 1.0000 0.0000 0.0000
vn 1.0000 0.0000 0.0000
vn 0.0000 -1.0000 0.0000
vn 0.0000 -1.0000 0.0000
vn 0.0000 -1.0000 0.0000
vn 0.0000 -1.0000 0.0000
vn 0.0000 1.0000 0.0000
vn 0.0000 1.0000 0.0000
vn 0.0000 1.0000 0.0000
vn 0.0000 1.0000 0.0000
vn 0.0000 0.0000 -1.0000
vn 0.0000 0.0000 -1.0000
vn 0.0000 0.0000 -1.0000
vn 0.0000 0.0000 -1.0000
vn 0.0000 0.0000 1.0000
vn 0.0000 0.0000 1.0000
vn 0.0000 0.0000 1.0000
vn 0.0000 0.0000 1.0000
vn -1.0000 0.0000 0.0000
vn -1.0000 0.0000 0.0000
vn -1.0000 0.0000 0.0000
vn -1.0000 0.0000 0.0000
vn 1.0000 0.0000 0.0000
vn 1.0000 0.0000 0.0000
vn 1.0000 0.0000 0.0000
vn 1.0000 0.0000 0.0000
vn 0.0000 -1.0000 0.0000
vn 0.0000 -1.0000 0.0000
vn 0.0000 -1.0000 0.0000
vn 0.0000 -1.0000 0.0000
vn 0.0000 1.0000 0.0000
vn 0.0000 1.0000 0.0000
vn 0.0000 1.0000 0.0000
vn 0.0000 1.0000 0.0000
vn 0.0000 0.0000 -1.0000
vn 0.0000 0.0000 -1.0000
vn 0.0000 0.0000 -1.0000
vn 0.0000 0.0000 -1.0000
vn 0.0000 0.0000 1.0000
vn 0.0000 0.0000 1.0000
vn 0.0000 0.0000 1.0000
vn 0.0000 0.0000 1.0000
vn -1.0000 0.0000 0.0000
vn -1.0000 0.0000 0.0000
vn -1.0000 0.0000 0.0000
vn -1.0000 0.0000 0.0000
vn 1.0000 0.0000 0.0000
vn 1.0000 0.0000 0.0000
vn 1.0000 0.0000 0.0000
vn 1.0000 0.0000 0.0000
vn 0.0000 -1.0000 0.0000
vn 0.0000 -1.0000 0.0000
vn 0.0000 -1.0000 0.0000
vn 0.0000 -1.0000 0.0000
vn 0.0000 1.0000 0.0000
vn 0.0000 1.0000 0.0000
vn 0.0000 1.0000 0.0000
vn 0.0000 1.0000 0.0000
vn 0.0000 0.0000 -1.0000
vn 0.0000 0.0000 -1.0000
vn 0.0000 0.0000 -1.0000
vn 0.0000 0.0000 -1.0000
vn 0.0000 0.0000 1.0000
vn 0.0000 0.0000 1.0000
vn 0.0000 0.0000 1.0000
vn 0.0000 0.0000 1.0000
f 2705//2705 2706//2706 2707//2707
f 2705//2705 2707//2707 2708//2708
f 2709//2709 2710//2710 2711//2711
f 2709//2709 2711//2711 2712//2712
f 2713//2713 2714//2714 2715//2715
f 2713//2713 2715//2715 2716//2716
f 2717//2717 2718//2718 2719//2719
f 2717//2717 2719//2719 2720//2720
f 2721//2721 2722//2722 2723//2723
f 2721//2721 2723//2723 2724//2724
f 2725//2725 2726//2726 2727//2727
f 2725//2725 2727//2727 2728//2728
f 2729//2729 2730//2730 2731//2731
f 2729//2729 2731//2731 2732//2732
f 2733//2733 2734//2734 2735//2735
f 2733//2733 2735//2735 2736//2736
f 2737//2737 2738//2738 2739//2739
f 2737//2737 2739//2739 2740//2740
f 2741//2741 2742//2742 2743//2743
f 2741//2741 2743//2743 2744//2744
f 2745//2745 2746//2746 2747//2747
f 2745//2745 2747//2747 2748//2748
f 2749//2749 2750//2750 2751//2751
f 2749//2749 2751//2751 2752//2752
f 2753//2753 2754//2754 2755//2755
f 2753//2753 2755//2755 2756//2756
f 2757//2757 2758//2758 2759//2759
f 2757//2757 2759//2759 2760//2760
f 2761//2761 2762//2762 2763//2763
f 2761//2761 2763//2763 2764//2764
f 2765//2765 2766//2766 2767//2767
f 2765//2765 2767//2767 2768//2768
f 2769//2769 2770//2770 2771//2771
f 2769//2769 2771//2771 2772//2772
f 2773//2773 2774//2774 2775//2775
f 2773//2773 2775//2775 2776//2776
f 2777//2777 2778//2778 2779//2779
f 2777//2777 2779//2779 2780//2780
f 2781//2781 2782//2782 2783//2783
f 2781//2781 2783//2783 2784//2784
f 2785//2785 2786//2786 2787//2787
f 2785//2785 2787//2787 2788//2788
f 2789//2789 2790//2790 2791//2791
f 2789//2789 2791//2791 2792//2792
f 2793//2793 2794//2794 2795//2795
f 2793//2793 2795//2795 2796//2796
f 2797//2797 2798//2798 2799//2799
f 2797//2797 2799//2799 2800//2800
f 2801//2801 2802//2802 2803//2803
f 2801//2801 2803//2803 2804//2804
f 2805//2805 2806//2806 2807//2807
f 2805//2805 2807//2807 2808//2808
f 2809//2809 2810//2810 2811//2811
f 2809//2809 2811//2811 2812//2812
f 2813//2813 2814//2814 2815//2815
f 2813//2813 2815//2815 2816//2816
f 2817//2817 2818//2818 2819//2819
f 2817//2817 2819//2819 2820//2820
f 2821//2821 2822//2822 2823//2823
f 2821//2821 2823//2823 2824//2824
f 2825//2825 2826//2826 2827//2827
f 2825//2825 2827//2827 2828//2828
f 2829//2829 2830//2830 2831//2831
f 2829//2829 2831//2831 2832//2832
f 2833//2833 2834//2834 2835//2835
f 2833//2833 2835//2835 2836//2836
f 2837//2837 2838//2838 2839//2839
f 2837//2837 2839//2839 2840//2840
f 2841//2841 2842//2842 2843//2843
f 2841//2841 2843//2843 2844//2844
f 2845//2845 2846//2846 2847//2847
f 2845//2845 2847//2847 2848//2848
f 2849//2849 2850//2850 2851//2851
f 2849//2849 2851//2851 2852//2852
f 2853//2853 2854//2854 2855//2855
f 2853//2853 2855//2855 2856//2856
f 2857//2857 2858//2858 2859//2859
f 2857//2857 2859//2859 2860//2860
f 2861//2861 2862//2862 2863//2863
f 2861//2861 2863//2863 2864//2864
f 2865//2865 2866//2866 2867//2867
f 2865//2865 2867//2867 2868//2868
f 2869//2869 2870//2870 2871//2871
f 2869//2869 2871//2871 2872//2872
f 2873//2873 2874//2874 2875//2875
f 2873//2873 2875//2875 2876//2876
f 2877//2877 2878//2878 2879//2879
f 2877//2877 2879//2879 2880//2880
f 2881//2881 2882//2882 2883//2883
f 2881//2881 2883//2883 2884//2884
f 2885//2885 2886//2886 2887//2887
f 2885//2885 2887//2887 2888//2888
f 2889//2889 2890//2890 2891//2891
f 2889//2889 2891//2891 2892//2892
f 2893//2893 2894//2894 2895//2895
f 2893//2893 2895//2895 2896//2896
f 2897//2897 2898//2898 2899//2899
f 2897//2897 2899//2899 2900//2900
f 2901//2901 2902//2902 2903//2903
f 2901//2901 2903//2903 2904//2904
f 2905//2905 2906//2906 2907//2907
f 2905//2905 2907//2907 2908//2908
f 2909//2909 2910//2910 2911//2911
f 2909//2909 2911//2911 2912//2912
f 2913//2913 2914//2914 2915//2915
f 2913//2913 2915//2915 2916//2916
f 2917//2917 2918//2918 2919//2919
f 2917//2917 2919//2919 2920//2920
f 2921//2921 2922//2922 2923//2923
f 2921//2921 2923//2923 2924//2924
f 2925//2925 2926//2926 2927//2927
f 2925//2925 2927//2927 2928//2928
f 2929//2929 2930//2930 2931//2931
f 2929//2929 2931//2931 2932//2932
f 2933//2933 2934//2934 2935//2935
f 2933//2933 2935//2935 2936//2936
f 2937//2937 2938//2938 2939//2939
f 2937//2937 2939//2939 2940//2940
f 2941//2941 2942//2942 2943//2943
f 2941//2941 2943//2943 2944//2944
f 2945//2945 2946//2946 2947//2947
f 2945//2945 2947//2947 2948//2948
f 2949//2949 2950//2950 2951//2951
f 2949//2949 2951//2951 2952//2952
f 2953//2953 2954//2954 2955//2955
f 2953//2953 2955//2955 2956//2956
f 2957//2957 2958//2958 2959//2959
f 2957//2957 2959//2959 2960//2960
f 2961//2961 2962//2962 2963//2963
f 2961//2961 2963//2963 2964//2964
f 2965//2965 2966//2966 2967//2967
f 2965//2965 2967//2967 2968//2968
f 2969//2969 2970//2970 2971//2971
f 2969//2969 2971//2971 2972//2972
f 2973//2973 2974//2974 2975//2975
f 2973//2973 2975//2975 2976//2976
f 2977//2977 2978//2978 2979//2979
f 2977//2977 2979//2979 2980//2980
f 2981//2981 2982//2982 2983//2983
f 2981//2981 2983//2983 2984//2984
f 2985//2985 2986//2986 2987//2987
f 2985//2985 2987//2987 2988//2988
f 2989//2989 2990//2990 2991//2991
f 2989//2989 2991//2991 2992//2992

o IM_CastHouse_Deck
g 02_CastHouse
usemtl Steel_Dark
s 1
v 0.0000 -5.0000 9.5000
v 0.0000 -5.0000 10.5000
v 0.0000 15.0000 10.5000
v 0.0000 15.0000 9.5000
v 22.0000 -5.0000 9.5000
v 22.0000 15.0000 9.5000
v 22.0000 15.0000 10.5000
v 22.0000 -5.0000 10.5000
v 0.0000 -5.0000 9.5000
v 22.0000 -5.0000 9.5000
v 22.0000 -5.0000 10.5000
v 0.0000 -5.0000 10.5000
v 0.0000 15.0000 9.5000
v 0.0000 15.0000 10.5000
v 22.0000 15.0000 10.5000
v 22.0000 15.0000 9.5000
v 0.0000 -5.0000 9.5000
v 0.0000 15.0000 9.5000
v 22.0000 15.0000 9.5000
v 22.0000 -5.0000 9.5000
v 0.0000 -5.0000 10.5000
v 22.0000 -5.0000 10.5000
v 22.0000 15.0000 10.5000
v 0.0000 15.0000 10.5000
vn -1.0000 0.0000 0.0000
vn -1.0000 0.0000 0.0000
vn -1.0000 0.0000 0.0000
vn -1.0000 0.0000 0.0000
vn 1.0000 0.0000 0.0000
vn 1.0000 0.0000 0.0000
vn 1.0000 0.0000 0.0000
vn 1.0000 0.0000 0.0000
vn 0.0000 -1.0000 0.0000
vn 0.0000 -1.0000 0.0000
vn 0.0000 -1.0000 0.0000
vn 0.0000 -1.0000 0.0000
vn 0.0000 1.0000 0.0000
vn 0.0000 1.0000 0.0000
vn 0.0000 1.0000 0.0000
vn 0.0000 1.0000 0.0000
vn 0.0000 0.0000 -1.0000
vn 0.0000 0.0000 -1.0000
vn 0.0000 0.0000 -1.0000
vn 0.0000 0.0000 -1.0000
vn 0.0000 0.0000 1.0000
vn 0.0000 0.0000 1.0000
vn 0.0000 0.0000 1.0000
vn 0.0000 0.0000 1.0000
f 2993//2993 2994//2994 2995//2995
f 2993//2993 2995//2995 2996//2996
f 2997//2997 2998//2998 2999//2999
f 2997//2997 2999//2999 3000//3000
f 3001//3001 3002//3002 3003//3003
f 3001//3001 3003//3003 3004//3004
f 3005//3005 3006//3006 3007//3007
f 3005//3005 3007//3007 3008//3008
f 3009//3009 3010//3010 3011//3011
f 3009//3009 3011//3011 3012//3012
f 3013//3013 3014//3014 3015//3015
f 3013//3013 3015//3015 3016//3016

o IM_CastHouse_Columns
g 02_CastHouse
usemtl Steel_Dark
s 1
v 1.6000 -3.9000 1.0000
v 1.6000 -3.9000 9.5000
v 1.6000 -3.1000 9.5000
v 1.6000 -3.1000 1.0000
v 2.4000 -3.9000 1.0000
v 2.4000 -3.1000 1.0000
v 2.4000 -3.1000 9.5000
v 2.4000 -3.9000 9.5000
v 1.6000 -3.9000 1.0000
v 2.4000 -3.9000 1.0000
v 2.4000 -3.9000 9.5000
v 1.6000 -3.9000 9.5000
v 1.6000 -3.1000 1.0000
v 1.6000 -3.1000 9.5000
v 2.4000 -3.1000 9.5000
v 2.4000 -3.1000 1.0000
v 1.6000 -3.9000 1.0000
v 1.6000 -3.1000 1.0000
v 2.4000 -3.1000 1.0000
v 2.4000 -3.9000 1.0000
v 1.6000 -3.9000 9.5000
v 2.4000 -3.9000 9.5000
v 2.4000 -3.1000 9.5000
v 1.6000 -3.1000 9.5000
v 1.6000 13.1000 1.0000
v 1.6000 13.1000 9.5000
v 1.6000 13.9000 9.5000
v 1.6000 13.9000 1.0000
v 2.4000 13.1000 1.0000
v 2.4000 13.9000 1.0000
v 2.4000 13.9000 9.5000
v 2.4000 13.1000 9.5000
v 1.6000 13.1000 1.0000
v 2.4000 13.1000 1.0000
v 2.4000 13.1000 9.5000
v 1.6000 13.1000 9.5000
v 1.6000 13.9000 1.0000
v 1.6000 13.9000 9.5000
v 2.4000 13.9000 9.5000
v 2.4000 13.9000 1.0000
v 1.6000 13.1000 1.0000
v 1.6000 13.9000 1.0000
v 2.4000 13.9000 1.0000
v 2.4000 13.1000 1.0000
v 1.6000 13.1000 9.5000
v 2.4000 13.1000 9.5000
v 2.4000 13.9000 9.5000
v 1.6000 13.9000 9.5000
v 10.6000 -3.9000 1.0000
v 10.6000 -3.9000 9.5000
v 10.6000 -3.1000 9.5000
v 10.6000 -3.1000 1.0000
v 11.4000 -3.9000 1.0000
v 11.4000 -3.1000 1.0000
v 11.4000 -3.1000 9.5000
v 11.4000 -3.9000 9.5000
v 10.6000 -3.9000 1.0000
v 11.4000 -3.9000 1.0000
v 11.4000 -3.9000 9.5000
v 10.6000 -3.9000 9.5000
v 10.6000 -3.1000 1.0000
v 10.6000 -3.1000 9.5000
v 11.4000 -3.1000 9.5000
v 11.4000 -3.1000 1.0000
v 10.6000 -3.9000 1.0000
v 10.6000 -3.1000 1.0000
v 11.4000 -3.1000 1.0000
v 11.4000 -3.9000 1.0000
v 10.6000 -3.9000 9.5000
v 11.4000 -3.9000 9.5000
v 11.4000 -3.1000 9.5000
v 10.6000 -3.1000 9.5000
v 10.6000 13.1000 1.0000
v 10.6000 13.1000 9.5000
v 10.6000 13.9000 9.5000
v 10.6000 13.9000 1.0000
v 11.4000 13.1000 1.0000
v 11.4000 13.9000 1.0000
v 11.4000 13.9000 9.5000
v 11.4000 13.1000 9.5000
v 10.6000 13.1000 1.0000
v 11.4000 13.1000 1.0000
v 11.4000 13.1000 9.5000
v 10.6000 13.1000 9.5000
v 10.6000 13.9000 1.0000
v 10.6000 13.9000 9.5000
v 11.4000 13.9000 9.5000
v 11.4000 13.9000 1.0000
v 10.6000 13.1000 1.0000
v 10.6000 13.9000 1.0000
v 11.4000 13.9000 1.0000
v 11.4000 13.1000 1.0000
v 10.6000 13.1000 9.5000
v 11.4000 13.1000 9.5000
v 11.4000 13.9000 9.5000
v 10.6000 13.9000 9.5000
v 19.6000 -3.9000 1.0000
v 19.6000 -3.9000 9.5000
v 19.6000 -3.1000 9.5000
v 19.6000 -3.1000 1.0000
v 20.4000 -3.9000 1.0000
v 20.4000 -3.1000 1.0000
v 20.4000 -3.1000 9.5000
v 20.4000 -3.9000 9.5000
v 19.6000 -3.9000 1.0000
v 20.4000 -3.9000 1.0000
v 20.4000 -3.9000 9.5000
v 19.6000 -3.9000 9.5000
v 19.6000 -3.1000 1.0000
v 19.6000 -3.1000 9.5000
v 20.4000 -3.1000 9.5000
v 20.4000 -3.1000 1.0000
v 19.6000 -3.9000 1.0000
v 19.6000 -3.1000 1.0000
v 20.4000 -3.1000 1.0000
v 20.4000 -3.9000 1.0000
v 19.6000 -3.9000 9.5000
v 20.4000 -3.9000 9.5000
v 20.4000 -3.1000 9.5000
v 19.6000 -3.1000 9.5000
v 19.6000 13.1000 1.0000
v 19.6000 13.1000 9.5000
v 19.6000 13.9000 9.5000
v 19.6000 13.9000 1.0000
v 20.4000 13.1000 1.0000
v 20.4000 13.9000 1.0000
v 20.4000 13.9000 9.5000
v 20.4000 13.1000 9.5000
v 19.6000 13.1000 1.0000
v 20.4000 13.1000 1.0000
v 20.4000 13.1000 9.5000
v 19.6000 13.1000 9.5000
v 19.6000 13.9000 1.0000
v 19.6000 13.9000 9.5000
v 20.4000 13.9000 9.5000
v 20.4000 13.9000 1.0000
v 19.6000 13.1000 1.0000
v 19.6000 13.9000 1.0000
v 20.4000 13.9000 1.0000
v 20.4000 13.1000 1.0000
v 19.6000 13.1000 9.5000
v 20.4000 13.1000 9.5000
v 20.4000 13.9000 9.5000
v 19.6000 13.9000 9.5000
vn -1.0000 0.0000 0.0000
vn -1.0000 0.0000 0.0000
vn -1.0000 0.0000 0.0000
vn -1.0000 0.0000 0.0000
vn 1.0000 0.0000 0.0000
vn 1.0000 0.0000 0.0000
vn 1.0000 0.0000 0.0000
vn 1.0000 0.0000 0.0000
vn 0.0000 -1.0000 0.0000
vn 0.0000 -1.0000 0.0000
vn 0.0000 -1.0000 0.0000
vn 0.0000 -1.0000 0.0000
vn 0.0000 1.0000 0.0000
vn 0.0000 1.0000 0.0000
vn 0.0000 1.0000 0.0000
vn 0.0000 1.0000 0.0000
vn 0.0000 0.0000 -1.0000
vn 0.0000 0.0000 -1.0000
vn 0.0000 0.0000 -1.0000
vn 0.0000 0.0000 -1.0000
vn 0.0000 0.0000 1.0000
vn 0.0000 0.0000 1.0000
vn 0.0000 0.0000 1.0000
vn 0.0000 0.0000 1.0000
vn -1.0000 0.0000 0.0000
vn -1.0000 0.0000 0.0000
vn -1.0000 0.0000 0.0000
vn -1.0000 0.0000 0.0000
vn 1.0000 0.0000 0.0000
vn 1.0000 0.0000 0.0000
vn 1.0000 0.0000 0.0000
vn 1.0000 0.0000 0.0000
vn 0.0000 -1.0000 0.0000
vn 0.0000 -1.0000 0.0000
vn 0.0000 -1.0000 0.0000
vn 0.0000 -1.0000 0.0000
vn 0.0000 1.0000 0.0000
vn 0.0000 1.0000 0.0000
vn 0.0000 1.0000 0.0000
vn 0.0000 1.0000 0.0000
vn 0.0000 0.0000 -1.0000
vn 0.0000 0.0000 -1.0000
vn 0.0000 0.0000 -1.0000
vn 0.0000 0.0000 -1.0000
vn 0.0000 0.0000 1.0000
vn 0.0000 0.0000 1.0000
vn 0.0000 0.0000 1.0000
vn 0.0000 0.0000 1.0000
vn -1.0000 0.0000 0.0000
vn -1.0000 0.0000 0.0000
vn -1.0000 0.0000 0.0000
vn -1.0000 0.0000 0.0000
vn 1.0000 0.0000 0.0000
vn 1.0000 0.0000 0.0000
vn 1.0000 0.0000 0.0000
vn 1.0000 0.0000 0.0000
vn 0.0000 -1.0000 0.0000
vn 0.0000 -1.0000 0.0000
vn 0.0000 -1.0000 0.0000
vn 0.0000 -1.0000 0.0000
vn 0.0000 1.0000 0.0000
vn 0.0000 1.0000 0.0000
vn 0.0000 1.0000 0.0000
vn 0.0000 1.0000 0.0000
vn 0.0000 0.0000 -1.0000
vn 0.0000 0.0000 -1.0000
vn 0.0000 0.0000 -1.0000
vn 0.0000 0.0000 -1.0000
vn 0.0000 0.0000 1.0000
vn 0.0000 0.0000 1.0000
vn 0.0000 0.0000 1.0000
vn 0.0000 0.0000 1.0000
vn -1.0000 0.0000 0.0000
vn -1.0000 0.0000 0.0000
vn -1.0000 0.0000 0.0000
vn -1.0000 0.0000 0.0000
vn 1.0000 0.0000 0.0000
vn 1.0000 0.0000 0.0000
vn 1.0000 0.0000 0.0000
vn 1.0000 0.0000 0.0000
vn 0.0000 -1.0000 0.0000
vn 0.0000 -1.0000 0.0000
vn 0.0000 -1.0000 0.0000
vn 0.0000 -1.0000 0.0000
vn 0.0000 1.0000 0.0000
vn 0.0000 1.0000 0.0000
vn 0.0000 1.0000 0.0000
vn 0.0000 1.0000 0.0000
vn 0.0000 0.0000 -1.0000
vn 0.0000 0.0000 -1.0000
vn 0.0000 0.0000 -1.0000
vn 0.0000 0.0000 -1.0000
vn 0.0000 0.0000 1.0000
vn 0.0000 0.0000 1.0000
vn 0.0000 0.0000 1.0000
vn 0.0000 0.0000 1.0000
vn -1.0000 0.0000 0.0000
vn -1.0000 0.0000 0.0000
vn -1.0000 0.0000 0.0000
vn -1.0000 0.0000 0.0000
vn 1.0000 0.0000 0.0000
vn 1.0000 0.0000 0.0000
vn 1.0000 0.0000 0.0000
vn 1.0000 0.0000 0.0000
vn 0.0000 -1.0000 0.0000
vn 0.0000 -1.0000 0.0000
vn 0.0000 -1.0000 0.0000
vn 0.0000 -1.0000 0.0000
vn 0.0000 1.0000 0.0000
vn 0.0000 1.0000 0.0000
vn 0.0000 1.0000 0.0000
vn 0.0000 1.0000 0.0000
vn 0.0000 0.0000 -1.0000
vn 0.0000 0.0000 -1.0000
vn 0.0000 0.0000 -1.0000
vn 0.0000 0.0000 -1.0000
vn 0.0000 0.0000 1.0000
vn 0.0000 0.0000 1.0000
vn 0.0000 0.0000 1.0000
vn 0.0000 0.0000 1.0000
vn -1.0000 0.0000 0.0000
vn -1.0000 0.0000 0.0000
vn -1.0000 0.0000 0.0000
vn -1.0000 0.0000 0.0000
vn 1.0000 0.0000 0.0000
vn 1.0000 0.0000 0.0000
vn 1.0000 0.0000 0.0000
vn 1.0000 0.0000 0.0000
vn 0.0000 -1.0000 0.0000
vn 0.0000 -1.0000 0.0000
vn 0.0000 -1.0000 0.0000
vn 0.0000 -1.0000 0.0000
vn 0.0000 1.0000 0.0000
vn 0.0000 1.0000 0.0000
vn 0.0000 1.0000 0.0000
vn 0.0000 1.0000 0.0000
vn 0.0000 0.0000 -1.0000
vn 0.0000 0.0000 -1.0000
vn 0.0000 0.0000 -1.0000
vn 0.0000 0.0000 -1.0000
vn 0.0000 0.0000 1.0000
vn 0.0000 0.0000 1.0000
vn 0.0000 0.0000 1.0000
vn 0.0000 0.0000 1.0000
f 3017//3017 3018//3018 3019//3019
f 3017//3017 3019//3019 3020//3020
f 3021//3021 3022//3022 3023//3023
f 3021//3021 3023//3023 3024//3024
f 3025//3025 3026//3026 3027//3027
f 3025//3025 3027//3027 3028//3028
f 3029//3029 3030//3030 3031//3031
f 3029//3029 3031//3031 3032//3032
f 3033//3033 3034//3034 3035//3035
f 3033//3033 3035//3035 3036//3036
f 3037//3037 3038//3038 3039//3039
f 3037//3037 3039//3039 3040//3040
f 3041//3041 3042//3042 3043//3043
f 3041//3041 3043//3043 3044//3044
f 3045//3045 3046//3046 3047//3047
f 3045//3045 3047//3047 3048//3048
f 3049//3049 3050//3050 3051//3051
f 3049//3049 3051//3051 3052//3052
f 3053//3053 3054//3054 3055//3055
f 3053//3053 3055//3055 3056//3056
f 3057//3057 3058//3058 3059//3059
f 3057//3057 3059//3059 3060//3060
f 3061//3061 3062//3062 3063//3063
f 3061//3061 3063//3063 3064//3064
f 3065//3065 3066//3066 3067//3067
f 3065//3065 3067//3067 3068//3068
f 3069//3069 3070//3070 3071//3071
f 3069//3069 3071//3071 3072//3072
f 3073//3073 3074//3074 3075//3075
f 3073//3073 3075//3075 3076//3076
f 3077//3077 3078//3078 3079//3079
f 3077//3077 3079//3079 3080//3080
f 3081//3081 3082//3082 3083//3083
f 3081//3081 3083//3083 3084//3084
f 3085//3085 3086//3086 3087//3087
f 3085//3085 3087//3087 3088//3088
f 3089//3089 3090//3090 3091//3091
f 3089//3089 3091//3091 3092//3092
f 3093//3093 3094//3094 3095//3095
f 3093//3093 3095//3095 3096//3096
f 3097//3097 3098//3098 3099//3099
f 3097//3097 3099//3099 3100//3100
f 3101//3101 3102//3102 3103//3103
f 3101//3101 3103//3103 3104//3104
f 3105//3105 3106//3106 3107//3107
f 3105//3105 3107//3107 3108//3108
f 3109//3109 3110//3110 3111//3111
f 3109//3109 3111//3111 3112//3112
f 3113//3113 3114//3114 3115//3115
f 3113//3113 3115//3115 3116//3116
f 3117//3117 3118//3118 3119//3119
f 3117//3117 3119//3119 3120//3120
f 3121//3121 3122//3122 3123//3123
f 3121//3121 3123//3123 3124//3124
f 3125//3125 3126//3126 3127//3127
f 3125//3125 3127//3127 3128//3128
f 3129//3129 3130//3130 3131//3131
f 3129//3129 3131//3131 3132//3132
f 3133//3133 3134//3134 3135//3135
f 3133//3133 3135//3135 3136//3136
f 3137//3137 3138//3138 3139//3139
f 3137//3137 3139//3139 3140//3140
f 3141//3141 3142//3142 3143//3143
f 3141//3141 3143//3143 3144//3144
f 3145//3145 3146//3146 3147//3147
f 3145//3145 3147//3147 3148//3148
f 3149//3149 3150//3150 3151//3151
f 3149//3149 3151//3151 3152//3152
f 3153//3153 3154//3154 3155//3155
f 3153//3153 3155//3155 3156//3156
f 3157//3157 3158//3158 3159//3159
f 3157//3157 3159//3159 3160//3160

o IM_CastHouse_Runner
g 02_CastHouse
usemtl Refractory
s 1
v 2.0000 3.7000 10.5000
v 2.0000 3.7000 11.7000
v 2.0000 6.3000 11.7000
v 2.0000 6.3000 10.5000
v 26.0000 3.7000 10.5000
v 26.0000 6.3000 10.5000
v 26.0000 6.3000 11.7000
v 26.0000 3.7000 11.7000
v 2.0000 3.7000 10.5000
v 26.0000 3.7000 10.5000
v 26.0000 3.7000 11.7000
v 2.0000 3.7000 11.7000
v 2.0000 6.3000 10.5000
v 2.0000 6.3000 11.7000
v 26.0000 6.3000 11.7000
v 26.0000 6.3000 10.5000
v 2.0000 3.7000 10.5000
v 2.0000 6.3000 10.5000
v 26.0000 6.3000 10.5000
v 26.0000 3.7000 10.5000
v 2.0000 3.7000 11.7000
v 26.0000 3.7000 11.7000
v 26.0000 6.3000 11.7000
v 2.0000 6.3000 11.7000
v 2.0000 3.7000 11.7000
v 2.0000 3.7000 12.3000
v 2.0000 4.1000 12.3000
v 2.0000 4.1000 11.7000
v 26.0000 3.7000 11.7000
v 26.0000 4.1000 11.7000
v 26.0000 4.1000 12.3000
v 26.0000 3.7000 12.3000
v 2.0000 3.7000 11.7000
v 26.0000 3.7000 11.7000
v 26.0000 3.7000 12.3000
v 2.0000 3.7000 12.3000
v 2.0000 4.1000 11.7000
v 2.0000 4.1000 12.3000
v 26.0000 4.1000 12.3000
v 26.0000 4.1000 11.7000
v 2.0000 3.7000 11.7000
v 2.0000 4.1000 11.7000
v 26.0000 4.1000 11.7000
v 26.0000 3.7000 11.7000
v 2.0000 3.7000 12.3000
v 26.0000 3.7000 12.3000
v 26.0000 4.1000 12.3000
v 2.0000 4.1000 12.3000
v 2.0000 5.9000 11.7000
v 2.0000 5.9000 12.3000
v 2.0000 6.3000 12.3000
v 2.0000 6.3000 11.7000
v 26.0000 5.9000 11.7000
v 26.0000 6.3000 11.7000
v 26.0000 6.3000 12.3000
v 26.0000 5.9000 12.3000
v 2.0000 5.9000 11.7000
v 26.0000 5.9000 11.7000
v 26.0000 5.9000 12.3000
v 2.0000 5.9000 12.3000
v 2.0000 6.3000 11.7000
v 2.0000 6.3000 12.3000
v 26.0000 6.3000 12.3000
v 26.0000 6.3000 11.7000
v 2.0000 5.9000 11.7000
v 2.0000 6.3000 11.7000
v 26.0000 6.3000 11.7000
v 26.0000 5.9000 11.7000
v 2.0000 5.9000 12.3000
v 26.0000 5.9000 12.3000
v 26.0000 6.3000 12.3000
v 2.0000 6.3000 12.3000
vn -1.0000 0.0000 0.0000
vn -1.0000 0.0000 0.0000
vn -1.0000 0.0000 0.0000
vn -1.0000 0.0000 0.0000
vn 1.0000 0.0000 0.0000
vn 1.0000 0.0000 0.0000
vn 1.0000 0.0000 0.0000
vn 1.0000 0.0000 0.0000
vn 0.0000 -1.0000 0.0000
vn 0.0000 -1.0000 0.0000
vn 0.0000 -1.0000 0.0000
vn 0.0000 -1.0000 0.0000
vn 0.0000 1.0000 0.0000
vn 0.0000 1.0000 0.0000
vn 0.0000 1.0000 0.0000
vn 0.0000 1.0000 0.0000
vn 0.0000 0.0000 -1.0000
vn 0.0000 0.0000 -1.0000
vn 0.0000 0.0000 -1.0000
vn 0.0000 0.0000 -1.0000
vn 0.0000 0.0000 1.0000
vn 0.0000 0.0000 1.0000
vn 0.0000 0.0000 1.0000
vn 0.0000 0.0000 1.0000
vn -1.0000 0.0000 0.0000
vn -1.0000 0.0000 0.0000
vn -1.0000 0.0000 0.0000
vn -1.0000 0.0000 0.0000
vn 1.0000 0.0000 0.0000
vn 1.0000 0.0000 0.0000
vn 1.0000 0.0000 0.0000
vn 1.0000 0.0000 0.0000
vn 0.0000 -1.0000 0.0000
vn 0.0000 -1.0000 0.0000
vn 0.0000 -1.0000 0.0000
vn 0.0000 -1.0000 0.0000
vn 0.0000 1.0000 0.0000
vn 0.0000 1.0000 0.0000
vn 0.0000 1.0000 0.0000
vn 0.0000 1.0000 0.0000
vn 0.0000 0.0000 -1.0000
vn 0.0000 0.0000 -1.0000
vn 0.0000 0.0000 -1.0000
vn 0.0000 0.0000 -1.0000
vn 0.0000 0.0000 1.0000
vn 0.0000 0.0000 1.0000
vn 0.0000 0.0000 1.0000
vn 0.0000 0.0000 1.0000
vn -1.0000 0.0000 0.0000
vn -1.0000 0.0000 0.0000
vn -1.0000 0.0000 0.0000
vn -1.0000 0.0000 0.0000
vn 1.0000 0.0000 0.0000
vn 1.0000 0.0000 0.0000
vn 1.0000 0.0000 0.0000
vn 1.0000 0.0000 0.0000
vn 0.0000 -1.0000 0.0000
vn 0.0000 -1.0000 0.0000
vn 0.0000 -1.0000 0.0000
vn 0.0000 -1.0000 0.0000
vn 0.0000 1.0000 0.0000
vn 0.0000 1.0000 0.0000
vn 0.0000 1.0000 0.0000
vn 0.0000 1.0000 0.0000
vn 0.0000 0.0000 -1.0000
vn 0.0000 0.0000 -1.0000
vn 0.0000 0.0000 -1.0000
vn 0.0000 0.0000 -1.0000
vn 0.0000 0.0000 1.0000
vn 0.0000 0.0000 1.0000
vn 0.0000 0.0000 1.0000
vn 0.0000 0.0000 1.0000
f 3161//3161 3162//3162 3163//3163
f 3161//3161 3163//3163 3164//3164
f 3165//3165 3166//3166 3167//3167
f 3165//3165 3167//3167 3168//3168
f 3169//3169 3170//3170 3171//3171
f 3169//3169 3171//3171 3172//3172
f 3173//3173 3174//3174 3175//3175
f 3173//3173 3175//3175 3176//3176
f 3177//3177 3178//3178 3179//3179
f 3177//3177 3179//3179 3180//3180
f 3181//3181 3182//3182 3183//3183
f 3181//3181 3183//3183 3184//3184
f 3185//3185 3186//3186 3187//3187
f 3185//3185 3187//3187 3188//3188
f 3189//3189 3190//3190 3191//3191
f 3189//3189 3191//3191 3192//3192
f 3193//3193 3194//3194 3195//3195
f 3193//3193 3195//3195 3196//3196
f 3197//3197 3198//3198 3199//3199
f 3197//3197 3199//3199 3200//3200
f 3201//3201 3202//3202 3203//3203
f 3201//3201 3203//3203 3204//3204
f 3205//3205 3206//3206 3207//3207
f 3205//3205 3207//3207 3208//3208
f 3209//3209 3210//3210 3211//3211
f 3209//3209 3211//3211 3212//3212
f 3213//3213 3214//3214 3215//3215
f 3213//3213 3215//3215 3216//3216
f 3217//3217 3218//3218 3219//3219
f 3217//3217 3219//3219 3220//3220
f 3221//3221 3222//3222 3223//3223
f 3221//3221 3223//3223 3224//3224
f 3225//3225 3226//3226 3227//3227
f 3225//3225 3227//3227 3228//3228
f 3229//3229 3230//3230 3231//3231
f 3229//3229 3231//3231 3232//3232

o IM_Molten_Runner
g 03_MoltenIron
usemtl Molten_Iron
s 1
v 2.2500 4.2000 11.1500
v 2.2500 4.2000 11.5000
v 2.2500 5.8000 11.5000
v 2.2500 5.8000 11.1500
v 25.7500 4.2000 11.1500
v 25.7500 5.8000 11.1500
v 25.7500 5.8000 11.5000
v 25.7500 4.2000 11.5000
v 2.2500 4.2000 11.1500
v 25.7500 4.2000 11.1500
v 25.7500 4.2000 11.5000
v 2.2500 4.2000 11.5000
v 2.2500 5.8000 11.1500
v 2.2500 5.8000 11.5000
v 25.7500 5.8000 11.5000
v 25.7500 5.8000 11.1500
v 2.2500 4.2000 11.1500
v 2.2500 5.8000 11.1500
v 25.7500 5.8000 11.1500
v 25.7500 4.2000 11.1500
v 2.2500 4.2000 11.5000
v 25.7500 4.2000 11.5000
v 25.7500 5.8000 11.5000
v 2.2500 5.8000 11.5000
vn -1.0000 0.0000 0.0000
vn -1.0000 0.0000 0.0000
vn -1.0000 0.0000 0.0000
vn -1.0000 0.0000 0.0000
vn 1.0000 0.0000 0.0000
vn 1.0000 0.0000 0.0000
vn 1.0000 0.0000 0.0000
vn 1.0000 0.0000 0.0000
vn 0.0000 -1.0000 0.0000
vn 0.0000 -1.0000 0.0000
vn 0.0000 -1.0000 0.0000
vn 0.0000 -1.0000 0.0000
vn 0.0000 1.0000 0.0000
vn 0.0000 1.0000 0.0000
vn 0.0000 1.0000 0.0000
vn 0.0000 1.0000 0.0000
vn 0.0000 0.0000 -1.0000
vn 0.0000 0.0000 -1.0000
vn 0.0000 0.0000 -1.0000
vn 0.0000 0.0000 -1.0000
vn 0.0000 0.0000 1.0000
vn 0.0000 0.0000 1.0000
vn 0.0000 0.0000 1.0000
vn 0.0000 0.0000 1.0000
f 3233//3233 3234//3234 3235//3235
f 3233//3233 3235//3235 3236//3236
f 3237//3237 3238//3238 3239//3239
f 3237//3237 3239//3239 3240//3240
f 3241//3241 3242//3242 3243//3243
f 3241//3241 3243//3243 3244//3244
f 3245//3245 3246//3246 3247//3247
f 3245//3245 3247//3247 3248//3248
f 3249//3249 3250//3250 3251//3251
f 3249//3249 3251//3251 3252//3252
f 3253//3253 3254//3254 3255//3255
f 3253//3253 3255//3255 3256//3256

o IM_Molten_TapHole
g 03_MoltenIron
usemtl Molten_Hot
s 1
v 1.8000 4.3000 11.0000
v 1.8000 4.3000 12.2000
v 1.8000 5.7000 12.2000
v 1.8000 5.7000 11.0000
v 3.0000 4.3000 11.0000
v 3.0000 5.7000 11.0000
v 3.0000 5.7000 12.2000
v 3.0000 4.3000 12.2000
v 1.8000 4.3000 11.0000
v 3.0000 4.3000 11.0000
v 3.0000 4.3000 12.2000
v 1.8000 4.3000 12.2000
v 1.8000 5.7000 11.0000
v 1.8000 5.7000 12.2000
v 3.0000 5.7000 12.2000
v 3.0000 5.7000 11.0000
v 1.8000 4.3000 11.0000
v 1.8000 5.7000 11.0000
v 3.0000 5.7000 11.0000
v 3.0000 4.3000 11.0000
v 1.8000 4.3000 12.2000
v 3.0000 4.3000 12.2000
v 3.0000 5.7000 12.2000
v 1.8000 5.7000 12.2000
vn -1.0000 0.0000 0.0000
vn -1.0000 0.0000 0.0000
vn -1.0000 0.0000 0.0000
vn -1.0000 0.0000 0.0000
vn 1.0000 0.0000 0.0000
vn 1.0000 0.0000 0.0000
vn 1.0000 0.0000 0.0000
vn 1.0000 0.0000 0.0000
vn 0.0000 -1.0000 0.0000
vn 0.0000 -1.0000 0.0000
vn 0.0000 -1.0000 0.0000
vn 0.0000 -1.0000 0.0000
vn 0.0000 1.0000 0.0000
vn 0.0000 1.0000 0.0000
vn 0.0000 1.0000 0.0000
vn 0.0000 1.0000 0.0000
vn 0.0000 0.0000 -1.0000
vn 0.0000 0.0000 -1.0000
vn 0.0000 0.0000 -1.0000
vn 0.0000 0.0000 -1.0000
vn 0.0000 0.0000 1.0000
vn 0.0000 0.0000 1.0000
vn 0.0000 0.0000 1.0000
vn 0.0000 0.0000 1.0000
f 3257//3257 3258//3258 3259//3259
f 3257//3257 3259//3259 3260//3260
f 3261//3261 3262//3262 3263//3263
f 3261//3261 3263//3263 3264//3264
f 3265//3265 3266//3266 3267//3267
f 3265//3265 3267//3267 3268//3268
f 3269//3269 3270//3270 3271//3271
f 3269//3269 3271//3271 3272//3272
f 3273//3273 3274//3274 3275//3275
f 3273//3273 3275//3275 3276//3276
f 3277//3277 3278//3278 3279//3279
f 3277//3277 3279//3279 3280//3280

o IM_Molten_Stream
g 03_MoltenIron
usemtl Molten_Iron
s 1
v 26.3200 5.0000 7.5000
v 26.2589 5.1881 7.5000
v 26.0989 5.3043 7.5000
v 25.9011 5.3043 7.5000
v 25.7411 5.1881 7.5000
v 25.6800 5.0000 7.5000
v 25.7411 4.8119 7.5000
v 25.9011 4.6957 7.5000
v 26.0989 4.6957 7.5000
v 26.2589 4.8119 7.5000
v 26.2200 5.0000 11.1500
v 26.1780 5.1293 11.1500
v 26.0680 5.2092 11.1500
v 25.9320 5.2092 11.1500
v 25.8220 5.1293 11.1500
v 25.7800 5.0000 11.1500
v 25.8220 4.8707 11.1500
v 25.9320 4.7908 11.1500
v 26.0680 4.7908 11.1500
v 26.1780 4.8707 11.1500
v 26.3200 5.0000 7.5000
v 26.2589 5.1881 7.5000
v 26.0989 5.3043 7.5000
v 25.9011 5.3043 7.5000
v 25.7411 5.1881 7.5000
v 25.6800 5.0000 7.5000
v 25.7411 4.8119 7.5000
v 25.9011 4.6957 7.5000
v 26.0989 4.6957 7.5000
v 26.2589 4.8119 7.5000
v 26.0000 5.0000 7.5000
v 26.2200 5.0000 11.1500
v 26.1780 5.1293 11.1500
v 26.0680 5.2092 11.1500
v 25.9320 5.2092 11.1500
v 25.8220 5.1293 11.1500
v 25.7800 5.0000 11.1500
v 25.8220 4.8707 11.1500
v 25.9320 4.7908 11.1500
v 26.0680 4.7908 11.1500
v 26.1780 4.8707 11.1500
v 26.0000 5.0000 11.1500
vn 0.9962 0.0828 0.0273
vn 0.7573 0.6525 0.0273
vn 0.2291 0.9730 0.0273
vn -0.3866 0.9218 0.0273
vn -0.8546 0.5186 0.0273
vn -0.9962 -0.0828 0.0273
vn -0.7573 -0.6525 0.0273
vn -0.2291 -0.9730 0.0273
vn 0.3866 -0.9218 0.0273
vn 0.8546 -0.5186 0.0273
vn 0.9904 -0.1355 0.0271
vn 0.8809 0.4725 0.0271
vn 0.4349 0.9001 0.0271
vn -0.1772 0.9838 0.0271
vn -0.7216 0.6918 0.0271
vn -0.9904 0.1355 0.0271
vn -0.8809 -0.4725 0.0271
vn -0.4349 -0.9001 0.0271
vn 0.1772 -0.9838 0.0271
vn 0.7216 -0.6918 0.0271
vn 0.0000 0.0000 -1.0000
vn 0.0000 0.0000 -1.0000
vn 0.0000 0.0000 -1.0000
vn 0.0000 0.0000 -1.0000
vn 0.0000 0.0000 -1.0000
vn 0.0000 0.0000 -1.0000
vn 0.0000 0.0000 -1.0000
vn 0.0000 0.0000 -1.0000
vn 0.0000 0.0000 -1.0000
vn 0.0000 0.0000 -1.0000
vn 0.0000 0.0000 -1.0000
vn 0.0000 0.0000 1.0000
vn 0.0000 0.0000 1.0000
vn 0.0000 0.0000 1.0000
vn 0.0000 0.0000 1.0000
vn 0.0000 0.0000 1.0000
vn 0.0000 0.0000 1.0000
vn 0.0000 0.0000 1.0000
vn 0.0000 0.0000 1.0000
vn 0.0000 0.0000 1.0000
vn 0.0000 0.0000 1.0000
vn 0.0000 0.0000 1.0000
f 3281//3281 3282//3282 3292//3292
f 3281//3281 3292//3292 3291//3291
f 3282//3282 3283//3283 3293//3293
f 3282//3282 3293//3293 3292//3292
f 3283//3283 3284//3284 3294//3294
f 3283//3283 3294//3294 3293//3293
f 3284//3284 3285//3285 3295//3295
f 3284//3284 3295//3295 3294//3294
f 3285//3285 3286//3286 3296//3296
f 3285//3285 3296//3296 3295//3295
f 3286//3286 3287//3287 3297//3297
f 3286//3286 3297//3297 3296//3296
f 3287//3287 3288//3288 3298//3298
f 3287//3287 3298//3298 3297//3297
f 3288//3288 3289//3289 3299//3299
f 3288//3288 3299//3299 3298//3298
f 3289//3289 3290//3290 3300//3300
f 3289//3289 3300//3300 3299//3299
f 3290//3290 3281//3281 3291//3291
f 3290//3290 3291//3291 3300//3300
f 3302//3302 3301//3301 3311//3311
f 3303//3303 3302//3302 3311//3311
f 3304//3304 3303//3303 3311//3311
f 3305//3305 3304//3304 3311//3311
f 3306//3306 3305//3305 3311//3311
f 3307//3307 3306//3306 3311//3311
f 3308//3308 3307//3307 3311//3311
f 3309//3309 3308//3308 3311//3311
f 3310//3310 3309//3309 3311//3311
f 3301//3301 3310//3310 3311//3311
f 3312//3312 3313//3313 3322//3322
f 3313//3313 3314//3314 3322//3322
f 3314//3314 3315//3315 3322//3322
f 3315//3315 3316//3316 3322//3322
f 3316//3316 3317//3317 3322//3322
f 3317//3317 3318//3318 3322//3322
f 3318//3318 3319//3319 3322//3322
f 3319//3319 3320//3320 3322//3322
f 3320//3320 3321//3321 3322//3322
f 3321//3321 3312//3312 3322//3322

o IM_Rails
g 04_TorpedoCar
usemtl Rail
s 1
v -60.0000 4.1000 1.0000
v -60.0000 4.1000 1.3000
v -60.0000 4.4000 1.3000
v -60.0000 4.4000 1.0000
v 60.0000 4.1000 1.0000
v 60.0000 4.4000 1.0000
v 60.0000 4.4000 1.3000
v 60.0000 4.1000 1.3000
v -60.0000 4.1000 1.0000
v 60.0000 4.1000 1.0000
v 60.0000 4.1000 1.3000
v -60.0000 4.1000 1.3000
v -60.0000 4.4000 1.0000
v -60.0000 4.4000 1.3000
v 60.0000 4.4000 1.3000
v 60.0000 4.4000 1.0000
v -60.0000 4.1000 1.0000
v -60.0000 4.4000 1.0000
v 60.0000 4.4000 1.0000
v 60.0000 4.1000 1.0000
v -60.0000 4.1000 1.3000
v 60.0000 4.1000 1.3000
v 60.0000 4.4000 1.3000
v -60.0000 4.4000 1.3000
v -60.0000 5.6000 1.0000
v -60.0000 5.6000 1.3000
v -60.0000 5.9000 1.3000
v -60.0000 5.9000 1.0000
v 60.0000 5.6000 1.0000
v 60.0000 5.9000 1.0000
v 60.0000 5.9000 1.3000
v 60.0000 5.6000 1.3000
v -60.0000 5.6000 1.0000
v 60.0000 5.6000 1.0000
v 60.0000 5.6000 1.3000
v -60.0000 5.6000 1.3000
v -60.0000 5.9000 1.0000
v -60.0000 5.9000 1.3000
v 60.0000 5.9000 1.3000
v 60.0000 5.9000 1.0000
v -60.0000 5.6000 1.0000
v -60.0000 5.9000 1.0000
v 60.0000 5.9000 1.0000
v 60.0000 5.6000 1.0000
v -60.0000 5.6000 1.3000
v 60.0000 5.6000 1.3000
v 60.0000 5.9000 1.3000
v -60.0000 5.9000 1.3000
vn -1.0000 0.0000 0.0000
vn -1.0000 0.0000 0.0000
vn -1.0000 0.0000 0.0000
vn -1.0000 0.0000 0.0000
vn 1.0000 0.0000 0.0000
vn 1.0000 0.0000 0.0000
vn 1.0000 0.0000 0.0000
vn 1.0000 0.0000 0.0000
vn 0.0000 -1.0000 0.0000
vn 0.0000 -1.0000 0.0000
vn 0.0000 -1.0000 0.0000
vn 0.0000 -1.0000 0.0000
vn 0.0000 1.0000 0.0000
vn 0.0000 1.0000 0.0000
vn 0.0000 1.0000 0.0000
vn 0.0000 1.0000 0.0000
vn 0.0000 0.0000 -1.0000
vn 0.0000 0.0000 -1.0000
vn 0.0000 0.0000 -1.0000
vn 0.0000 0.0000 -1.0000
vn 0.0000 0.0000 1.0000
vn 0.0000 0.0000 1.0000
vn 0.0000 0.0000 1.0000
vn 0.0000 0.0000 1.0000
vn -1.0000 0.0000 0.0000
vn -1.0000 0.0000 0.0000
vn -1.0000 0.0000 0.0000
vn -1.0000 0.0000 0.0000
vn 1.0000 0.0000 0.0000
vn 1.0000 0.0000 0.0000
vn 1.0000 0.0000 0.0000
vn 1.0000 0.0000 0.0000
vn 0.0000 -1.0000 0.0000
vn 0.0000 -1.0000 0.0000
vn 0.0000 -1.0000 0.0000
vn 0.0000 -1.0000 0.0000
vn 0.0000 1.0000 0.0000
vn 0.0000 1.0000 0.0000
vn 0.0000 1.0000 0.0000
vn 0.0000 1.0000 0.0000
vn 0.0000 0.0000 -1.0000
vn 0.0000 0.0000 -1.0000
vn 0.0000 0.0000 -1.0000
vn 0.0000 0.0000 -1.0000
vn 0.0000 0.0000 1.0000
vn 0.0000 0.0000 1.0000
vn 0.0000 0.0000 1.0000
vn 0.0000 0.0000 1.0000
f 3323//3323 3324//3324 3325//3325
f 3323//3323 3325//3325 3326//3326
f 3327//3327 3328//3328 3329//3329
f 3327//3327 3329//3329 3330//3330
f 3331//3331 3332//3332 3333//3333
f 3331//3331 3333//3333 3334//3334
f 3335//3335 3336//3336 3337//3337
f 3335//3335 3337//3337 3338//3338
f 3339//3339 3340//3340 3341//3341
f 3339//3339 3341//3341 3342//3342
f 3343//3343 3344//3344 3345//3345
f 3343//3343 3345//3345 3346//3346
f 3347//3347 3348//3348 3349//3349
f 3347//3347 3349//3349 3350//3350
f 3351//3351 3352//3352 3353//3353
f 3351//3351 3353//3353 3354//3354
f 3355//3355 3356//3356 3357//3357
f 3355//3355 3357//3357 3358//3358
f 3359//3359 3360//3360 3361//3361
f 3359//3359 3361//3361 3362//3362
f 3363//3363 3364//3364 3365//3365
f 3363//3363 3365//3365 3366//3366
f 3367//3367 3368//3368 3369//3369
f 3367//3367 3369//3369 3370//3370

o IM_Sleepers
g 04_TorpedoCar
usemtl Steel_Dark
s 1
v -58.2500 3.7000 1.0000
v -58.2500 3.7000 1.2000
v -58.2500 6.3000 1.2000
v -58.2500 6.3000 1.0000
v -57.7500 3.7000 1.0000
v -57.7500 6.3000 1.0000
v -57.7500 6.3000 1.2000
v -57.7500 3.7000 1.2000
v -58.2500 3.7000 1.0000
v -57.7500 3.7000 1.0000
v -57.7500 3.7000 1.2000
v -58.2500 3.7000 1.2000
v -58.2500 6.3000 1.0000
v -58.2500 6.3000 1.2000
v -57.7500 6.3000 1.2000
v -57.7500 6.3000 1.0000
v -58.2500 3.7000 1.0000
v -58.2500 6.3000 1.0000
v -57.7500 6.3000 1.0000
v -57.7500 3.7000 1.0000
v -58.2500 3.7000 1.2000
v -57.7500 3.7000 1.2000
v -57.7500 6.3000 1.2000
v -58.2500 6.3000 1.2000
v -54.2500 3.7000 1.0000
v -54.2500 3.7000 1.2000
v -54.2500 6.3000 1.2000
v -54.2500 6.3000 1.0000
v -53.7500 3.7000 1.0000
v -53.7500 6.3000 1.0000
v -53.7500 6.3000 1.2000
v -53.7500 3.7000 1.2000
v -54.2500 3.7000 1.0000
v -53.7500 3.7000 1.0000
v -53.7500 3.7000 1.2000
v -54.2500 3.7000 1.2000
v -54.2500 6.3000 1.0000
v -54.2500 6.3000 1.2000
v -53.7500 6.3000 1.2000
v -53.7500 6.3000 1.0000
v -54.2500 3.7000 1.0000
v -54.2500 6.3000 1.0000
v -53.7500 6.3000 1.0000
v -53.7500 3.7000 1.0000
v -54.2500 3.7000 1.2000
v -53.7500 3.7000 1.2000
v -53.7500 6.3000 1.2000
v -54.2500 6.3000 1.2000
v -50.2500 3.7000 1.0000
v -50.2500 3.7000 1.2000
v -50.2500 6.3000 1.2000
v -50.2500 6.3000 1.0000
v -49.7500 3.7000 1.0000
v -49.7500 6.3000 1.0000
v -49.7500 6.3000 1.2000
v -49.7500 3.7000 1.2000
v -50.2500 3.7000 1.0000
v -49.7500 3.7000 1.0000
v -49.7500 3.7000 1.2000
v -50.2500 3.7000 1.2000
v -50.2500 6.3000 1.0000
v -50.2500 6.3000 1.2000
v -49.7500 6.3000 1.2000
v -49.7500 6.3000 1.0000
v -50.2500 3.7000 1.0000
v -50.2500 6.3000 1.0000
v -49.7500 6.3000 1.0000
v -49.7500 3.7000 1.0000
v -50.2500 3.7000 1.2000
v -49.7500 3.7000 1.2000
v -49.7500 6.3000 1.2000
v -50.2500 6.3000 1.2000
v -46.2500 3.7000 1.0000
v -46.2500 3.7000 1.2000
v -46.2500 6.3000 1.2000
v -46.2500 6.3000 1.0000
v -45.7500 3.7000 1.0000
v -45.7500 6.3000 1.0000
v -45.7500 6.3000 1.2000
v -45.7500 3.7000 1.2000
v -46.2500 3.7000 1.0000
v -45.7500 3.7000 1.0000
v -45.7500 3.7000 1.2000
v -46.2500 3.7000 1.2000
v -46.2500 6.3000 1.0000
v -46.2500 6.3000 1.2000
v -45.7500 6.3000 1.2000
v -45.7500 6.3000 1.0000
v -46.2500 3.7000 1.0000
v -46.2500 6.3000 1.0000
v -45.7500 6.3000 1.0000
v -45.7500 3.7000 1.0000
v -46.2500 3.7000 1.2000
v -45.7500 3.7000 1.2000
v -45.7500 6.3000 1.2000
v -46.2500 6.3000 1.2000
v -42.2500 3.7000 1.0000
v -42.2500 3.7000 1.2000
v -42.2500 6.3000 1.2000
v -42.2500 6.3000 1.0000
v -41.7500 3.7000 1.0000
v -41.7500 6.3000 1.0000
v -41.7500 6.3000 1.2000
v -41.7500 3.7000 1.2000
v -42.2500 3.7000 1.0000
v -41.7500 3.7000 1.0000
v -41.7500 3.7000 1.2000
v -42.2500 3.7000 1.2000
v -42.2500 6.3000 1.0000
v -42.2500 6.3000 1.2000
v -41.7500 6.3000 1.2000
v -41.7500 6.3000 1.0000
v -42.2500 3.7000 1.0000
v -42.2500 6.3000 1.0000
v -41.7500 6.3000 1.0000
v -41.7500 3.7000 1.0000
v -42.2500 3.7000 1.2000
v -41.7500 3.7000 1.2000
v -41.7500 6.3000 1.2000
v -42.2500 6.3000 1.2000
v -38.2500 3.7000 1.0000
v -38.2500 3.7000 1.2000
v -38.2500 6.3000 1.2000
v -38.2500 6.3000 1.0000
v -37.7500 3.7000 1.0000
v -37.7500 6.3000 1.0000
v -37.7500 6.3000 1.2000
v -37.7500 3.7000 1.2000
v -38.2500 3.7000 1.0000
v -37.7500 3.7000 1.0000
v -37.7500 3.7000 1.2000
v -38.2500 3.7000 1.2000
v -38.2500 6.3000 1.0000
v -38.2500 6.3000 1.2000
v -37.7500 6.3000 1.2000
v -37.7500 6.3000 1.0000
v -38.2500 3.7000 1.0000
v -38.2500 6.3000 1.0000
v -37.7500 6.3000 1.0000
v -37.7500 3.7000 1.0000
v -38.2500 3.7000 1.2000
v -37.7500 3.7000 1.2000
v -37.7500 6.3000 1.2000
v -38.2500 6.3000 1.2000
v -34.2500 3.7000 1.0000
v -34.2500 3.7000 1.2000
v -34.2500 6.3000 1.2000
v -34.2500 6.3000 1.0000
v -33.7500 3.7000 1.0000
v -33.7500 6.3000 1.0000
v -33.7500 6.3000 1.2000
v -33.7500 3.7000 1.2000
v -34.2500 3.7000 1.0000
v -33.7500 3.7000 1.0000
v -33.7500 3.7000 1.2000
v -34.2500 3.7000 1.2000
v -34.2500 6.3000 1.0000
v -34.2500 6.3000 1.2000
v -33.7500 6.3000 1.2000
v -33.7500 6.3000 1.0000
v -34.2500 3.7000 1.0000
v -34.2500 6.3000 1.0000
v -33.7500 6.3000 1.0000
v -33.7500 3.7000 1.0000
v -34.2500 3.7000 1.2000
v -33.7500 3.7000 1.2000
v -33.7500 6.3000 1.2000
v -34.2500 6.3000 1.2000
v -30.2500 3.7000 1.0000
v -30.2500 3.7000 1.2000
v -30.2500 6.3000 1.2000
v -30.2500 6.3000 1.0000
v -29.7500 3.7000 1.0000
v -29.7500 6.3000 1.0000
v -29.7500 6.3000 1.2000
v -29.7500 3.7000 1.2000
v -30.2500 3.7000 1.0000
v -29.7500 3.7000 1.0000
v -29.7500 3.7000 1.2000
v -30.2500 3.7000 1.2000
v -30.2500 6.3000 1.0000
v -30.2500 6.3000 1.2000
v -29.7500 6.3000 1.2000
v -29.7500 6.3000 1.0000
v -30.2500 3.7000 1.0000
v -30.2500 6.3000 1.0000
v -29.7500 6.3000 1.0000
v -29.7500 3.7000 1.0000
v -30.2500 3.7000 1.2000
v -29.7500 3.7000 1.2000
v -29.7500 6.3000 1.2000
v -30.2500 6.3000 1.2000
v -26.2500 3.7000 1.0000
v -26.2500 3.7000 1.2000
v -26.2500 6.3000 1.2000
v -26.2500 6.3000 1.0000
v -25.7500 3.7000 1.0000
v -25.7500 6.3000 1.0000
v -25.7500 6.3000 1.2000
v -25.7500 3.7000 1.2000
v -26.2500 3.7000 1.0000
v -25.7500 3.7000 1.0000
v -25.7500 3.7000 1.2000
v -26.2500 3.7000 1.2000
v -26.2500 6.3000 1.0000
v -26.2500 6.3000 1.2000
v -25.7500 6.3000 1.2000
v -25.7500 6.3000 1.0000
v -26.2500 3.7000 1.0000
v -26.2500 6.3000 1.0000
v -25.7500 6.3000 1.0000
v -25.7500 3.7000 1.0000
v -26.2500 3.7000 1.2000
v -25.7500 3.7000 1.2000
v -25.7500 6.3000 1.2000
v -26.2500 6.3000 1.2000
v -22.2500 3.7000 1.0000
v -22.2500 3.7000 1.2000
v -22.2500 6.3000 1.2000
v -22.2500 6.3000 1.0000
v -21.7500 3.7000 1.0000
v -21.7500 6.3000 1.0000
v -21.7500 6.3000 1.2000
v -21.7500 3.7000 1.2000
v -22.2500 3.7000 1.0000
v -21.7500 3.7000 1.0000
v -21.7500 3.7000 1.2000
v -22.2500 3.7000 1.2000
v -22.2500 6.3000 1.0000
v -22.2500 6.3000 1.2000
v -21.7500 6.3000 1.2000
v -21.7500 6.3000 1.0000
v -22.2500 3.7000 1.0000
v -22.2500 6.3000 1.0000
v -21.7500 6.3000 1.0000
v -21.7500 3.7000 1.0000
v -22.2500 3.7000 1.2000
v -21.7500 3.7000 1.2000
v -21.7500 6.3000 1.2000
v -22.2500 6.3000 1.2000
v -18.2500 3.7000 1.0000
v -18.2500 3.7000 1.2000
v -18.2500 6.3000 1.2000
v -18.2500 6.3000 1.0000
v -17.7500 3.7000 1.0000
v -17.7500 6.3000 1.0000
v -17.7500 6.3000 1.2000
v -17.7500 3.7000 1.2000
v -18.2500 3.7000 1.0000
v -17.7500 3.7000 1.0000
v -17.7500 3.7000 1.2000
v -18.2500 3.7000 1.2000
v -18.2500 6.3000 1.0000
v -18.2500 6.3000 1.2000
v -17.7500 6.3000 1.2000
v -17.7500 6.3000 1.0000
v -18.2500 3.7000 1.0000
v -18.2500 6.3000 1.0000
v -17.7500 6.3000 1.0000
v -17.7500 3.7000 1.0000
v -18.2500 3.7000 1.2000
v -17.7500 3.7000 1.2000
v -17.7500 6.3000 1.2000
v -18.2500 6.3000 1.2000
v -14.2500 3.7000 1.0000
v -14.2500 3.7000 1.2000
v -14.2500 6.3000 1.2000
v -14.2500 6.3000 1.0000
v -13.7500 3.7000 1.0000
v -13.7500 6.3000 1.0000
v -13.7500 6.3000 1.2000
v -13.7500 3.7000 1.2000
v -14.2500 3.7000 1.0000
v -13.7500 3.7000 1.0000
v -13.7500 3.7000 1.2000
v -14.2500 3.7000 1.2000
v -14.2500 6.3000 1.0000
v -14.2500 6.3000 1.2000
v -13.7500 6.3000 1.2000
v -13.7500 6.3000 1.0000
v -14.2500 3.7000 1.0000
v -14.2500 6.3000 1.0000
v -13.7500 6.3000 1.0000
v -13.7500 3.7000 1.0000
v -14.2500 3.7000 1.2000
v -13.7500 3.7000 1.2000
v -13.7500 6.3000 1.2000
v -14.2500 6.3000 1.2000
v -10.2500 3.7000 1.0000
v -10.2500 3.7000 1.2000
v -10.2500 6.3000 1.2000
v -10.2500 6.3000 1.0000
v -9.7500 3.7000 1.0000
v -9.7500 6.3000 1.0000
v -9.7500 6.3000 1.2000
v -9.7500 3.7000 1.2000
v -10.2500 3.7000 1.0000
v -9.7500 3.7000 1.0000
v -9.7500 3.7000 1.2000
v -10.2500 3.7000 1.2000
v -10.2500 6.3000 1.0000
v -10.2500 6.3000 1.2000
v -9.7500 6.3000 1.2000
v -9.7500 6.3000 1.0000
v -10.2500 3.7000 1.0000
v -10.2500 6.3000 1.0000
v -9.7500 6.3000 1.0000
v -9.7500 3.7000 1.0000
v -10.2500 3.7000 1.2000
v -9.7500 3.7000 1.2000
v -9.7500 6.3000 1.2000
v -10.2500 6.3000 1.2000
v -6.2500 3.7000 1.0000
v -6.2500 3.7000 1.2000
v -6.2500 6.3000 1.2000
v -6.2500 6.3000 1.0000
v -5.7500 3.7000 1.0000
v -5.7500 6.3000 1.0000
v -5.7500 6.3000 1.2000
v -5.7500 3.7000 1.2000
v -6.2500 3.7000 1.0000
v -5.7500 3.7000 1.0000
v -5.7500 3.7000 1.2000
v -6.2500 3.7000 1.2000
v -6.2500 6.3000 1.0000
v -6.2500 6.3000 1.2000
v -5.7500 6.3000 1.2000
v -5.7500 6.3000 1.0000
v -6.2500 3.7000 1.0000
v -6.2500 6.3000 1.0000
v -5.7500 6.3000 1.0000
v -5.7500 3.7000 1.0000
v -6.2500 3.7000 1.2000
v -5.7500 3.7000 1.2000
v -5.7500 6.3000 1.2000
v -6.2500 6.3000 1.2000
v -2.2500 3.7000 1.0000
v -2.2500 3.7000 1.2000
v -2.2500 6.3000 1.2000
v -2.2500 6.3000 1.0000
v -1.7500 3.7000 1.0000
v -1.7500 6.3000 1.0000
v -1.7500 6.3000 1.2000
v -1.7500 3.7000 1.2000
v -2.2500 3.7000 1.0000
v -1.7500 3.7000 1.0000
v -1.7500 3.7000 1.2000
v -2.2500 3.7000 1.2000
v -2.2500 6.3000 1.0000
v -2.2500 6.3000 1.2000
v -1.7500 6.3000 1.2000
v -1.7500 6.3000 1.0000
v -2.2500 3.7000 1.0000
v -2.2500 6.3000 1.0000
v -1.7500 6.3000 1.0000
v -1.7500 3.7000 1.0000
v -2.2500 3.7000 1.2000
v -1.7500 3.7000 1.2000
v -1.7500 6.3000 1.2000
v -2.2500 6.3000 1.2000
v 1.7500 3.7000 1.0000
v 1.7500 3.7000 1.2000
v 1.7500 6.3000 1.2000
v 1.7500 6.3000 1.0000
v 2.2500 3.7000 1.0000
v 2.2500 6.3000 1.0000
v 2.2500 6.3000 1.2000
v 2.2500 3.7000 1.2000
v 1.7500 3.7000 1.0000
v 2.2500 3.7000 1.0000
v 2.2500 3.7000 1.2000
v 1.7500 3.7000 1.2000
v 1.7500 6.3000 1.0000
v 1.7500 6.3000 1.2000
v 2.2500 6.3000 1.2000
v 2.2500 6.3000 1.0000
v 1.7500 3.7000 1.0000
v 1.7500 6.3000 1.0000
v 2.2500 6.3000 1.0000
v 2.2500 3.7000 1.0000
v 1.7500 3.7000 1.2000
v 2.2500 3.7000 1.2000
v 2.2500 6.3000 1.2000
v 1.7500 6.3000 1.2000
v 5.7500 3.7000 1.0000
v 5.7500 3.7000 1.2000
v 5.7500 6.3000 1.2000
v 5.7500 6.3000 1.0000
v 6.2500 3.7000 1.0000
v 6.2500 6.3000 1.0000
v 6.2500 6.3000 1.2000
v 6.2500 3.7000 1.2000
v 5.7500 3.7000 1.0000
v 6.2500 3.7000 1.0000
v 6.2500 3.7000 1.2000
v 5.7500 3.7000 1.2000
v 5.7500 6.3000 1.0000
v 5.7500 6.3000 1.2000
v 6.2500 6.3000 1.2000
v 6.2500 6.3000 1.0000
v 5.7500 3.7000 1.0000
v 5.7500 6.3000 1.0000
v 6.2500 6.3000 1.0000
v 6.2500 3.7000 1.0000
v 5.7500 3.7000 1.2000
v 6.2500 3.7000 1.2000
v 6.2500 6.3000 1.2000
v 5.7500 6.3000 1.2000
v 9.7500 3.7000 1.0000
v 9.7500 3.7000 1.2000
v 9.7500 6.3000 1.2000
v 9.7500 6.3000 1.0000
v 10.2500 3.7000 1.0000
v 10.2500 6.3000 1.0000
v 10.2500 6.3000 1.2000
v 10.2500 3.7000 1.2000
v 9.7500 3.7000 1.0000
v 10.2500 3.7000 1.0000
v 10.2500 3.7000 1.2000
v 9.7500 3.7000 1.2000
v 9.7500 6.3000 1.0000
v 9.7500 6.3000 1.2000
v 10.2500 6.3000 1.2000
v 10.2500 6.3000 1.0000
v 9.7500 3.7000 1.0000
v 9.7500 6.3000 1.0000
v 10.2500 6.3000 1.0000
v 10.2500 3.7000 1.0000
v 9.7500 3.7000 1.2000
v 10.2500 3.7000 1.2000
v 10.2500 6.3000 1.2000
v 9.7500 6.3000 1.2000
v 13.7500 3.7000 1.0000
v 13.7500 3.7000 1.2000
v 13.7500 6.3000 1.2000
v 13.7500 6.3000 1.0000
v 14.2500 3.7000 1.0000
v 14.2500 6.3000 1.0000
v 14.2500 6.3000 1.2000
v 14.2500 3.7000 1.2000
v 13.7500 3.7000 1.0000
v 14.2500 3.7000 1.0000
v 14.2500 3.7000 1.2000
v 13.7500 3.7000 1.2000
v 13.7500 6.3000 1.0000
v 13.7500 6.3000 1.2000
v 14.2500 6.3000 1.2000
v 14.2500 6.3000 1.0000
v 13.7500 3.7000 1.0000
v 13.7500 6.3000 1.0000
v 14.2500 6.3000 1.0000
v 14.2500 3.7000 1.0000
v 13.7500 3.7000 1.2000
v 14.2500 3.7000 1.2000
v 14.2500 6.3000 1.2000
v 13.7500 6.3000 1.2000
v 17.7500 3.7000 1.0000
v 17.7500 3.7000 1.2000
v 17.7500 6.3000 1.2000
v 17.7500 6.3000 1.0000
v 18.2500 3.7000 1.0000
v 18.2500 6.3000 1.0000
v 18.2500 6.3000 1.2000
v 18.2500 3.7000 1.2000
v 17.7500 3.7000 1.0000
v 18.2500 3.7000 1.0000
v 18.2500 3.7000 1.2000
v 17.7500 3.7000 1.2000
v 17.7500 6.3000 1.0000
v 17.7500 6.3000 1.2000
v 18.2500 6.3000 1.2000
v 18.2500 6.3000 1.0000
v 17.7500 3.7000 1.0000
v 17.7500 6.3000 1.0000
v 18.2500 6.3000 1.0000
v 18.2500 3.7000 1.0000
v 17.7500 3.7000 1.2000
v 18.2500 3.7000 1.2000
v 18.2500 6.3000 1.2000
v 17.7500 6.3000 1.2000
v 21.7500 3.7000 1.0000
v 21.7500 3.7000 1.2000
v 21.7500 6.3000 1.2000
v 21.7500 6.3000 1.0000
v 22.2500 3.7000 1.0000
v 22.2500 6.3000 1.0000
v 22.2500 6.3000 1.2000
v 22.2500 3.7000 1.2000
v 21.7500 3.7000 1.0000
v 22.2500 3.7000 1.0000
v 22.2500 3.7000 1.2000
v 21.7500 3.7000 1.2000
v 21.7500 6.3000 1.0000
v 21.7500 6.3000 1.2000
v 22.2500 6.3000 1.2000
v 22.2500 6.3000 1.0000
v 21.7500 3.7000 1.0000
v 21.7500 6.3000 1.0000
v 22.2500 6.3000 1.0000
v 22.2500 3.7000 1.0000
v 21.7500 3.7000 1.2000
v 22.2500 3.7000 1.2000
v 22.2500 6.3000 1.2000
v 21.7500 6.3000 1.2000
v 25.7500 3.7000 1.0000
v 25.7500 3.7000 1.2000
v 25.7500 6.3000 1.2000
v 25.7500 6.3000 1.0000
v 26.2500 3.7000 1.0000
v 26.2500 6.3000 1.0000
v 26.2500 6.3000 1.2000
v 26.2500 3.7000 1.2000
v 25.7500 3.7000 1.0000
v 26.2500 3.7000 1.0000
v 26.2500 3.7000 1.2000
v 25.7500 3.7000 1.2000
v 25.7500 6.3000 1.0000
v 25.7500 6.3000 1.2000
v 26.2500 6.3000 1.2000
v 26.2500 6.3000 1.0000
v 25.7500 3.7000 1.0000
v 25.7500 6.3000 1.0000
v 26.2500 6.3000 1.0000
v 26.2500 3.7000 1.0000
v 25.7500 3.7000 1.2000
v 26.2500 3.7000 1.2000
v 26.2500 6.3000 1.2000
v 25.7500 6.3000 1.2000
v 29.7500 3.7000 1.0000
v 29.7500 3.7000 1.2000
v 29.7500 6.3000 1.2000
v 29.7500 6.3000 1.0000
v 30.2500 3.7000 1.0000
v 30.2500 6.3000 1.0000
v 30.2500 6.3000 1.2000
v 30.2500 3.7000 1.2000
v 29.7500 3.7000 1.0000
v 30.2500 3.7000 1.0000
v 30.2500 3.7000 1.2000
v 29.7500 3.7000 1.2000
v 29.7500 6.3000 1.0000
v 29.7500 6.3000 1.2000
v 30.2500 6.3000 1.2000
v 30.2500 6.3000 1.0000
v 29.7500 3.7000 1.0000
v 29.7500 6.3000 1.0000
v 30.2500 6.3000 1.0000
v 30.2500 3.7000 1.0000
v 29.7500 3.7000 1.2000
v 30.2500 3.7000 1.2000
v 30.2500 6.3000 1.2000
v 29.7500 6.3000 1.2000
v 33.7500 3.7000 1.0000
v 33.7500 3.7000 1.2000
v 33.7500 6.3000 1.2000
v 33.7500 6.3000 1.0000
v 34.2500 3.7000 1.0000
v 34.2500 6.3000 1.0000
v 34.2500 6.3000 1.2000
v 34.2500 3.7000 1.2000
v 33.7500 3.7000 1.0000
v 34.2500 3.7000 1.0000
v 34.2500 3.7000 1.2000
v 33.7500 3.7000 1.2000
v 33.7500 6.3000 1.0000
v 33.7500 6.3000 1.2000
v 34.2500 6.3000 1.2000
v 34.2500 6.3000 1.0000
v 33.7500 3.7000 1.0000
v 33.7500 6.3000 1.0000
v 34.2500 6.3000 1.0000
v 34.2500 3.7000 1.0000
v 33.7500 3.7000 1.2000
v 34.2500 3.7000 1.2000
v 34.2500 6.3000 1.2000
v 33.7500 6.3000 1.2000
v 37.7500 3.7000 1.0000
v 37.7500 3.7000 1.2000
v 37.7500 6.3000 1.2000
v 37.7500 6.3000 1.0000
v 38.2500 3.7000 1.0000
v 38.2500 6.3000 1.0000
v 38.2500 6.3000 1.2000
v 38.2500 3.7000 1.2000
v 37.7500 3.7000 1.0000
v 38.2500 3.7000 1.0000
v 38.2500 3.7000 1.2000
v 37.7500 3.7000 1.2000
v 37.7500 6.3000 1.0000
v 37.7500 6.3000 1.2000
v 38.2500 6.3000 1.2000
v 38.2500 6.3000 1.0000
v 37.7500 3.7000 1.0000
v 37.7500 6.3000 1.0000
v 38.2500 6.3000 1.0000
v 38.2500 3.7000 1.0000
v 37.7500 3.7000 1.2000
v 38.2500 3.7000 1.2000
v 38.2500 6.3000 1.2000
v 37.7500 6.3000 1.2000
v 41.7500 3.7000 1.0000
v 41.7500 3.7000 1.2000
v 41.7500 6.3000 1.2000
v 41.7500 6.3000 1.0000
v 42.2500 3.7000 1.0000
v 42.2500 6.3000 1.0000
v 42.2500 6.3000 1.2000
v 42.2500 3.7000 1.2000
v 41.7500 3.7000 1.0000
v 42.2500 3.7000 1.0000
v 42.2500 3.7000 1.2000
v 41.7500 3.7000 1.2000
v 41.7500 6.3000 1.0000
v 41.7500 6.3000 1.2000
v 42.2500 6.3000 1.2000
v 42.2500 6.3000 1.0000
v 41.7500 3.7000 1.0000
v 41.7500 6.3000 1.0000
v 42.2500 6.3000 1.0000
v 42.2500 3.7000 1.0000
v 41.7500 3.7000 1.2000
v 42.2500 3.7000 1.2000
v 42.2500 6.3000 1.2000
v 41.7500 6.3000 1.2000
v 45.7500 3.7000 1.0000
v 45.7500 3.7000 1.2000
v 45.7500 6.3000 1.2000
v 45.7500 6.3000 1.0000
v 46.2500 3.7000 1.0000
v 46.2500 6.3000 1.0000
v 46.2500 6.3000 1.2000
v 46.2500 3.7000 1.2000
v 45.7500 3.7000 1.0000
v 46.2500 3.7000 1.0000
v 46.2500 3.7000 1.2000
v 45.7500 3.7000 1.2000
v 45.7500 6.3000 1.0000
v 45.7500 6.3000 1.2000
v 46.2500 6.3000 1.2000
v 46.2500 6.3000 1.0000
v 45.7500 3.7000 1.0000
v 45.7500 6.3000 1.0000
v 46.2500 6.3000 1.0000
v 46.2500 3.7000 1.0000
v 45.7500 3.7000 1.2000
v 46.2500 3.7000 1.2000
v 46.2500 6.3000 1.2000
v 45.7500 6.3000 1.2000
v 49.7500 3.7000 1.0000
v 49.7500 3.7000 1.2000
v 49.7500 6.3000 1.2000
v 49.7500 6.3000 1.0000
v 50.2500 3.7000 1.0000
v 50.2500 6.3000 1.0000
v 50.2500 6.3000 1.2000
v 50.2500 3.7000 1.2000
v 49.7500 3.7000 1.0000
v 50.2500 3.7000 1.0000
v 50.2500 3.7000 1.2000
v 49.7500 3.7000 1.2000
v 49.7500 6.3000 1.0000
v 49.7500 6.3000 1.2000
v 50.2500 6.3000 1.2000
v 50.2500 6.3000 1.0000
v 49.7500 3.7000 1.0000
v 49.7500 6.3000 1.0000
v 50.2500 6.3000 1.0000
v 50.2500 3.7000 1.0000
v 49.7500 3.7000 1.2000
v 50.2500 3.7000 1.2000
v 50.2500 6.3000 1.2000
v 49.7500 6.3000 1.2000
v 53.7500 3.7000 1.0000
v 53.7500 3.7000 1.2000
v 53.7500 6.3000 1.2000
v 53.7500 6.3000 1.0000
v 54.2500 3.7000 1.0000
v 54.2500 6.3000 1.0000
v 54.2500 6.3000 1.2000
v 54.2500 3.7000 1.2000
v 53.7500 3.7000 1.0000
v 54.2500 3.7000 1.0000
v 54.2500 3.7000 1.2000
v 53.7500 3.7000 1.2000
v 53.7500 6.3000 1.0000
v 53.7500 6.3000 1.2000
v 54.2500 6.3000 1.2000
v 54.2500 6.3000 1.0000
v 53.7500 3.7000 1.0000
v 53.7500 6.3000 1.0000
v 54.2500 6.3000 1.0000
v 54.2500 3.7000 1.0000
v 53.7500 3.7000 1.2000
v 54.2500 3.7000 1.2000
v 54.2500 6.3000 1.2000
v 53.7500 6.3000 1.2000
v 57.7500 3.7000 1.0000
v 57.7500 3.7000 1.2000
v 57.7500 6.3000 1.2000
v 57.7500 6.3000 1.0000
v 58.2500 3.7000 1.0000
v 58.2500 6.3000 1.0000
v 58.2500 6.3000 1.2000
v 58.2500 3.7000 1.2000
v 57.7500 3.7000 1.0000
v 58.2500 3.7000 1.0000
v 58.2500 3.7000 1.2000
v 57.7500 3.7000 1.2000
v 57.7500 6.3000 1.0000
v 57.7500 6.3000 1.2000
v 58.2500 6.3000 1.2000
v 58.2500 6.3000 1.0000
v 57.7500 3.7000 1.0000
v 57.7500 6.3000 1.0000
v 58.2500 6.3000 1.0000
v 58.2500 3.7000 1.0000
v 57.7500 3.7000 1.2000
v 58.2500 3.7000 1.2000
v 58.2500 6.3000 1.2000
v 57.7500 6.3000 1.2000
vn -1.0000 0.0000 0.0000
vn -1.0000 0.0000 0.0000
vn -1.0000 0.0000 0.0000
vn -1.0000 0.0000 0.0000
vn 1.0000 0.0000 0.0000
vn 1.0000 0.0000 0.0000
vn 1.0000 0.0000 0.0000
vn 1.0000 0.0000 0.0000
vn 0.0000 -1.0000 0.0000
vn 0.0000 -1.0000 0.0000
vn 0.0000 -1.0000 0.0000
vn 0.0000 -1.0000 0.0000
vn 0.0000 1.0000 0.0000
vn 0.0000 1.0000 0.0000
vn 0.0000 1.0000 0.0000
vn 0.0000 1.0000 0.0000
vn 0.0000 0.0000 -1.0000
vn 0.0000 0.0000 -1.0000
vn 0.0000 0.0000 -1.0000
vn 0.0000 0.0000 -1.0000
vn 0.0000 0.0000 1.0000
vn 0.0000 0.0000 1.0000
vn 0.0000 0.0000 1.0000
vn 0.0000 0.0000 1.0000
vn -1.0000 0.0000 0.0000
vn -1.0000 0.0000 0.0000
vn -1.0000 0.0000 0.0000
vn -1.0000 0.0000 0.0000
vn 1.0000 0.0000 0.0000
vn 1.0000 0.0000 0.0000
vn 1.0000 0.0000 0.0000
vn 1.0000 0.0000 0.0000
vn 0.0000 -1.0000 0.0000
vn 0.0000 -1.0000 0.0000
vn 0.0000 -1.0000 0.0000
vn 0.0000 -1.0000 0.0000
vn 0.0000 1.0000 0.0000
vn 0.0000 1.0000 0.0000
vn 0.0000 1.0000 0.0000
vn 0.0000 1.0000 0.0000
vn 0.0000 0.0000 -1.0000
vn 0.0000 0.0000 -1.0000
vn 0.0000 0.0000 -1.0000
vn 0.0000 0.0000 -1.0000
vn 0.0000 0.0000 1.0000
vn 0.0000 0.0000 1.0000
vn 0.0000 0.0000 1.0000
vn 0.0000 0.0000 1.0000
vn -1.0000 0.0000 0.0000
vn -1.0000 0.0000 0.0000
vn -1.0000 0.0000 0.0000
vn -1.0000 0.0000 0.0000
vn 1.0000 0.0000 0.0000
vn 1.0000 0.0000 0.0000
vn 1.0000 0.0000 0.0000
vn 1.0000 0.0000 0.0000
vn 0.0000 -1.0000 0.0000
vn 0.0000 -1.0000 0.0000
vn 0.0000 -1.0000 0.0000
vn 0.0000 -1.0000 0.0000
vn 0.0000 1.0000 0.0000
vn 0.0000 1.0000 0.0000
vn 0.0000 1.0000 0.0000
vn 0.0000 1.0000 0.0000
vn 0.0000 0.0000 -1.0000
vn 0.0000 0.0000 -1.0000
vn 0.0000 0.0000 -1.0000
vn 0.0000 0.0000 -1.0000
vn 0.0000 0.0000 1.0000
vn 0.0000 0.0000 1.0000
vn 0.0000 0.0000 1.0000
vn 0.0000 0.0000 1.0000
vn -1.0000 0.0000 0.0000
vn -1.0000 0.0000 0.0000
vn -1.0000 0.0000 0.0000
vn -1.0000 0.0000 0.0000
vn 1.0000 0.0000 0.0000
vn 1.0000 0.0000 0.0000
vn 1.0000 0.0000 0.0000
vn 1.0000 0.0000 0.0000
vn 0.0000 -1.0000 0.0000
vn 0.0000 -1.0000 0.0000
vn 0.0000 -1.0000 0.0000
vn 0.0000 -1.0000 0.0000
vn 0.0000 1.0000 0.0000
vn 0.0000 1.0000 0.0000
vn 0.0000 1.0000 0.0000
vn 0.0000 1.0000 0.0000
vn 0.0000 0.0000 -1.0000
vn 0.0000 0.0000 -1.0000
vn 0.0000 0.0000 -1.0000
vn 0.0000 0.0000 -1.0000
vn 0.0000 0.0000 1.0000
vn 0.0000 0.0000 1.0000
vn 0.0000 0.0000 1.0000
vn 0.0000 0.0000 1.0000
vn -1.0000 0.0000 0.0000
vn -1.0000 0.0000 0.0000
vn -1.0000 0.0000 0.0000
vn -1.0000 0.0000 0.0000
vn 1.0000 0.0000 0.0000
vn 1.0000 0.0000 0.0000
vn 1.0000 0.0000 0.0000
vn 1.0000 0.0000 0.0000
vn 0.0000 -1.0000 0.0000
vn 0.0000 -1.0000 0.0000
vn 0.0000 -1.0000 0.0000
vn 0.0000 -1.0000 0.0000
vn 0.0000 1.0000 0.0000
vn 0.0000 1.0000 0.0000
vn 0.0000 1.0000 0.0000
vn 0.0000 1.0000 0.0000
vn 0.0000 0.0000 -1.0000
vn 0.0000 0.0000 -1.0000
vn 0.0000 0.0000 -1.0000
vn 0.0000 0.0000 -1.0000
vn 0.0000 0.0000 1.0000
vn 0.0000 0.0000 1.0000
vn 0.0000 0.0000 1.0000
vn 0.0000 0.0000 1.0000
vn -1.0000 0.0000 0.0000
vn -1.0000 0.0000 0.0000
vn -1.0000 0.0000 0.0000
vn -1.0000 0.0000 0.0000
vn 1.0000 0.0000 0.0000
vn 1.0000 0.0000 0.0000
vn 1.0000 0.0000 0.0000
vn 1.0000 0.0000 0.0000
vn 0.0000 -1.0000 0.0000
vn 0.0000 -1.0000 0.0000
vn 0.0000 -1.0000 0.0000
vn 0.0000 -1.0000 0.0000
vn 0.0000 1.0000 0.0000
vn 0.0000 1.0000 0.0000
vn 0.0000 1.0000 0.0000
vn 0.0000 1.0000 0.0000
vn 0.0000 0.0000 -1.0000
vn 0.0000 0.0000 -1.0000
vn 0.0000 0.0000 -1.0000
vn 0.0000 0.0000 -1.0000
vn 0.0000 0.0000 1.0000
vn 0.0000 0.0000 1.0000
vn 0.0000 0.0000 1.0000
vn 0.0000 0.0000 1.0000
vn -1.0000 0.0000 0.0000
vn -1.0000 0.0000 0.0000
vn -1.0000 0.0000 0.0000
vn -1.0000 0.0000 0.0000
vn 1.0000 0.0000 0.0000
vn 1.0000 0.0000 0.0000
vn 1.0000 0.0000 0.0000
vn 1.0000 0.0000 0.0000
vn 0.0000 -1.0000 0.0000
vn 0.0000 -1.0000 0.0000
vn 0.0000 -1.0000 0.0000
vn 0.0000 -1.0000 0.0000
vn 0.0000 1.0000 0.0000
vn 0.0000 1.0000 0.0000
vn 0.0000 1.0000 0.0000
vn 0.0000 1.0000 0.0000
vn 0.0000 0.0000 -1.0000
vn 0.0000 0.0000 -1.0000
vn 0.0000 0.0000 -1.0000
vn 0.0000 0.0000 -1.0000
vn 0.0000 0.0000 1.0000
vn 0.0000 0.0000 1.0000
vn 0.0000 0.0000 1.0000
vn 0.0000 0.0000 1.0000
vn -1.0000 0.0000 0.0000
vn -1.0000 0.0000 0.0000
vn -1.0000 0.0000 0.0000
vn -1.0000 0.0000 0.0000
vn 1.0000 0.0000 0.0000
vn 1.0000 0.0000 0.0000
vn 1.0000 0.0000 0.0000
vn 1.0000 0.0000 0.0000
vn 0.0000 -1.0000 0.0000
vn 0.0000 -1.0000 0.0000
vn 0.0000 -1.0000 0.0000
vn 0.0000 -1.0000 0.0000
vn 0.0000 1.0000 0.0000
vn 0.0000 1.0000 0.0000
vn 0.0000 1.0000 0.0000
vn 0.0000 1.0000 0.0000
vn 0.0000 0.0000 -1.0000
vn 0.0000 0.0000 -1.0000
vn 0.0000 0.0000 -1.0000
vn 0.0000 0.0000 -1.0000
vn 0.0000 0.0000 1.0000
vn 0.0000 0.0000 1.0000
vn 0.0000 0.0000 1.0000
vn 0.0000 0.0000 1.0000
vn -1.0000 0.0000 0.0000
vn -1.0000 0.0000 0.0000
vn -1.0000 0.0000 0.0000
vn -1.0000 0.0000 0.0000
vn 1.0000 0.0000 0.0000
vn 1.0000 0.0000 0.0000
vn 1.0000 0.0000 0.0000
vn 1.0000 0.0000 0.0000
vn 0.0000 -1.0000 0.0000
vn 0.0000 -1.0000 0.0000
vn 0.0000 -1.0000 0.0000
vn 0.0000 -1.0000 0.0000
vn 0.0000 1.0000 0.0000
vn 0.0000 1.0000 0.0000
vn 0.0000 1.0000 0.0000
vn 0.0000 1.0000 0.0000
vn 0.0000 0.0000 -1.0000
vn 0.0000 0.0000 -1.0000
vn 0.0000 0.0000 -1.0000
vn 0.0000 0.0000 -1.0000
vn 0.0000 0.0000 1.0000
vn 0.0000 0.0000 1.0000
vn 0.0000 0.0000 1.0000
vn 0.0000 0.0000 1.0000
vn -1.0000 0.0000 0.0000
vn -1.0000 0.0000 0.0000
vn -1.0000 0.0000 0.0000
vn -1.0000 0.0000 0.0000
vn 1.0000 0.0000 0.0000
vn 1.0000 0.0000 0.0000
vn 1.0000 0.0000 0.0000
vn 1.0000 0.0000 0.0000
vn 0.0000 -1.0000 0.0000
vn 0.0000 -1.0000 0.0000
vn 0.0000 -1.0000 0.0000
vn 0.0000 -1.0000 0.0000
vn 0.0000 1.0000 0.0000
vn 0.0000 1.0000 0.0000
vn 0.0000 1.0000 0.0000
vn 0.0000 1.0000 0.0000
vn 0.0000 0.0000 -1.0000
vn 0.0000 0.0000 -1.0000
vn 0.0000 0.0000 -1.0000
vn 0.0000 0.0000 -1.0000
vn 0.0000 0.0000 1.0000
vn 0.0000 0.0000 1.0000
vn 0.0000 0.0000 1.0000
vn 0.0000 0.0000 1.0000
vn -1.0000 0.0000 0.0000
vn -1.0000 0.0000 0.0000
vn -1.0000 0.0000 0.0000
vn -1.0000 0.0000 0.0000
vn 1.0000 0.0000 0.0000
vn 1.0000 0.0000 0.0000
vn 1.0000 0.0000 0.0000
vn 1.0000 0.0000 0.0000
vn 0.0000 -1.0000 0.0000
vn 0.0000 -1.0000 0.0000
vn 0.0000 -1.0000 0.0000
vn 0.0000 -1.0000 0.0000
vn 0.0000 1.0000 0.0000
vn 0.0000 1.0000 0.0000
vn 0.0000 1.0000 0.0000
vn 0.0000 1.0000 0.0000
vn 0.0000 0.0000 -1.0000
vn 0.0000 0.0000 -1.0000
vn 0.0000 0.0000 -1.0000
vn 0.0000 0.0000 -1.0000
vn 0.0000 0.0000 1.0000
vn 0.0000 0.0000 1.0000
vn 0.0000 0.0000 1.0000
vn 0.0000 0.0000 1.0000
vn -1.0000 0.0000 0.0000
vn -1.0000 0.0000 0.0000
vn -1.0000 0.0000 0.0000
vn -1.0000 0.0000 0.0000
vn 1.0000 0.0000 0.0000
vn 1.0000 0.0000 0.0000
vn 1.0000 0.0000 0.0000
vn 1.0000 0.0000 0.0000
vn 0.0000 -1.0000 0.0000
vn 0.0000 -1.0000 0.0000
vn 0.0000 -1.0000 0.0000
vn 0.0000 -1.0000 0.0000
vn 0.0000 1.0000 0.0000
vn 0.0000 1.0000 0.0000
vn 0.0000 1.0000 0.0000
vn 0.0000 1.0000 0.0000
vn 0.0000 0.0000 -1.0000
vn 0.0000 0.0000 -1.0000
vn 0.0000 0.0000 -1.0000
vn 0.0000 0.0000 -1.0000
vn 0.0000 0.0000 1.0000
vn 0.0000 0.0000 1.0000
vn 0.0000 0.0000 1.0000
vn 0.0000 0.0000 1.0000
vn -1.0000 0.0000 0.0000
vn -1.0000 0.0000 0.0000
vn -1.0000 0.0000 0.0000
vn -1.0000 0.0000 0.0000
vn 1.0000 0.0000 0.0000
vn 1.0000 0.0000 0.0000
vn 1.0000 0.0000 0.0000
vn 1.0000 0.0000 0.0000
vn 0.0000 -1.0000 0.0000
vn 0.0000 -1.0000 0.0000
vn 0.0000 -1.0000 0.0000
vn 0.0000 -1.0000 0.0000
vn 0.0000 1.0000 0.0000
vn 0.0000 1.0000 0.0000
vn 0.0000 1.0000 0.0000
vn 0.0000 1.0000 0.0000
vn 0.0000 0.0000 -1.0000
vn 0.0000 0.0000 -1.0000
vn 0.0000 0.0000 -1.0000
vn 0.0000 0.0000 -1.0000
vn 0.0000 0.0000 1.0000
vn 0.0000 0.0000 1.0000
vn 0.0000 0.0000 1.0000
vn 0.0000 0.0000 1.0000
vn -1.0000 0.0000 0.0000
vn -1.0000 0.0000 0.0000
vn -1.0000 0.0000 0.0000
vn -1.0000 0.0000 0.0000
vn 1.0000 0.0000 0.0000
vn 1.0000 0.0000 0.0000
vn 1.0000 0.0000 0.0000
vn 1.0000 0.0000 0.0000
vn 0.0000 -1.0000 0.0000
vn 0.0000 -1.0000 0.0000
vn 0.0000 -1.0000 0.0000
vn 0.0000 -1.0000 0.0000
vn 0.0000 1.0000 0.0000
vn 0.0000 1.0000 0.0000
vn 0.0000 1.0000 0.0000
vn 0.0000 1.0000 0.0000
vn 0.0000 0.0000 -1.0000
vn 0.0000 0.0000 -1.0000
vn 0.0000 0.0000 -1.0000
vn 0.0000 0.0000 -1.0000
vn 0.0000 0.0000 1.0000
vn 0.0000 0.0000 1.0000
vn 0.0000 0.0000 1.0000
vn 0.0000 0.0000 1.0000
vn -1.0000 0.0000 0.0000
vn -1.0000 0.0000 0.0000
vn -1.0000 0.0000 0.0000
vn -1.0000 0.0000 0.0000
vn 1.0000 0.0000 0.0000
vn 1.0000 0.0000 0.0000
vn 1.0000 0.0000 0.0000
vn 1.0000 0.0000 0.0000
vn 0.0000 -1.0000 0.0000
vn 0.0000 -1.0000 0.0000
vn 0.0000 -1.0000 0.0000
vn 0.0000 -1.0000 0.0000
vn 0.0000 1.0000 0.0000
vn 0.0000 1.0000 0.0000
vn 0.0000 1.0000 0.0000
vn 0.0000 1.0000 0.0000
vn 0.0000 0.0000 -1.0000
vn 0.0000 0.0000 -1.0000
vn 0.0000 0.0000 -1.0000
vn 0.0000 0.0000 -1.0000
vn 0.0000 0.0000 1.0000
vn 0.0000 0.0000 1.0000
vn 0.0000 0.0000 1.0000
vn 0.0000 0.0000 1.0000
vn -1.0000 0.0000 0.0000
vn -1.0000 0.0000 0.0000
vn -1.0000 0.0000 0.0000
vn -1.0000 0.0000 0.0000
vn 1.0000 0.0000 0.0000
vn 1.0000 0.0000 0.0000
vn 1.0000 0.0000 0.0000
vn 1.0000 0.0000 0.0000
vn 0.0000 -1.0000 0.0000
vn 0.0000 -1.0000 0.0000
vn 0.0000 -1.0000 0.0000
vn 0.0000 -1.0000 0.0000
vn 0.0000 1.0000 0.0000
vn 0.0000 1.0000 0.0000
vn 0.0000 1.0000 0.0000
vn 0.0000 1.0000 0.0000
vn 0.0000 0.0000 -1.0000
vn 0.0000 0.0000 -1.0000
vn 0.0000 0.0000 -1.0000
vn 0.0000 0.0000 -1.0000
vn 0.0000 0.0000 1.0000
vn 0.0000 0.0000 1.0000
vn 0.0000 0.0000 1.0000
vn 0.0000 0.0000 1.0000
vn -1.0000 0.0000 0.0000
vn -1.0000 0.0000 0.0000
vn -1.0000 0.0000 0.0000
vn -1.0000 0.0000 0.0000
vn 1.0000 0.0000 0.0000
vn 1.0000 0.0000 0.0000
vn 1.0000 0.0000 0.0000
vn 1.0000 0.0000 0.0000
vn 0.0000 -1.0000 0.0000
vn 0.0000 -1.0000 0.0000
vn 0.0000 -1.0000 0.0000
vn 0.0000 -1.0000 0.0000
vn 0.0000 1.0000 0.0000
vn 0.0000 1.0000 0.0000
vn 0.0000 1.0000 0.0000
vn 0.0000 1.0000 0.0000
vn 0.0000 0.0000 -1.0000
vn 0.0000 0.0000 -1.0000
vn 0.0000 0.0000 -1.0000
vn 0.0000 0.0000 -1.0000
vn 0.0000 0.0000 1.0000
vn 0.0000 0.0000 1.0000
vn 0.0000 0.0000 1.0000
vn 0.0000 0.0000 1.0000
vn -1.0000 0.0000 0.0000
vn -1.0000 0.0000 0.0000
vn -1.0000 0.0000 0.0000
vn -1.0000 0.0000 0.0000
vn 1.0000 0.0000 0.0000
vn 1.0000 0.0000 0.0000
vn 1.0000 0.0000 0.0000
vn 1.0000 0.0000 0.0000
vn 0.0000 -1.0000 0.0000
vn 0.0000 -1.0000 0.0000
vn 0.0000 -1.0000 0.0000
vn 0.0000 -1.0000 0.0000
vn 0.0000 1.0000 0.0000
vn 0.0000 1.0000 0.0000
vn 0.0000 1.0000 0.0000
vn 0.0000 1.0000 0.0000
vn 0.0000 0.0000 -1.0000
vn 0.0000 0.0000 -1.0000
vn 0.0000 0.0000 -1.0000
vn 0.0000 0.0000 -1.0000
vn 0.0000 0.0000 1.0000
vn 0.0000 0.0000 1.0000
vn 0.0000 0.0000 1.0000
vn 0.0000 0.0000 1.0000
vn -1.0000 0.0000 0.0000
vn -1.0000 0.0000 0.0000
vn -1.0000 0.0000 0.0000
vn -1.0000 0.0000 0.0000
vn 1.0000 0.0000 0.0000
vn 1.0000 0.0000 0.0000
vn 1.0000 0.0000 0.0000
vn 1.0000 0.0000 0.0000
vn 0.0000 -1.0000 0.0000
vn 0.0000 -1.0000 0.0000
vn 0.0000 -1.0000 0.0000
vn 0.0000 -1.0000 0.0000
vn 0.0000 1.0000 0.0000
vn 0.0000 1.0000 0.0000
vn 0.0000 1.0000 0.0000
vn 0.0000 1.0000 0.0000
vn 0.0000 0.0000 -1.0000
vn 0.0000 0.0000 -1.0000
vn 0.0000 0.0000 -1.0000
vn 0.0000 0.0000 -1.0000
vn 0.0000 0.0000 1.0000
vn 0.0000 0.0000 1.0000
vn 0.0000 0.0000 1.0000
vn 0.0000 0.0000 1.0000
vn -1.0000 0.0000 0.0000
vn -1.0000 0.0000 0.0000
vn -1.0000 0.0000 0.0000
vn -1.0000 0.0000 0.0000
vn 1.0000 0.0000 0.0000
vn 1.0000 0.0000 0.0000
vn 1.0000 0.0000 0.0000
vn 1.0000 0.0000 0.0000
vn 0.0000 -1.0000 0.0000
vn 0.0000 -1.0000 0.0000
vn 0.0000 -1.0000 0.0000
vn 0.0000 -1.0000 0.0000
vn 0.0000 1.0000 0.0000
vn 0.0000 1.0000 0.0000
vn 0.0000 1.0000 0.0000
vn 0.0000 1.0000 0.0000
vn 0.0000 0.0000 -1.0000
vn 0.0000 0.0000 -1.0000
vn 0.0000 0.0000 -1.0000
vn 0.0000 0.0000 -1.0000
vn 0.0000 0.0000 1.0000
vn 0.0000 0.0000 1.0000
vn 0.0000 0.0000 1.0000
vn 0.0000 0.0000 1.0000
vn -1.0000 0.0000 0.0000
vn -1.0000 0.0000 0.0000
vn -1.0000 0.0000 0.0000
vn -1.0000 0.0000 0.0000
vn 1.0000 0.0000 0.0000
vn 1.0000 0.0000 0.0000
vn 1.0000 0.0000 0.0000
vn 1.0000 0.0000 0.0000
vn 0.0000 -1.0000 0.0000
vn 0.0000 -1.0000 0.0000
vn 0.0000 -1.0000 0.0000
vn 0.0000 -1.0000 0.0000
vn 0.0000 1.0000 0.0000
vn 0.0000 1.0000 0.0000
vn 0.0000 1.0000 0.0000
vn 0.0000 1.0000 0.0000
vn 0.0000 0.0000 -1.0000
vn 0.0000 0.0000 -1.0000
vn 0.0000 0.0000 -1.0000
vn 0.0000 0.0000 -1.0000
vn 0.0000 0.0000 1.0000
vn 0.0000 0.0000 1.0000
vn 0.0000 0.0000 1.0000
vn 0.0000 0.0000 1.0000
vn -1.0000 0.0000 0.0000
vn -1.0000 0.0000 0.0000
vn -1.0000 0.0000 0.0000
vn -1.0000 0.0000 0.0000
vn 1.0000 0.0000 0.0000
vn 1.0000 0.0000 0.0000
vn 1.0000 0.0000 0.0000
vn 1.0000 0.0000 0.0000
vn 0.0000 -1.0000 0.0000
vn 0.0000 -1.0000 0.0000
vn 0.0000 -1.0000 0.0000
vn 0.0000 -1.0000 0.0000
vn 0.0000 1.0000 0.0000
vn 0.0000 1.0000 0.0000
vn 0.0000 1.0000 0.0000
vn 0.0000 1.0000 0.0000
vn 0.0000 0.0000 -1.0000
vn 0.0000 0.0000 -1.0000
vn 0.0000 0.0000 -1.0000
vn 0.0000 0.0000 -1.0000
vn 0.0000 0.0000 1.0000
vn 0.0000 0.0000 1.0000
vn 0.0000 0.0000 1.0000
vn 0.0000 0.0000 1.0000
vn -1.0000 0.0000 0.0000
vn -1.0000 0.0000 0.0000
vn -1.0000 0.0000 0.0000
vn -1.0000 0.0000 0.0000
vn 1.0000 0.0000 0.0000
vn 1.0000 0.0000 0.0000
vn 1.0000 0.0000 0.0000
vn 1.0000 0.0000 0.0000
vn 0.0000 -1.0000 0.0000
vn 0.0000 -1.0000 0.0000
vn 0.0000 -1.0000 0.0000
vn 0.0000 -1.0000 0.0000
vn 0.0000 1.0000 0.0000
vn 0.0000 1.0000 0.0000
vn 0.0000 1.0000 0.0000
vn 0.0000 1.0000 0.0000
vn 0.0000 0.0000 -1.0000
vn 0.0000 0.0000 -1.0000
vn 0.0000 0.0000 -1.0000
vn 0.0000 0.0000 -1.0000
vn 0.0000 0.0000 1.0000
vn 0.0000 0.0000 1.0000
vn 0.0000 0.0000 1.0000
vn 0.0000 0.0000 1.0000
vn -1.0000 0.0000 0.0000
vn -1.0000 0.0000 0.0000
vn -1.0000 0.0000 0.0000
vn -1.0000 0.0000 0.0000
vn 1.0000 0.0000 0.0000
vn 1.0000 0.0000 0.0000
vn 1.0000 0.0000 0.0000
vn 1.0000 0.0000 0.0000
vn 0.0000 -1.0000 0.0000
vn 0.0000 -1.0000 0.0000
vn 0.0000 -1.0000 0.0000
vn 0.0000 -1.0000 0.0000
vn 0.0000 1.0000 0.0000
vn 0.0000 1.0000 0.0000
vn 0.0000 1.0000 0.0000
vn 0.0000 1.0000 0.0000
vn 0.0000 0.0000 -1.0000
vn 0.0000 0.0000 -1.0000
vn 0.0000 0.0000 -1.0000
vn 0.0000 0.0000 -1.0000
vn 0.0000 0.0000 1.0000
vn 0.0000 0.0000 1.0000
vn 0.0000 0.0000 1.0000
vn 0.0000 0.0000 1.0000
vn -1.0000 0.0000 0.0000
vn -1.0000 0.0000 0.0000
vn -1.0000 0.0000 0.0000
vn -1.0000 0.0000 0.0000
vn 1.0000 0.0000 0.0000
vn 1.0000 0.0000 0.0000
vn 1.0000 0.0000 0.0000
vn 1.0000 0.0000 0.0000
vn 0.0000 -1.0000 0.0000
vn 0.0000 -1.0000 0.0000
vn 0.0000 -1.0000 0.0000
vn 0.0000 -1.0000 0.0000
vn 0.0000 1.0000 0.0000
vn 0.0000 1.0000 0.0000
vn 0.0000 1.0000 0.0000
vn 0.0000 1.0000 0.0000
vn 0.0000 0.0000 -1.0000
vn 0.0000 0.0000 -1.0000
vn 0.0000 0.0000 -1.0000
vn 0.0000 0.0000 -1.0000
vn 0.0000 0.0000 1.0000
vn 0.0000 0.0000 1.0000
vn 0.0000 0.0000 1.0000
vn 0.0000 0.0000 1.0000
vn -1.0000 0.0000 0.0000
vn -1.0000 0.0000 0.0000
vn -1.0000 0.0000 0.0000
vn -1.0000 0.0000 0.0000
vn 1.0000 0.0000 0.0000
vn 1.0000 0.0000 0.0000
vn 1.0000 0.0000 0.0000
vn 1.0000 0.0000 0.0000
vn 0.0000 -1.0000 0.0000
vn 0.0000 -1.0000 0.0000
vn 0.0000 -1.0000 0.0000
vn 0.0000 -1.0000 0.0000
vn 0.0000 1.0000 0.0000
vn 0.0000 1.0000 0.0000
vn 0.0000 1.0000 0.0000
vn 0.0000 1.0000 0.0000
vn 0.0000 0.0000 -1.0000
vn 0.0000 0.0000 -1.0000
vn 0.0000 0.0000 -1.0000
vn 0.0000 0.0000 -1.0000
vn 0.0000 0.0000 1.0000
vn 0.0000 0.0000 1.0000
vn 0.0000 0.0000 1.0000
vn 0.0000 0.0000 1.0000
vn -1.0000 0.0000 0.0000
vn -1.0000 0.0000 0.0000
vn -1.0000 0.0000 0.0000
vn -1.0000 0.0000 0.0000
vn 1.0000 0.0000 0.0000
vn 1.0000 0.0000 0.0000
vn 1.0000 0.0000 0.0000
vn 1.0000 0.0000 0.0000
vn 0.0000 -1.0000 0.0000
vn 0.0000 -1.0000 0.0000
vn 0.0000 -1.0000 0.0000
vn 0.0000 -1.0000 0.0000
vn 0.0000 1.0000 0.0000
vn 0.0000 1.0000 0.0000
vn 0.0000 1.0000 0.0000
vn 0.0000 1.0000 0.0000
vn 0.0000 0.0000 -1.0000
vn 0.0000 0.0000 -1.0000
vn 0.0000 0.0000 -1.0000
vn 0.0000 0.0000 -1.0000
vn 0.0000 0.0000 1.0000
vn 0.0000 0.0000 1.0000
vn 0.0000 0.0000 1.0000
vn 0.0000 0.0000 1.0000
vn -1.0000 0.0000 0.0000
vn -1.0000 0.0000 0.0000
vn -1.0000 0.0000 0.0000
vn -1.0000 0.0000 0.0000
vn 1.0000 0.0000 0.0000
vn 1.0000 0.0000 0.0000
vn 1.0000 0.0000 0.0000
vn 1.0000 0.0000 0.0000
vn 0.0000 -1.0000 0.0000
vn 0.0000 -1.0000 0.0000
vn 0.0000 -1.0000 0.0000
vn 0.0000 -1.0000 0.0000
vn 0.0000 1.0000 0.0000
vn 0.0000 1.0000 0.0000
vn 0.0000 1.0000 0.0000
vn 0.0000 1.0000 0.0000
vn 0.0000 0.0000 -1.0000
vn 0.0000 0.0000 -1.0000
vn 0.0000 0.0000 -1.0000
vn 0.0000 0.0000 -1.0000
vn 0.0000 0.0000 1.0000
vn 0.0000 0.0000 1.0000
vn 0.0000 0.0000 1.0000
vn 0.0000 0.0000 1.0000
vn -1.0000 0.0000 0.0000
vn -1.0000 0.0000 0.0000
vn -1.0000 0.0000 0.0000
vn -1.0000 0.0000 0.0000
vn 1.0000 0.0000 0.0000
vn 1.0000 0.0000 0.0000
vn 1.0000 0.0000 0.0000
vn 1.0000 0.0000 0.0000
vn 0.0000 -1.0000 0.0000
vn 0.0000 -1.0000 0.0000
vn 0.0000 -1.0000 0.0000
vn 0.0000 -1.0000 0.0000
vn 0.0000 1.0000 0.0000
vn 0.0000 1.0000 0.0000
vn 0.0000 1.0000 0.0000
vn 0.0000 1.0000 0.0000
vn 0.0000 0.0000 -1.0000
vn 0.0000 0.0000 -1.0000
vn 0.0000 0.0000 -1.0000
vn 0.0000 0.0000 -1.0000
vn 0.0000 0.0000 1.0000
vn 0.0000 0.0000 1.0000
vn 0.0000 0.0000 1.0000
vn 0.0000 0.0000 1.0000
vn -1.0000 0.0000 0.0000
vn -1.0000 0.0000 0.0000
vn -1.0000 0.0000 0.0000
vn -1.0000 0.0000 0.0000
vn 1.0000 0.0000 0.0000
vn 1.0000 0.0000 0.0000
vn 1.0000 0.0000 0.0000
vn 1.0000 0.0000 0.0000
vn 0.0000 -1.0000 0.0000
vn 0.0000 -1.0000 0.0000
vn 0.0000 -1.0000 0.0000
vn 0.0000 -1.0000 0.0000
vn 0.0000 1.0000 0.0000
vn 0.0000 1.0000 0.0000
vn 0.0000 1.0000 0.0000
vn 0.0000 1.0000 0.0000
vn 0.0000 0.0000 -1.0000
vn 0.0000 0.0000 -1.0000
vn 0.0000 0.0000 -1.0000
vn 0.0000 0.0000 -1.0000
vn 0.0000 0.0000 1.0000
vn 0.0000 0.0000 1.0000
vn 0.0000 0.0000 1.0000
vn 0.0000 0.0000 1.0000
f 3371//3371 3372//3372 3373//3373
f 3371//3371 3373//3373 3374//3374
f 3375//3375 3376//3376 3377//3377
f 3375//3375 3377//3377 3378//3378
f 3379//3379 3380//3380 3381//3381
f 3379//3379 3381//3381 3382//3382
f 3383//3383 3384//3384 3385//3385
f 3383//3383 3385//3385 3386//3386
f 3387//3387 3388//3388 3389//3389
f 3387//3387 3389//3389 3390//3390
f 3391//3391 3392//3392 3393//3393
f 3391//3391 3393//3393 3394//3394
f 3395//3395 3396//3396 3397//3397
f 3395//3395 3397//3397 3398//3398
f 3399//3399 3400//3400 3401//3401
f 3399//3399 3401//3401 3402//3402
f 3403//3403 3404//3404 3405//3405
f 3403//3403 3405//3405 3406//3406
f 3407//3407 3408//3408 3409//3409
f 3407//3407 3409//3409 3410//3410
f 3411//3411 3412//3412 3413//3413
f 3411//3411 3413//3413 3414//3414
f 3415//3415 3416//3416 3417//3417
f 3415//3415 3417//3417 3418//3418
f 3419//3419 3420//3420 3421//3421
f 3419//3419 3421//3421 3422//3422
f 3423//3423 3424//3424 3425//3425
f 3423//3423 3425//3425 3426//3426
f 3427//3427 3428//3428 3429//3429
f 3427//3427 3429//3429 3430//3430
f 3431//3431 3432//3432 3433//3433
f 3431//3431 3433//3433 3434//3434
f 3435//3435 3436//3436 3437//3437
f 3435//3435 3437//3437 3438//3438
f 3439//3439 3440//3440 3441//3441
f 3439//3439 3441//3441 3442//3442
f 3443//3443 3444//3444 3445//3445
f 3443//3443 3445//3445 3446//3446
f 3447//3447 3448//3448 3449//3449
f 3447//3447 3449//3449 3450//3450
f 3451//3451 3452//3452 3453//3453
f 3451//3451 3453//3453 3454//3454
f 3455//3455 3456//3456 3457//3457
f 3455//3455 3457//3457 3458//3458
f 3459//3459 3460//3460 3461//3461
f 3459//3459 3461//3461 3462//3462
f 3463//3463 3464//3464 3465//3465
f 3463//3463 3465//3465 3466//3466
f 3467//3467 3468//3468 3469//3469
f 3467//3467 3469//3469 3470//3470
f 3471//3471 3472//3472 3473//3473
f 3471//3471 3473//3473 3474//3474
f 3475//3475 3476//3476 3477//3477
f 3475//3475 3477//3477 3478//3478
f 3479//3479 3480//3480 3481//3481
f 3479//3479 3481//3481 3482//3482
f 3483//3483 3484//3484 3485//3485
f 3483//3483 3485//3485 3486//3486
f 3487//3487 3488//3488 3489//3489
f 3487//3487 3489//3489 3490//3490
f 3491//3491 3492//3492 3493//3493
f 3491//3491 3493//3493 3494//3494
f 3495//3495 3496//3496 3497//3497
f 3495//3495 3497//3497 3498//3498
f 3499//3499 3500//3500 3501//3501
f 3499//3499 3501//3501 3502//3502
f 3503//3503 3504//3504 3505//3505
f 3503//3503 3505//3505 3506//3506
f 3507//3507 3508//3508 3509//3509
f 3507//3507 3509//3509 3510//3510
f 3511//3511 3512//3512 3513//3513
f 3511//3511 3513//3513 3514//3514
f 3515//3515 3516//3516 3517//3517
f 3515//3515 3517//3517 3518//3518
f 3519//3519 3520//3520 3521//3521
f 3519//3519 3521//3521 3522//3522
f 3523//3523 3524//3524 3525//3525
f 3523//3523 3525//3525 3526//3526
f 3527//3527 3528//3528 3529//3529
f 3527//3527 3529//3529 3530//3530
f 3531//3531 3532//3532 3533//3533
f 3531//3531 3533//3533 3534//3534
f 3535//3535 3536//3536 3537//3537
f 3535//3535 3537//3537 3538//3538
f 3539//3539 3540//3540 3541//3541
f 3539//3539 3541//3541 3542//3542
f 3543//3543 3544//3544 3545//3545
f 3543//3543 3545//3545 3546//3546
f 3547//3547 3548//3548 3549//3549
f 3547//3547 3549//3549 3550//3550
f 3551//3551 3552//3552 3553//3553
f 3551//3551 3553//3553 3554//3554
f 3555//3555 3556//3556 3557//3557
f 3555//3555 3557//3557 3558//3558
f 3559//3559 3560//3560 3561//3561
f 3559//3559 3561//3561 3562//3562
f 3563//3563 3564//3564 3565//3565
f 3563//3563 3565//3565 3566//3566
f 3567//3567 3568//3568 3569//3569
f 3567//3567 3569//3569 3570//3570
f 3571//3571 3572//3572 3573//3573
f 3571//3571 3573//3573 3574//3574
f 3575//3575 3576//3576 3577//3577
f 3575//3575 3577//3577 3578//3578
f 3579//3579 3580//3580 3581//3581
f 3579//3579 3581//3581 3582//3582
f 3583//3583 3584//3584 3585//3585
f 3583//3583 3585//3585 3586//3586
f 3587//3587 3588//3588 3589//3589
f 3587//3587 3589//3589 3590//3590
f 3591//3591 3592//3592 3593//3593
f 3591//3591 3593//3593 3594//3594
f 3595//3595 3596//3596 3597//3597
f 3595//3595 3597//3597 3598//3598
f 3599//3599 3600//3600 3601//3601
f 3599//3599 3601//3601 3602//3602
f 3603//3603 3604//3604 3605//3605
f 3603//3603 3605//3605 3606//3606
f 3607//3607 3608//3608 3609//3609
f 3607//3607 3609//3609 3610//3610
f 3611//3611 3612//3612 3613//3613
f 3611//3611 3613//3613 3614//3614
f 3615//3615 3616//3616 3617//3617
f 3615//3615 3617//3617 3618//3618
f 3619//3619 3620//3620 3621//3621
f 3619//3619 3621//3621 3622//3622
f 3623//3623 3624//3624 3625//3625
f 3623//3623 3625//3625 3626//3626
f 3627//3627 3628//3628 3629//3629
f 3627//3627 3629//3629 3630//3630
f 3631//3631 3632//3632 3633//3633
f 3631//3631 3633//3633 3634//3634
f 3635//3635 3636//3636 3637//3637
f 3635//3635 3637//3637 3638//3638
f 3639//3639 3640//3640 3641//3641
f 3639//3639 3641//3641 3642//3642
f 3643//3643 3644//3644 3645//3645
f 3643//3643 3645//3645 3646//3646
f 3647//3647 3648//3648 3649//3649
f 3647//3647 3649//3649 3650//3650
f 3651//3651 3652//3652 3653//3653
f 3651//3651 3653//3653 3654//3654
f 3655//3655 3656//3656 3657//3657
f 3655//3655 3657//3657 3658//3658
f 3659//3659 3660//3660 3661//3661
f 3659//3659 3661//3661 3662//3662
f 3663//3663 3664//3664 3665//3665
f 3663//3663 3665//3665 3666//3666
f 3667//3667 3668//3668 3669//3669
f 3667//3667 3669//3669 3670//3670
f 3671//3671 3672//3672 3673//3673
f 3671//3671 3673//3673 3674//3674
f 3675//3675 3676//3676 3677//3677
f 3675//3675 3677//3677 3678//3678
f 3679//3679 3680//3680 3681//3681
f 3679//3679 3681//3681 3682//3682
f 3683//3683 3684//3684 3685//3685
f 3683//3683 3685//3685 3686//3686
f 3687//3687 3688//3688 3689//3689
f 3687//3687 3689//3689 3690//3690
f 3691//3691 3692//3692 3693//3693
f 3691//3691 3693//3693 3694//3694
f 3695//3695 3696//3696 3697//3697
f 3695//3695 3697//3697 3698//3698
f 3699//3699 3700//3700 3701//3701
f 3699//3699 3701//3701 3702//3702
f 3703//3703 3704//3704 3705//3705
f 3703//3703 3705//3705 3706//3706
f 3707//3707 3708//3708 3709//3709
f 3707//3707 3709//3709 3710//3710
f 3711//3711 3712//3712 3713//3713
f 3711//3711 3713//3713 3714//3714
f 3715//3715 3716//3716 3717//3717
f 3715//3715 3717//3717 3718//3718
f 3719//3719 3720//3720 3721//3721
f 3719//3719 3721//3721 3722//3722
f 3723//3723 3724//3724 3725//3725
f 3723//3723 3725//3725 3726//3726
f 3727//3727 3728//3728 3729//3729
f 3727//3727 3729//3729 3730//3730
f 3731//3731 3732//3732 3733//3733
f 3731//3731 3733//3733 3734//3734
f 3735//3735 3736//3736 3737//3737
f 3735//3735 3737//3737 3738//3738
f 3739//3739 3740//3740 3741//3741
f 3739//3739 3741//3741 3742//3742
f 3743//3743 3744//3744 3745//3745
f 3743//3743 3745//3745 3746//3746
f 3747//3747 3748//3748 3749//3749
f 3747//3747 3749//3749 3750//3750
f 3751//3751 3752//3752 3753//3753
f 3751//3751 3753//3753 3754//3754
f 3755//3755 3756//3756 3757//3757
f 3755//3755 3757//3757 3758//3758
f 3759//3759 3760//3760 3761//3761
f 3759//3759 3761//3761 3762//3762
f 3763//3763 3764//3764 3765//3765
f 3763//3763 3765//3765 3766//3766
f 3767//3767 3768//3768 3769//3769
f 3767//3767 3769//3769 3770//3770
f 3771//3771 3772//3772 3773//3773
f 3771//3771 3773//3773 3774//3774
f 3775//3775 3776//3776 3777//3777
f 3775//3775 3777//3777 3778//3778
f 3779//3779 3780//3780 3781//3781
f 3779//3779 3781//3781 3782//3782
f 3783//3783 3784//3784 3785//3785
f 3783//3783 3785//3785 3786//3786
f 3787//3787 3788//3788 3789//3789
f 3787//3787 3789//3789 3790//3790
f 3791//3791 3792//3792 3793//3793
f 3791//3791 3793//3793 3794//3794
f 3795//3795 3796//3796 3797//3797
f 3795//3795 3797//3797 3798//3798
f 3799//3799 3800//3800 3801//3801
f 3799//3799 3801//3801 3802//3802
f 3803//3803 3804//3804 3805//3805
f 3803//3803 3805//3805 3806//3806
f 3807//3807 3808//3808 3809//3809
f 3807//3807 3809//3809 3810//3810
f 3811//3811 3812//3812 3813//3813
f 3811//3811 3813//3813 3814//3814
f 3815//3815 3816//3816 3817//3817
f 3815//3815 3817//3817 3818//3818
f 3819//3819 3820//3820 3821//3821
f 3819//3819 3821//3821 3822//3822
f 3823//3823 3824//3824 3825//3825
f 3823//3823 3825//3825 3826//3826
f 3827//3827 3828//3828 3829//3829
f 3827//3827 3829//3829 3830//3830
f 3831//3831 3832//3832 3833//3833
f 3831//3831 3833//3833 3834//3834
f 3835//3835 3836//3836 3837//3837
f 3835//3835 3837//3837 3838//3838
f 3839//3839 3840//3840 3841//3841
f 3839//3839 3841//3841 3842//3842
f 3843//3843 3844//3844 3845//3845
f 3843//3843 3845//3845 3846//3846
f 3847//3847 3848//3848 3849//3849
f 3847//3847 3849//3849 3850//3850
f 3851//3851 3852//3852 3853//3853
f 3851//3851 3853//3853 3854//3854
f 3855//3855 3856//3856 3857//3857
f 3855//3855 3857//3857 3858//3858
f 3859//3859 3860//3860 3861//3861
f 3859//3859 3861//3861 3862//3862
f 3863//3863 3864//3864 3865//3865
f 3863//3863 3865//3865 3866//3866
f 3867//3867 3868//3868 3869//3869
f 3867//3867 3869//3869 3870//3870
f 3871//3871 3872//3872 3873//3873
f 3871//3871 3873//3873 3874//3874
f 3875//3875 3876//3876 3877//3877
f 3875//3875 3877//3877 3878//3878
f 3879//3879 3880//3880 3881//3881
f 3879//3879 3881//3881 3882//3882
f 3883//3883 3884//3884 3885//3885
f 3883//3883 3885//3885 3886//3886
f 3887//3887 3888//3888 3889//3889
f 3887//3887 3889//3889 3890//3890
f 3891//3891 3892//3892 3893//3893
f 3891//3891 3893//3893 3894//3894
f 3895//3895 3896//3896 3897//3897
f 3895//3895 3897//3897 3898//3898
f 3899//3899 3900//3900 3901//3901
f 3899//3899 3901//3901 3902//3902
f 3903//3903 3904//3904 3905//3905
f 3903//3903 3905//3905 3906//3906
f 3907//3907 3908//3908 3909//3909
f 3907//3907 3909//3909 3910//3910
f 3911//3911 3912//3912 3913//3913
f 3911//3911 3913//3913 3914//3914
f 3915//3915 3916//3916 3917//3917
f 3915//3915 3917//3917 3918//3918
f 3919//3919 3920//3920 3921//3921
f 3919//3919 3921//3921 3922//3922
f 3923//3923 3924//3924 3925//3925
f 3923//3923 3925//3925 3926//3926
f 3927//3927 3928//3928 3929//3929
f 3927//3927 3929//3929 3930//3930
f 3931//3931 3932//3932 3933//3933
f 3931//3931 3933//3933 3934//3934
f 3935//3935 3936//3936 3937//3937
f 3935//3935 3937//3937 3938//3938
f 3939//3939 3940//3940 3941//3941
f 3939//3939 3941//3941 3942//3942
f 3943//3943 3944//3944 3945//3945
f 3943//3943 3945//3945 3946//3946
f 3947//3947 3948//3948 3949//3949
f 3947//3947 3949//3949 3950//3950
f 3951//3951 3952//3952 3953//3953
f 3951//3951 3953//3953 3954//3954
f 3955//3955 3956//3956 3957//3957
f 3955//3955 3957//3957 3958//3958
f 3959//3959 3960//3960 3961//3961
f 3959//3959 3961//3961 3962//3962
f 3963//3963 3964//3964 3965//3965
f 3963//3963 3965//3965 3966//3966
f 3967//3967 3968//3968 3969//3969
f 3967//3967 3969//3969 3970//3970
f 3971//3971 3972//3972 3973//3973
f 3971//3971 3973//3973 3974//3974
f 3975//3975 3976//3976 3977//3977
f 3975//3975 3977//3977 3978//3978
f 3979//3979 3980//3980 3981//3981
f 3979//3979 3981//3981 3982//3982
f 3983//3983 3984//3984 3985//3985
f 3983//3983 3985//3985 3986//3986
f 3987//3987 3988//3988 3989//3989
f 3987//3987 3989//3989 3990//3990
f 3991//3991 3992//3992 3993//3993
f 3991//3991 3993//3993 3994//3994
f 3995//3995 3996//3996 3997//3997
f 3995//3995 3997//3997 3998//3998
f 3999//3999 4000//4000 4001//4001
f 3999//3999 4001//4001 4002//4002
f 4003//4003 4004//4004 4005//4005
f 4003//4003 4005//4005 4006//4006
f 4007//4007 4008//4008 4009//4009
f 4007//4007 4009//4009 4010//4010
f 4011//4011 4012//4012 4013//4013
f 4011//4011 4013//4013 4014//4014
f 4015//4015 4016//4016 4017//4017
f 4015//4015 4017//4017 4018//4018
f 4019//4019 4020//4020 4021//4021
f 4019//4019 4021//4021 4022//4022
f 4023//4023 4024//4024 4025//4025
f 4023//4023 4025//4025 4026//4026
f 4027//4027 4028//4028 4029//4029
f 4027//4027 4029//4029 4030//4030
f 4031//4031 4032//4032 4033//4033
f 4031//4031 4033//4033 4034//4034
f 4035//4035 4036//4036 4037//4037
f 4035//4035 4037//4037 4038//4038
f 4039//4039 4040//4040 4041//4041
f 4039//4039 4041//4041 4042//4042
f 4043//4043 4044//4044 4045//4045
f 4043//4043 4045//4045 4046//4046
f 4047//4047 4048//4048 4049//4049
f 4047//4047 4049//4049 4050//4050
f 4051//4051 4052//4052 4053//4053
f 4051//4051 4053//4053 4054//4054
f 4055//4055 4056//4056 4057//4057
f 4055//4055 4057//4057 4058//4058
f 4059//4059 4060//4060 4061//4061
f 4059//4059 4061//4061 4062//4062
f 4063//4063 4064//4064 4065//4065
f 4063//4063 4065//4065 4066//4066
f 4067//4067 4068//4068 4069//4069
f 4067//4067 4069//4069 4070//4070
f 4071//4071 4072//4072 4073//4073
f 4071//4071 4073//4073 4074//4074
f 4075//4075 4076//4076 4077//4077
f 4075//4075 4077//4077 4078//4078
f 4079//4079 4080//4080 4081//4081
f 4079//4079 4081//4081 4082//4082
f 4083//4083 4084//4084 4085//4085
f 4083//4083 4085//4085 4086//4086
f 4087//4087 4088//4088 4089//4089
f 4087//4087 4089//4089 4090//4090

o IM_Torpedo_Body
g 04_TorpedoCar
usemtl Steel_Matte
s 1
v 19.0000 5.0000 2.2000
v 19.0000 5.6212 2.2818
v 19.0000 6.2000 2.5215
v 19.0000 6.6971 2.9029
v 19.0000 7.0785 3.4000
v 19.0000 7.3182 3.9788
v 19.0000 7.4000 4.6000
v 19.0000 7.3182 5.2212
v 19.0000 7.0785 5.8000
v 19.0000 6.6971 6.2971
v 19.0000 6.2000 6.6785
v 19.0000 5.6212 6.9182
v 19.0000 5.0000 7.0000
v 19.0000 4.3788 6.9182
v 19.0000 3.8000 6.6785
v 19.0000 3.3029 6.2971
v 19.0000 2.9215 5.8000
v 19.0000 2.6818 5.2212
v 19.0000 2.6000 4.6000
v 19.0000 2.6818 3.9788
v 19.0000 2.9215 3.4000
v 19.0000 3.3029 2.9029
v 19.0000 3.8000 2.5215
v 19.0000 4.3788 2.2818
v 33.0000 5.0000 2.2000
v 33.0000 5.6212 2.2818
v 33.0000 6.2000 2.5215
v 33.0000 6.6971 2.9029
v 33.0000 7.0785 3.4000
v 33.0000 7.3182 3.9788
v 33.0000 7.4000 4.6000
v 33.0000 7.3182 5.2212
v 33.0000 7.0785 5.8000
v 33.0000 6.6971 6.2971
v 33.0000 6.2000 6.6785
v 33.0000 5.6212 6.9182
v 33.0000 5.0000 7.0000
v 33.0000 4.3788 6.9182
v 33.0000 3.8000 6.6785
v 33.0000 3.3029 6.2971
v 33.0000 2.9215 5.8000
v 33.0000 2.6818 5.2212
v 33.0000 2.6000 4.6000
v 33.0000 2.6818 3.9788
v 33.0000 2.9215 3.4000
v 33.0000 3.3029 2.9029
v 33.0000 3.8000 2.5215
v 33.0000 4.3788 2.2818
v 19.0000 5.0000 2.2000
v 19.0000 5.6212 2.2818
v 19.0000 6.2000 2.5215
v 19.0000 6.6971 2.9029
v 19.0000 7.0785 3.4000
v 19.0000 7.3182 3.9788
v 19.0000 7.4000 4.6000
v 19.0000 7.3182 5.2212
v 19.0000 7.0785 5.8000
v 19.0000 6.6971 6.2971
v 19.0000 6.2000 6.6785
v 19.0000 5.6212 6.9182
v 19.0000 5.0000 7.0000
v 19.0000 4.3788 6.9182
v 19.0000 3.8000 6.6785
v 19.0000 3.3029 6.2971
v 19.0000 2.9215 5.8000
v 19.0000 2.6818 5.2212
v 19.0000 2.6000 4.6000
v 19.0000 2.6818 3.9788
v 19.0000 2.9215 3.4000
v 19.0000 3.3029 2.9029
v 19.0000 3.8000 2.5215
v 19.0000 4.3788 2.2818
v 19.0000 5.0000 4.6000
v 33.0000 5.0000 2.2000
v 33.0000 5.6212 2.2818
v 33.0000 6.2000 2.5215
v 33.0000 6.6971 2.9029
v 33.0000 7.0785 3.4000
v 33.0000 7.3182 3.9788
v 33.0000 7.4000 4.6000
v 33.0000 7.3182 5.2212
v 33.0000 7.0785 5.8000
v 33.0000 6.6971 6.2971
v 33.0000 6.2000 6.6785
v 33.0000 5.6212 6.9182
v 33.0000 5.0000 7.0000
v 33.0000 4.3788 6.9182
v 33.0000 3.8000 6.6785
v 33.0000 3.3029 6.2971
v 33.0000 2.9215 5.8000
v 33.0000 2.6818 5.2212
v 33.0000 2.6000 4.6000
v 33.0000 2.6818 3.9788
v 33.0000 2.9215 3.4000
v 33.0000 3.3029 2.9029
v 33.0000 3.8000 2.5215
v 33.0000 4.3788 2.2818
v 33.0000 5.0000 4.6000
v 33.0000 5.0000 2.2000
v 33.0000 5.6212 2.2818
v 33.0000 6.2000 2.5215
v 33.0000 6.6971 2.9029
v 33.0000 7.0785 3.4000
v 33.0000 7.3182 3.9788
v 33.0000 7.4000 4.6000
v 33.0000 7.3182 5.2212
v 33.0000 7.0785 5.8000
v 33.0000 6.6971 6.2971
v 33.0000 6.2000 6.6785
v 33.0000 5.6212 6.9182
v 33.0000 5.0000 7.0000
v 33.0000 4.3788 6.9182
v 33.0000 3.8000 6.6785
v 33.0000 3.3029 6.2971
v 33.0000 2.9215 5.8000
v 33.0000 2.6818 5.2212
v 33.0000 2.6000 4.6000
v 33.0000 2.6818 3.9788
v 33.0000 2.9215 3.4000
v 33.0000 3.3029 2.9029
v 33.0000 3.8000 2.5215
v 33.0000 4.3788 2.2818
v 37.5000 5.0000 3.5000
v 37.5000 5.2847 3.5375
v 37.5000 5.5500 3.6474
v 37.5000 5.7778 3.8222
v 37.5000 5.9526 4.0500
v 37.5000 6.0625 4.3153
v 37.5000 6.1000 4.6000
v 37.5000 6.0625 4.8847
v 37.5000 5.9526 5.1500
v 37.5000 5.7778 5.3778
v 37.5000 5.5500 5.5526
v 37.5000 5.2847 5.6625
v 37.5000 5.0000 5.7000
v 37.5000 4.7153 5.6625
v 37.5000 4.4500 5.5526
v 37.5000 4.2222 5.3778
v 37.5000 4.0474 5.1500
v 37.5000 3.9375 4.8847
v 37.5000 3.9000 4.6000
v 37.5000 3.9375 4.3153
v 37.5000 4.0474 4.0500
v 37.5000 4.2222 3.8222
v 37.5000 4.4500 3.6474
v 37.5000 4.7153 3.5375
v 33.0000 5.0000 2.2000
v 33.0000 5.6212 2.2818
v 33.0000 6.2000 2.5215
v 33.0000 6.6971 2.9029
v 33.0000 7.0785 3.4000
v 33.0000 7.3182 3.9788
v 33.0000 7.4000 4.6000
v 33.0000 7.3182 5.2212
v 33.0000 7.0785 5.8000
v 33.0000 6.6971 6.2971
v 33.0000 6.2000 6.6785
v 33.0000 5.6212 6.9182
v 33.0000 5.0000 7.0000
v 33.0000 4.3788 6.9182
v 33.0000 3.8000 6.6785
v 33.0000 3.3029 6.2971
v 33.0000 2.9215 5.8000
v 33.0000 2.6818 5.2212
v 33.0000 2.6000 4.6000
v 33.0000 2.6818 3.9788
v 33.0000 2.9215 3.4000
v 33.0000 3.3029 2.9029
v 33.0000 3.8000 2.5215
v 33.0000 4.3788 2.2818
v 33.0000 5.0000 4.6000
v 37.5000 5.0000 3.5000
v 37.5000 5.2847 3.5375
v 37.5000 5.5500 3.6474
v 37.5000 5.7778 3.8222
v 37.5000 5.9526 4.0500
v 37.5000 6.0625 4.3153
v 37.5000 6.1000 4.6000
v 37.5000 6.0625 4.8847
v 37.5000 5.9526 5.1500
v 37.5000 5.7778 5.3778
v 37.5000 5.5500 5.5526
v 37.5000 5.2847 5.6625
v 37.5000 5.0000 5.7000
v 37.5000 4.7153 5.6625
v 37.5000 4.4500 5.5526
v 37.5000 4.2222 5.3778
v 37.5000 4.0474 5.1500
v 37.5000 3.9375 4.8847
v 37.5000 3.9000 4.6000
v 37.5000 3.9375 4.3153
v 37.5000 4.0474 4.0500
v 37.5000 4.2222 3.8222
v 37.5000 4.4500 3.6474
v 37.5000 4.7153 3.5375
v 37.5000 5.0000 4.6000
v 19.0000 5.0000 2.2000
v 19.0000 4.3788 2.2818
v 19.0000 3.8000 2.5215
v 19.0000 3.3029 2.9029
v 19.0000 2.9215 3.4000
v 19.0000 2.6818 3.9788
v 19.0000 2.6000 4.6000
v 19.0000 2.6818 5.2212
v 19.0000 2.9215 5.8000
v 19.0000 3.3029 6.2971
v 19.0000 3.8000 6.6785
v 19.0000 4.3788 6.9182
v 19.0000 5.0000 7.0000
v 19.0000 5.6212 6.9182
v 19.0000 6.2000 6.6785
v 19.0000 6.6971 6.2971
v 19.0000 7.0785 5.8000
v 19.0000 7.3182 5.2212
v 19.0000 7.4000 4.6000
v 19.0000 7.3182 3.9788
v 19.0000 7.0785 3.4000
v 19.0000 6.6971 2.9029
v 19.0000 6.2000 2.5215
v 19.0000 5.6212 2.2818
v 14.5000 5.0000 3.5000
v 14.5000 4.7153 3.5375
v 14.5000 4.4500 3.6474
v 14.5000 4.2222 3.8222
v 14.5000 4.0474 4.0500
v 14.5000 3.9375 4.3153
v 14.5000 3.9000 4.6000
v 14.5000 3.9375 4.8847
v 14.5000 4.0474 5.1500
v 14.5000 4.2222 5.3778
v 14.5000 4.4500 5.5526
v 14.5000 4.7153 5.6625
v 14.5000 5.0000 5.7000
v 14.5000 5.2847 5.6625
v 14.5000 5.5500 5.5526
v 14.5000 5.7778 5.3778
v 14.5000 5.9526 5.1500
v 14.5000 6.0625 4.8847
v 14.5000 6.1000 4.6000
v 14.5000 6.0625 4.3153
v 14.5000 5.9526 4.0500
v 14.5000 5.7778 3.8222
v 14.5000 5.5500 3.6474
v 14.5000 5.2847 3.5375
v 19.0000 5.0000 2.2000
v 19.0000 4.3788 2.2818
v 19.0000 3.8000 2.5215
v 19.0000 3.3029 2.9029
v 19.0000 2.9215 3.4000
v 19.0000 2.6818 3.9788
v 19.0000 2.6000 4.6000
v 19.0000 2.6818 5.2212
v 19.0000 2.9215 5.8000
v 19.0000 3.3029 6.2971
v 19.0000 3.8000 6.6785
v 19.0000 4.3788 6.9182
v 19.0000 5.0000 7.0000
v 19.0000 5.6212 6.9182
v 19.0000 6.2000 6.6785
v 19.0000 6.6971 6.2971
v 19.0000 7.0785 5.8000
v 19.0000 7.3182 5.2212
v 19.0000 7.4000 4.6000
v 19.0000 7.3182 3.9788
v 19.0000 7.0785 3.4000
v 19.0000 6.6971 2.9029
v 19.0000 6.2000 2.5215
v 19.0000 5.6212 2.2818
v 19.0000 5.0000 4.6000
v 14.5000 5.0000 3.5000
v 14.5000 4.7153 3.5375
v 14.5000 4.4500 3.6474
v 14.5000 4.2222 3.8222
v 14.5000 4.0474 4.0500
v 14.5000 3.9375 4.3153
v 14.5000 3.9000 4.6000
v 14.5000 3.9375 4.8847
v 14.5000 4.0474 5.1500
v 14.5000 4.2222 5.3778
v 14.5000 4.4500 5.5526
v 14.5000 4.7153 5.6625
v 14.5000 5.0000 5.7000
v 14.5000 5.2847 5.6625
v 14.5000 5.5500 5.5526
v 14.5000 5.7778 5.3778
v 14.5000 5.9526 5.1500
v 14.5000 6.0625 4.8847
v 14.5000 6.1000 4.6000
v 14.5000 6.0625 4.3153
v 14.5000 5.9526 4.0500
v 14.5000 5.7778 3.8222
v 14.5000 5.5500 3.6474
v 14.5000 5.2847 3.5375
v 14.5000 5.0000 4.6000
v 27.6000 5.0000 6.8000
v 27.4782 5.6123 6.8000
v 27.1314 6.1314 6.8000
v 26.6123 6.4782 6.8000
v 26.0000 6.6000 6.8000
v 25.3877 6.4782 6.8000
v 24.8686 6.1314 6.8000
v 24.5218 5.6123 6.8000
v 24.4000 5.0000 6.8000
v 24.5218 4.3877 6.8000
v 24.8686 3.8686 6.8000
v 25.3877 3.5218 6.8000
v 26.0000 3.4000 6.8000
v 26.6123 3.5218 6.8000
v 27.1314 3.8686 6.8000
v 27.4782 4.3877 6.8000
v 27.6000 5.0000 7.8000
v 27.4782 5.6123 7.8000
v 27.1314 6.1314 7.8000
v 26.6123 6.4782 7.8000
v 26.0000 6.6000 7.8000
v 25.3877 6.4782 7.8000
v 24.8686 6.1314 7.8000
v 24.5218 5.6123 7.8000
v 24.4000 5.0000 7.8000
v 24.5218 4.3877 7.8000
v 24.8686 3.8686 7.8000
v 25.3877 3.5218 7.8000
v 26.0000 3.4000 7.8000
v 26.6123 3.5218 7.8000
v 27.1314 3.8686 7.8000
v 27.4782 4.3877 7.8000
v 27.6000 5.0000 6.8000
v 27.4782 5.6123 6.8000
v 27.1314 6.1314 6.8000
v 26.6123 6.4782 6.8000
v 26.0000 6.6000 6.8000
v 25.3877 6.4782 6.8000
v 24.8686 6.1314 6.8000
v 24.5218 5.6123 6.8000
v 24.4000 5.0000 6.8000
v 24.5218 4.3877 6.8000
v 24.8686 3.8686 6.8000
v 25.3877 3.5218 6.8000
v 26.0000 3.4000 6.8000
v 26.6123 3.5218 6.8000
v 27.1314 3.8686 6.8000
v 27.4782 4.3877 6.8000
v 26.0000 5.0000 6.8000
v 27.6000 5.0000 7.8000
v 27.4782 5.6123 7.8000
v 27.1314 6.1314 7.8000
v 26.6123 6.4782 7.8000
v 26.0000 6.6000 7.8000
v 25.3877 6.4782 7.8000
v 24.8686 6.1314 7.8000
v 24.5218 5.6123 7.8000
v 24.4000 5.0000 7.8000
v 24.5218 4.3877 7.8000
v 24.8686 3.8686 7.8000
v 25.3877 3.5218 7.8000
v 26.0000 3.4000 7.8000
v 26.6123 3.5218 7.8000
v 27.1314 3.8686 7.8000
v 27.4782 4.3877 7.8000
v 26.0000 5.0000 7.8000
vn 0.0000 0.0438 -0.9990
vn 0.0000 0.3009 -0.9536
vn 0.0000 0.5375 -0.8433
vn 0.0000 0.7374 -0.6754
vn 0.0000 0.8871 -0.4616
vn 0.0000 0.9763 -0.2162
vn 0.0000 0.9990 0.0438
vn 0.0000 0.9536 0.3009
vn 0.0000 0.8433 0.5375
vn 0.0000 0.6754 0.7374
vn 0.0000 0.4616 0.8871
vn 0.0000 0.2162 0.9763
vn 0.0000 -0.0438 0.9990
vn 0.0000 -0.3009 0.9536
vn 0.0000 -0.5375 0.8433
vn 0.0000 -0.7374 0.6754
vn 0.0000 -0.8871 0.4616
vn 0.0000 -0.9763 0.2162
vn 0.0000 -0.9990 -0.0438
vn 0.0000 -0.9536 -0.3009
vn 0.0000 -0.8433 -0.5375
vn 0.0000 -0.6754 -0.7374
vn 0.0000 -0.4616 -0.8871
vn 0.0000 -0.2162 -0.9763
vn 0.0000 -0.0438 -0.9990
vn 0.0000 0.2162 -0.9763
vn 0.0000 0.4616 -0.8871
vn 0.0000 0.6754 -0.7374
vn 0.0000 0.8433 -0.5375
vn 0.0000 0.9536 -0.3009
vn 0.0000 0.9990 -0.0438
vn 0.0000 0.9763 0.2162
vn 0.0000 0.8871 0.4616
vn 0.0000 0.7374 0.6754
vn 0.0000 0.5375 0.8433
vn 0.0000 0.3009 0.9536
vn 0.0000 0.0438 0.9990
vn 0.0000 -0.2162 0.9763
vn 0.0000 -0.4616 0.8871
vn 0.0000 -0.6754 0.7374
vn 0.0000 -0.8433 0.5375
vn 0.0000 -0.9536 0.3009
vn 0.0000 -0.9990 0.0438
vn 0.0000 -0.9763 -0.2162
vn 0.0000 -0.8871 -0.4616
vn 0.0000 -0.7374 -0.6754
vn 0.0000 -0.5375 -0.8433
vn 0.0000 -0.3009 -0.9536
vn -1.0000 0.0000 0.0000
vn -1.0000 0.0000 0.0000
vn -1.0000 0.0000 0.0000
vn -1.0000 0.0000 0.0000
vn -1.0000 0.0000 0.0000
vn -1.0000 0.0000 0.0000
vn -1.0000 0.0000 0.0000
vn -1.0000 0.0000 0.0000
vn -1.0000 0.0000 0.0000
vn -1.0000 0.0000 0.0000
vn -1.0000 0.0000 0.0000
vn -1.0000 0.0000 0.0000
vn -1.0000 0.0000 0.0000
vn -1.0000 0.0000 0.0000
vn -1.0000 0.0000 0.0000
vn -1.0000 0.0000 0.0000
vn -1.0000 0.0000 0.0000
vn -1.0000 0.0000 0.0000
vn -1.0000 0.0000 0.0000
vn -1.0000 0.0000 0.0000
vn -1.0000 0.0000 0.0000
vn -1.0000 0.0000 0.0000
vn -1.0000 0.0000 0.0000
vn -1.0000 0.0000 0.0000
vn -1.0000 0.0000 0.0000
vn 1.0000 0.0000 0.0000
vn 1.0000 0.0000 0.0000
vn 1.0000 0.0000 0.0000
vn 1.0000 0.0000 0.0000
vn 1.0000 0.0000 0.0000
vn 1.0000 0.0000 0.0000
vn 1.0000 0.0000 0.0000
vn 1.0000 0.0000 0.0000
vn 1.0000 0.0000 0.0000
vn 1.0000 0.0000 0.0000
vn 1.0000 0.0000 0.0000
vn 1.0000 0.0000 0.0000
vn 1.0000 0.0000 0.0000
vn 1.0000 0.0000 0.0000
vn 1.0000 0.0000 0.0000
vn 1.0000 0.0000 0.0000
vn 1.0000 0.0000 0.0000
vn 1.0000 0.0000 0.0000
vn 1.0000 0.0000 0.0000
vn 1.0000 0.0000 0.0000
vn 1.0000 0.0000 0.0000
vn 1.0000 0.0000 0.0000
vn 1.0000 0.0000 0.0000
vn 1.0000 0.0000 0.0000
vn 1.0000 0.0000 0.0000
vn 0.2775 0.0236 -0.9604
vn 0.2775 0.2714 -0.9216
vn 0.2775 0.5006 -0.8200
vn 0.2775 0.6958 -0.6625
vn 0.2775 0.8436 -0.4598
vn 0.2775 0.9338 -0.2258
vn 0.2775 0.9604 0.0236
vn 0.2775 0.9216 0.2714
vn 0.2775 0.8200 0.5006
vn 0.2775 0.6625 0.6958
vn 0.2775 0.4598 0.8436
vn 0.2775 0.2258 0.9338
vn 0.2775 -0.0236 0.9604
vn 0.2775 -0.2714 0.9216
vn 0.2775 -0.5006 0.8200
vn 0.2775 -0.6958 0.6625
vn 0.2775 -0.8436 0.4598
vn 0.2775 -0.9338 0.2258
vn 0.2775 -0.9604 -0.0236
vn 0.2775 -0.9216 -0.2714
vn 0.2775 -0.8200 -0.5006
vn 0.2775 -0.6625 -0.6958
vn 0.2775 -0.4598 -0.8436
vn 0.2775 -0.2258 -0.9338
vn 0.2769 -0.0658 -0.9586
vn 0.2769 0.1845 -0.9430
vn 0.2769 0.4223 -0.8631
vn 0.2769 0.6313 -0.7244
vn 0.2769 0.7973 -0.5363
vn 0.2769 0.9089 -0.3117
vn 0.2769 0.9586 -0.0658
vn 0.2769 0.9430 0.1845
vn 0.2769 0.8631 0.4223
vn 0.2769 0.7244 0.6313
vn 0.2769 0.5363 0.7973
vn 0.2769 0.3117 0.9089
vn 0.2769 0.0658 0.9586
vn 0.2769 -0.1845 0.9430
vn 0.2769 -0.4223 0.8631
vn 0.2769 -0.6313 0.7244
vn 0.2769 -0.7973 0.5363
vn 0.2769 -0.9089 0.3117
vn 0.2769 -0.9586 0.0658
vn 0.2769 -0.9430 -0.1845
vn 0.2769 -0.8631 -0.4223
vn 0.2769 -0.7244 -0.6313
vn 0.2769 -0.5363 -0.7973
vn 0.2769 -0.3117 -0.9089
vn -1.0000 0.0000 0.0000
vn -1.0000 0.0000 0.0000
vn -1.0000 0.0000 0.0000
vn -1.0000 0.0000 0.0000
vn -1.0000 0.0000 0.0000
vn -1.0000 0.0000 0.0000
vn -1.0000 0.0000 0.0000
vn -1.0000 0.0000 0.0000
vn -1.0000 0.0000 0.0000
vn -1.0000 0.0000 0.0000
vn -1.0000 0.0000 0.0000
vn -1.0000 0.0000 0.0000
vn -1.0000 0.0000 0.0000
vn -1.0000 0.0000 0.0000
vn -1.0000 0.0000 0.0000
vn -1.0000 0.0000 0.0000
vn -1.0000 0.0000 0.0000
vn -1.0000 0.0000 0.0000
vn -1.0000 0.0000 0.0000
vn -1.0000 0.0000 0.0000
vn -1.0000 0.0000 0.0000
vn -1.0000 0.0000 0.0000
vn -1.0000 0.0000 0.0000
vn -1.0000 0.0000 0.0000
vn -1.0000 0.0000 0.0000
vn 1.0000 0.0000 0.0000
vn 1.0000 0.0000 0.0000
vn 1.0000 0.0000 0.0000
vn 1.0000 0.0000 0.0000
vn 1.0000 0.0000 0.0000
vn 1.0000 0.0000 0.0000
vn 1.0000 0.0000 0.0000
vn 1.0000 0.0000 0.0000
vn 1.0000 0.0000 0.0000
vn 1.0000 0.0000 0.0000
vn 1.0000 0.0000 0.0000
vn 1.0000 0.0000 0.0000
vn 1.0000 0.0000 0.0000
vn 1.0000 0.0000 0.0000
vn 1.0000 0.0000 0.0000
vn 1.0000 0.0000 0.0000
vn 1.0000 0.0000 0.0000
vn 1.0000 0.0000 0.0000
vn 1.0000 0.0000 0.0000
vn 1.0000 0.0000 0.0000
vn 1.0000 0.0000 0.0000
vn 1.0000 0.0000 0.0000
vn 1.0000 0.0000 0.0000
vn 1.0000 0.0000 0.0000
vn 1.0000 0.0000 0.0000
vn -0.2775 -0.0236 -0.9604
vn -0.2775 -0.2714 -0.9216
vn -0.2775 -0.5006 -0.8200
vn -0.2775 -0.6958 -0.6625
vn -0.2775 -0.8436 -0.4598
vn -0.2775 -0.9338 -0.2258
vn -0.2775 -0.9604 0.0236
vn -0.2775 -0.9216 0.2714
vn -0.2775 -0.8200 0.5006
vn -0.2775 -0.6625 0.6958
vn -0.2775 -0.4598 0.8436
vn -0.2775 -0.2258 0.9338
vn -0.2775 0.0236 0.9604
vn -0.2775 0.2714 0.9216
vn -0.2775 0.5006 0.8200
vn -0.2775 0.6958 0.6625
vn -0.2775 0.8436 0.4598
vn -0.2775 0.9338 0.2258
vn -0.2775 0.9604 -0.0236
vn -0.2775 0.9216 -0.2714
vn -0.2775 0.8200 -0.5006
vn -0.2775 0.6625 -0.6958
vn -0.2775 0.4598 -0.8436
vn -0.2775 0.2258 -0.9338
vn -0.2769 0.0658 -0.9586
vn -0.2769 -0.1845 -0.9430
vn -0.2769 -0.4223 -0.8631
vn -0.2769 -0.6313 -0.7244
vn -0.2769 -0.7973 -0.5363
vn -0.2769 -0.9089 -0.3117
vn -0.2769 -0.9586 -0.0658
vn -0.2769 -0.9430 0.1845
vn -0.2769 -0.8631 0.4223
vn -0.2769 -0.7244 0.6313
vn -0.2769 -0.5363 0.7973
vn -0.2769 -0.3117 0.9089
vn -0.2769 -0.0658 0.9586
vn -0.2769 0.1845 0.9430
vn -0.2769 0.4223 0.8631
vn -0.2769 0.6313 0.7244
vn -0.2769 0.7973 0.5363
vn -0.2769 0.9089 0.3117
vn -0.2769 0.9586 0.0658
vn -0.2769 0.9430 -0.1845
vn -0.2769 0.8631 -0.4223
vn -0.2769 0.7244 -0.6313
vn -0.2769 0.5363 -0.7973
vn -0.2769 0.3117 -0.9089
vn 1.0000 0.0000 0.0000
vn 1.0000 0.0000 0.0000
vn 1.0000 0.0000 0.0000
vn 1.0000 0.0000 0.0000
vn 1.0000 0.0000 0.0000
vn 1.0000 0.0000 0.0000
vn 1.0000 0.0000 0.0000
vn 1.0000 0.0000 0.0000
vn 1.0000 0.0000 0.0000
vn 1.0000 0.0000 0.0000
vn 1.0000 0.0000 0.0000
vn 1.0000 0.0000 0.0000
vn 1.0000 0.0000 0.0000
vn 1.0000 0.0000 0.0000
vn 1.0000 0.0000 0.0000
vn 1.0000 0.0000 0.0000
vn 1.0000 0.0000 0.0000
vn 1.0000 0.0000 0.0000
vn 1.0000 0.0000 0.0000
vn 1.0000 0.0000 0.0000
vn 1.0000 0.0000 0.0000
vn 1.0000 0.0000 0.0000
vn 1.0000 0.0000 0.0000
vn 1.0000 0.0000 0.0000
vn 1.0000 0.0000 0.0000
vn -1.0000 0.0000 0.0000
vn -1.0000 0.0000 0.0000
vn -1.0000 0.0000 0.0000
vn -1.0000 0.0000 0.0000
vn -1.0000 0.0000 0.0000
vn -1.0000 0.0000 0.0000
vn -1.0000 0.0000 0.0000
vn -1.0000 0.0000 0.0000
vn -1.0000 0.0000 0.0000
vn -1.0000 0.0000 0.0000
vn -1.0000 0.0000 0.0000
vn -1.0000 0.0000 0.0000
vn -1.0000 0.0000 0.0000
vn -1.0000 0.0000 0.0000
vn -1.0000 0.0000 0.0000
vn -1.0000 0.0000 0.0000
vn -1.0000 0.0000 0.0000
vn -1.0000 0.0000 0.0000
vn -1.0000 0.0000 0.0000
vn -1.0000 0.0000 0.0000
vn -1.0000 0.0000 0.0000
vn -1.0000 0.0000 0.0000
vn -1.0000 0.0000 0.0000
vn -1.0000 0.0000 0.0000
vn -1.0000 0.0000 0.0000
vn 0.9978 0.0662 0.0000
vn 0.8965 0.4430 0.0000
vn 0.6588 0.7523 0.0000
vn 0.3207 0.9472 0.0000
vn -0.0662 0.9978 0.0000
vn -0.4430 0.8965 0.0000
vn -0.7523 0.6588 0.0000
vn -0.9472 0.3207 0.0000
vn -0.9978 -0.0662 0.0000
vn -0.8965 -0.4430 0.0000
vn -0.6588 -0.7523 0.0000
vn -0.3207 -0.9472 0.0000
vn 0.0662 -0.9978 0.0000
vn 0.4430 -0.8965 0.0000
vn 0.7523 -0.6588 0.0000
vn 0.9472 -0.3207 0.0000
vn 0.9978 -0.0662 0.0000
vn 0.9472 0.3207 0.0000
vn 0.7523 0.6588 0.0000
vn 0.4430 0.8965 0.0000
vn 0.0662 0.9978 0.0000
vn -0.3207 0.9472 0.0000
vn -0.6588 0.7523 0.0000
vn -0.8965 0.4430 0.0000
vn -0.9978 0.0662 0.0000
vn -0.9472 -0.3207 0.0000
vn -0.7523 -0.6588 0.0000
vn -0.4430 -0.8965 0.0000
vn -0.0662 -0.9978 0.0000
vn 0.3207 -0.9472 0.0000
vn 0.6588 -0.7523 0.0000
vn 0.8965 -0.4430 0.0000
vn 0.0000 0.0000 -1.0000
vn 0.0000 0.0000 -1.0000
vn 0.0000 0.0000 -1.0000
vn 0.0000 0.0000 -1.0000
vn 0.0000 0.0000 -1.0000
vn 0.0000 0.0000 -1.0000
vn 0.0000 0.0000 -1.0000
vn 0.0000 0.0000 -1.0000
vn 0.0000 0.0000 -1.0000
vn 0.0000 0.0000 -1.0000
vn 0.0000 0.0000 -1.0000
vn 0.0000 0.0000 -1.0000
vn 0.0000 0.0000 -1.0000
vn 0.0000 0.0000 -1.0000
vn 0.0000 0.0000 -1.0000
vn 0.0000 0.0000 -1.0000
vn 0.0000 0.0000 -1.0000
vn 0.0000 0.0000 1.0000
vn 0.0000 0.0000 1.0000
vn 0.0000 0.0000 1.0000
vn 0.0000 0.0000 1.0000
vn 0.0000 0.0000 1.0000
vn 0.0000 0.0000 1.0000
vn 0.0000 0.0000 1.0000
vn 0.0000 0.0000 1.0000
vn 0.0000 0.0000 1.0000
vn 0.0000 0.0000 1.0000
vn 0.0000 0.0000 1.0000
vn 0.0000 0.0000 1.0000
vn 0.0000 0.0000 1.0000
vn 0.0000 0.0000 1.0000
vn 0.0000 0.0000 1.0000
vn 0.0000 0.0000 1.0000
vn 0.0000 0.0000 1.0000
f 4091//4091 4092//4092 4116//4116
f 4091//4091 4116//4116 4115//4115
f 4092//4092 4093//4093 4117//4117
f 4092//4092 4117//4117 4116//4116
f 4093//4093 4094//4094 4118//4118
f 4093//4093 4118//4118 4117//4117
f 4094//4094 4095//4095 4119//4119
f 4094//4094 4119//4119 4118//4118
f 4095//4095 4096//4096 4120//4120
f 4095//4095 4120//4120 4119//4119
f 4096//4096 4097//4097 4121//4121
f 4096//4096 4121//4121 4120//4120
f 4097//4097 4098//4098 4122//4122
f 4097//4097 4122//4122 4121//4121
f 4098//4098 4099//4099 4123//4123
f 4098//4098 4123//4123 4122//4122
f 4099//4099 4100//4100 4124//4124
f 4099//4099 4124//4124 4123//4123
f 4100//4100 4101//4101 4125//4125
f 4100//4100 4125//4125 4124//4124
f 4101//4101 4102//4102 4126//4126
f 4101//4101 4126//4126 4125//4125
f 4102//4102 4103//4103 4127//4127
f 4102//4102 4127//4127 4126//4126
f 4103//4103 4104//4104 4128//4128
f 4103//4103 4128//4128 4127//4127
f 4104//4104 4105//4105 4129//4129
f 4104//4104 4129//4129 4128//4128
f 4105//4105 4106//4106 4130//4130
f 4105//4105 4130//4130 4129//4129
f 4106//4106 4107//4107 4131//4131
f 4106//4106 4131//4131 4130//4130
f 4107//4107 4108//4108 4132//4132
f 4107//4107 4132//4132 4131//4131
f 4108//4108 4109//4109 4133//4133
f 4108//4108 4133//4133 4132//4132
f 4109//4109 4110//4110 4134//4134
f 4109//4109 4134//4134 4133//4133
f 4110//4110 4111//4111 4135//4135
f 4110//4110 4135//4135 4134//4134
f 4111//4111 4112//4112 4136//4136
f 4111//4111 4136//4136 4135//4135
f 4112//4112 4113//4113 4137//4137
f 4112//4112 4137//4137 4136//4136
f 4113//4113 4114//4114 4138//4138
f 4113//4113 4138//4138 4137//4137
f 4114//4114 4091//4091 4115//4115
f 4114//4114 4115//4115 4138//4138
f 4140//4140 4139//4139 4163//4163
f 4141//4141 4140//4140 4163//4163
f 4142//4142 4141//4141 4163//4163
f 4143//4143 4142//4142 4163//4163
f 4144//4144 4143//4143 4163//4163
f 4145//4145 4144//4144 4163//4163
f 4146//4146 4145//4145 4163//4163
f 4147//4147 4146//4146 4163//4163
f 4148//4148 4147//4147 4163//4163
f 4149//4149 4148//4148 4163//4163
f 4150//4150 4149//4149 4163//4163
f 4151//4151 4150//4150 4163//4163
f 4152//4152 4151//4151 4163//4163
f 4153//4153 4152//4152 4163//4163
f 4154//4154 4153//4153 4163//4163
f 4155//4155 4154//4154 4163//4163
f 4156//4156 4155//4155 4163//4163
f 4157//4157 4156//4156 4163//4163
f 4158//4158 4157//4157 4163//4163
f 4159//4159 4158//4158 4163//4163
f 4160//4160 4159//4159 4163//4163
f 4161//4161 4160//4160 4163//4163
f 4162//4162 4161//4161 4163//4163
f 4139//4139 4162//4162 4163//4163
f 4164//4164 4165//4165 4188//4188
f 4165//4165 4166//4166 4188//4188
f 4166//4166 4167//4167 4188//4188
f 4167//4167 4168//4168 4188//4188
f 4168//4168 4169//4169 4188//4188
f 4169//4169 4170//4170 4188//4188
f 4170//4170 4171//4171 4188//4188
f 4171//4171 4172//4172 4188//4188
f 4172//4172 4173//4173 4188//4188
f 4173//4173 4174//4174 4188//4188
f 4174//4174 4175//4175 4188//4188
f 4175//4175 4176//4176 4188//4188
f 4176//4176 4177//4177 4188//4188
f 4177//4177 4178//4178 4188//4188
f 4178//4178 4179//4179 4188//4188
f 4179//4179 4180//4180 4188//4188
f 4180//4180 4181//4181 4188//4188
f 4181//4181 4182//4182 4188//4188
f 4182//4182 4183//4183 4188//4188
f 4183//4183 4184//4184 4188//4188
f 4184//4184 4185//4185 4188//4188
f 4185//4185 4186//4186 4188//4188
f 4186//4186 4187//4187 4188//4188
f 4187//4187 4164//4164 4188//4188
f 4189//4189 4190//4190 4214//4214
f 4189//4189 4214//4214 4213//4213
f 4190//4190 4191//4191 4215//4215
f 4190//4190 4215//4215 4214//4214
f 4191//4191 4192//4192 4216//4216
f 4191//4191 4216//4216 4215//4215
f 4192//4192 4193//4193 4217//4217
f 4192//4192 4217//4217 4216//4216
f 4193//4193 4194//4194 4218//4218
f 4193//4193 4218//4218 4217//4217
f 4194//4194 4195//4195 4219//4219
f 4194//4194 4219//4219 4218//4218
f 4195//4195 4196//4196 4220//4220
f 4195//4195 4220//4220 4219//4219
f 4196//4196 4197//4197 4221//4221
f 4196//4196 4221//4221 4220//4220
f 4197//4197 4198//4198 4222//4222
f 4197//4197 4222//4222 4221//4221
f 4198//4198 4199//4199 4223//4223
f 4198//4198 4223//4223 4222//4222
f 4199//4199 4200//4200 4224//4224
f 4199//4199 4224//4224 4223//4223
f 4200//4200 4201//4201 4225//4225
f 4200//4200 4225//4225 4224//4224
f 4201//4201 4202//4202 4226//4226
f 4201//4201 4226//4226 4225//4225
f 4202//4202 4203//4203 4227//4227
f 4202//4202 4227//4227 4226//4226
f 4203//4203 4204//4204 4228//4228
f 4203//4203 4228//4228 4227//4227
f 4204//4204 4205//4205 4229//4229
f 4204//4204 4229//4229 4228//4228
f 4205//4205 4206//4206 4230//4230
f 4205//4205 4230//4230 4229//4229
f 4206//4206 4207//4207 4231//4231
f 4206//4206 4231//4231 4230//4230
f 4207//4207 4208//4208 4232//4232
f 4207//4207 4232//4232 4231//4231
f 4208//4208 4209//4209 4233//4233
f 4208//4208 4233//4233 4232//4232
f 4209//4209 4210//4210 4234//4234
f 4209//4209 4234//4234 4233//4233
f 4210//4210 4211//4211 4235//4235
f 4210//4210 4235//4235 4234//4234
f 4211//4211 4212//4212 4236//4236
f 4211//4211 4236//4236 4235//4235
f 4212//4212 4189//4189 4213//4213
f 4212//4212 4213//4213 4236//4236
f 4238//4238 4237//4237 4261//4261
f 4239//4239 4238//4238 4261//4261
f 4240//4240 4239//4239 4261//4261
f 4241//4241 4240//4240 4261//4261
f 4242//4242 4241//4241 4261//4261
f 4243//4243 4242//4242 4261//4261
f 4244//4244 4243//4243 4261//4261
f 4245//4245 4244//4244 4261//4261
f 4246//4246 4245//4245 4261//4261
f 4247//4247 4246//4246 4261//4261
f 4248//4248 4247//4247 4261//4261
f 4249//4249 4248//4248 4261//4261
f 4250//4250 4249//4249 4261//4261
f 4251//4251 4250//4250 4261//4261
f 4252//4252 4251//4251 4261//4261
f 4253//4253 4252//4252 4261//4261
f 4254//4254 4253//4253 4261//4261
f 4255//4255 4254//4254 4261//4261
f 4256//4256 4255//4255 4261//4261
f 4257//4257 4256//4256 4261//4261
f 4258//4258 4257//4257 4261//4261
f 4259//4259 4258//4258 4261//4261
f 4260//4260 4259//4259 4261//4261
f 4237//4237 4260//4260 4261//4261
f 4262//4262 4263//4263 4286//4286
f 4263//4263 4264//4264 4286//4286
f 4264//4264 4265//4265 4286//4286
f 4265//4265 4266//4266 4286//4286
f 4266//4266 4267//4267 4286//4286
f 4267//4267 4268//4268 4286//4286
f 4268//4268 4269//4269 4286//4286
f 4269//4269 4270//4270 4286//4286
f 4270//4270 4271//4271 4286//4286
f 4271//4271 4272//4272 4286//4286
f 4272//4272 4273//4273 4286//4286
f 4273//4273 4274//4274 4286//4286
f 4274//4274 4275//4275 4286//4286
f 4275//4275 4276//4276 4286//4286
f 4276//4276 4277//4277 4286//4286
f 4277//4277 4278//4278 4286//4286
f 4278//4278 4279//4279 4286//4286
f 4279//4279 4280//4280 4286//4286
f 4280//4280 4281//4281 4286//4286
f 4281//4281 4282//4282 4286//4286
f 4282//4282 4283//4283 4286//4286
f 4283//4283 4284//4284 4286//4286
f 4284//4284 4285//4285 4286//4286
f 4285//4285 4262//4262 4286//4286
f 4287//4287 4288//4288 4312//4312
f 4287//4287 4312//4312 4311//4311
f 4288//4288 4289//4289 4313//4313
f 4288//4288 4313//4313 4312//4312
f 4289//4289 4290//4290 4314//4314
f 4289//4289 4314//4314 4313//4313
f 4290//4290 4291//4291 4315//4315
f 4290//4290 4315//4315 4314//4314
f 4291//4291 4292//4292 4316//4316
f 4291//4291 4316//4316 4315//4315
f 4292//4292 4293//4293 4317//4317
f 4292//4292 4317//4317 4316//4316
f 4293//4293 4294//4294 4318//4318
f 4293//4293 4318//4318 4317//4317
f 4294//4294 4295//4295 4319//4319
f 4294//4294 4319//4319 4318//4318
f 4295//4295 4296//4296 4320//4320
f 4295//4295 4320//4320 4319//4319
f 4296//4296 4297//4297 4321//4321
f 4296//4296 4321//4321 4320//4320
f 4297//4297 4298//4298 4322//4322
f 4297//4297 4322//4322 4321//4321
f 4298//4298 4299//4299 4323//4323
f 4298//4298 4323//4323 4322//4322
f 4299//4299 4300//4300 4324//4324
f 4299//4299 4324//4324 4323//4323
f 4300//4300 4301//4301 4325//4325
f 4300//4300 4325//4325 4324//4324
f 4301//4301 4302//4302 4326//4326
f 4301//4301 4326//4326 4325//4325
f 4302//4302 4303//4303 4327//4327
f 4302//4302 4327//4327 4326//4326
f 4303//4303 4304//4304 4328//4328
f 4303//4303 4328//4328 4327//4327
f 4304//4304 4305//4305 4329//4329
f 4304//4304 4329//4329 4328//4328
f 4305//4305 4306//4306 4330//4330
f 4305//4305 4330//4330 4329//4329
f 4306//4306 4307//4307 4331//4331
f 4306//4306 4331//4331 4330//4330
f 4307//4307 4308//4308 4332//4332
f 4307//4307 4332//4332 4331//4331
f 4308//4308 4309//4309 4333//4333
f 4308//4308 4333//4333 4332//4332
f 4309//4309 4310//4310 4334//4334
f 4309//4309 4334//4334 4333//4333
f 4310//4310 4287//4287 4311//4311
f 4310//4310 4311//4311 4334//4334
f 4336//4336 4335//4335 4359//4359
f 4337//4337 4336//4336 4359//4359
f 4338//4338 4337//4337 4359//4359
f 4339//4339 4338//4338 4359//4359
f 4340//4340 4339//4339 4359//4359
f 4341//4341 4340//4340 4359//4359
f 4342//4342 4341//4341 4359//4359
f 4343//4343 4342//4342 4359//4359
f 4344//4344 4343//4343 4359//4359
f 4345//4345 4344//4344 4359//4359
f 4346//4346 4345//4345 4359//4359
f 4347//4347 4346//4346 4359//4359
f 4348//4348 4347//4347 4359//4359
f 4349//4349 4348//4348 4359//4359
f 4350//4350 4349//4349 4359//4359
f 4351//4351 4350//4350 4359//4359
f 4352//4352 4351//4351 4359//4359
f 4353//4353 4352//4352 4359//4359
f 4354//4354 4353//4353 4359//4359
f 4355//4355 4354//4354 4359//4359
f 4356//4356 4355//4355 4359//4359
f 4357//4357 4356//4356 4359//4359
f 4358//4358 4357//4357 4359//4359
f 4335//4335 4358//4358 4359//4359
f 4360//4360 4361//4361 4384//4384
f 4361//4361 4362//4362 4384//4384
f 4362//4362 4363//4363 4384//4384
f 4363//4363 4364//4364 4384//4384
f 4364//4364 4365//4365 4384//4384
f 4365//4365 4366//4366 4384//4384
f 4366//4366 4367//4367 4384//4384
f 4367//4367 4368//4368 4384//4384
f 4368//4368 4369//4369 4384//4384
f 4369//4369 4370//4370 4384//4384
f 4370//4370 4371//4371 4384//4384
f 4371//4371 4372//4372 4384//4384
f 4372//4372 4373//4373 4384//4384
f 4373//4373 4374//4374 4384//4384
f 4374//4374 4375//4375 4384//4384
f 4375//4375 4376//4376 4384//4384
f 4376//4376 4377//4377 4384//4384
f 4377//4377 4378//4378 4384//4384
f 4378//4378 4379//4379 4384//4384
f 4379//4379 4380//4380 4384//4384
f 4380//4380 4381//4381 4384//4384
f 4381//4381 4382//4382 4384//4384
f 4382//4382 4383//4383 4384//4384
f 4383//4383 4360//4360 4384//4384
f 4385//4385 4386//4386 4402//4402
f 4385//4385 4402//4402 4401//4401
f 4386//4386 4387//4387 4403//4403
f 4386//4386 4403//4403 4402//4402
f 4387//4387 4388//4388 4404//4404
f 4387//4387 4404//4404 4403//4403
f 4388//4388 4389//4389 4405//4405
f 4388//4388 4405//4405 4404//4404
f 4389//4389 4390//4390 4406//4406
f 4389//4389 4406//4406 4405//4405
f 4390//4390 4391//4391 4407//4407
f 4390//4390 4407//4407 4406//4406
f 4391//4391 4392//4392 4408//4408
f 4391//4391 4408//4408 4407//4407
f 4392//4392 4393//4393 4409//4409
f 4392//4392 4409//4409 4408//4408
f 4393//4393 4394//4394 4410//4410
f 4393//4393 4410//4410 4409//4409
f 4394//4394 4395//4395 4411//4411
f 4394//4394 4411//4411 4410//4410
f 4395//4395 4396//4396 4412//4412
f 4395//4395 4412//4412 4411//4411
f 4396//4396 4397//4397 4413//4413
f 4396//4396 4413//4413 4412//4412
f 4397//4397 4398//4398 4414//4414
f 4397//4397 4414//4414 4413//4413
f 4398//4398 4399//4399 4415//4415
f 4398//4398 4415//4415 4414//4414
f 4399//4399 4400//4400 4416//4416
f 4399//4399 4416//4416 4415//4415
f 4400//4400 4385//4385 4401//4401
f 4400//4400 4401//4401 4416//4416
f 4418//4418 4417//4417 4433//4433
f 4419//4419 4418//4418 4433//4433
f 4420//4420 4419//4419 4433//4433
f 4421//4421 4420//4420 4433//4433
f 4422//4422 4421//4421 4433//4433
f 4423//4423 4422//4422 4433//4433
f 4424//4424 4423//4423 4433//4433
f 4425//4425 4424//4424 4433//4433
f 4426//4426 4425//4425 4433//4433
f 4427//4427 4426//4426 4433//4433
f 4428//4428 4427//4427 4433//4433
f 4429//4429 4428//4428 4433//4433
f 4430//4430 4429//4429 4433//4433
f 4431//4431 4430//4430 4433//4433
f 4432//4432 4431//4431 4433//4433
f 4417//4417 4432//4432 4433//4433
f 4434//4434 4435//4435 4450//4450
f 4435//4435 4436//4436 4450//4450
f 4436//4436 4437//4437 4450//4450
f 4437//4437 4438//4438 4450//4450
f 4438//4438 4439//4439 4450//4450
f 4439//4439 4440//4440 4450//4450
f 4440//4440 4441//4441 4450//4450
f 4441//4441 4442//4442 4450//4450
f 4442//4442 4443//4443 4450//4450
f 4443//4443 4444//4444 4450//4450
f 4444//4444 4445//4445 4450//4450
f 4445//4445 4446//4446 4450//4450
f 4446//4446 4447//4447 4450//4450
f 4447//4447 4448//4448 4450//4450
f 4448//4448 4449//4449 4450//4450
f 4449//4449 4434//4434 4450//4450

o IM_Torpedo_Mouth
g 04_TorpedoCar
usemtl Molten_Iron
s 1
v 27.3500 5.0000 7.8000
v 27.2472 5.5166 7.8000
v 26.9546 5.9546 7.8000
v 26.5166 6.2472 7.8000
v 26.0000 6.3500 7.8000
v 25.4834 6.2472 7.8000
v 25.0454 5.9546 7.8000
v 24.7528 5.5166 7.8000
v 24.6500 5.0000 7.8000
v 24.7528 4.4834 7.8000
v 25.0454 4.0454 7.8000
v 25.4834 3.7528 7.8000
v 26.0000 3.6500 7.8000
v 26.5166 3.7528 7.8000
v 26.9546 4.0454 7.8000
v 27.2472 4.4834 7.8000
v 27.3500 5.0000 7.9000
v 27.2472 5.5166 7.9000
v 26.9546 5.9546 7.9000
v 26.5166 6.2472 7.9000
v 26.0000 6.3500 7.9000
v 25.4834 6.2472 7.9000
v 25.0454 5.9546 7.9000
v 24.7528 5.5166 7.9000
v 24.6500 5.0000 7.9000
v 24.7528 4.4834 7.9000
v 25.0454 4.0454 7.9000
v 25.4834 3.7528 7.9000
v 26.0000 3.6500 7.9000
v 26.5166 3.7528 7.9000
v 26.9546 4.0454 7.9000
v 27.2472 4.4834 7.9000
v 27.3500 5.0000 7.8000
v 27.2472 5.5166 7.8000
v 26.9546 5.9546 7.8000
v 26.5166 6.2472 7.8000
v 26.0000 6.3500 7.8000
v 25.4834 6.2472 7.8000
v 25.0454 5.9546 7.8000
v 24.7528 5.5166 7.8000
v 24.6500 5.0000 7.8000
v 24.7528 4.4834 7.8000
v 25.0454 4.0454 7.8000
v 25.4834 3.7528 7.8000
v 26.0000 3.6500 7.8000
v 26.5166 3.7528 7.8000
v 26.9546 4.0454 7.8000
v 27.2472 4.4834 7.8000
v 26.0000 5.0000 7.8000
v 27.3500 5.0000 7.9000
v 27.2472 5.5166 7.9000
v 26.9546 5.9546 7.9000
v 26.5166 6.2472 7.9000
v 26.0000 6.3500 7.9000
v 25.4834 6.2472 7.9000
v 25.0454 5.9546 7.9000
v 24.7528 5.5166 7.9000
v 24.6500 5.0000 7.9000
v 24.7528 4.4834 7.9000
v 25.0454 4.0454 7.9000
v 25.4834 3.7528 7.9000
v 26.0000 3.6500 7.9000
v 26.5166 3.7528 7.9000
v 26.9546 4.0454 7.9000
v 27.2472 4.4834 7.9000
v 26.0000 5.0000 7.9000
vn 0.9978 0.0662 0.0000
vn 0.8965 0.4430 0.0000
vn 0.6588 0.7523 0.0000
vn 0.3207 0.9472 0.0000
vn -0.0662 0.9978 0.0000
vn -0.4430 0.8965 0.0000
vn -0.7523 0.6588 0.0000
vn -0.9472 0.3207 0.0000
vn -0.9978 -0.0662 0.0000
vn -0.8965 -0.4430 0.0000
vn -0.6588 -0.7523 0.0000
vn -0.3207 -0.9472 0.0000
vn 0.0662 -0.9978 0.0000
vn 0.4430 -0.8965 0.0000
vn 0.7523 -0.6588 0.0000
vn 0.9472 -0.3207 0.0000
vn 0.9978 -0.0662 0.0000
vn 0.9472 0.3207 0.0000
vn 0.7523 0.6588 0.0000
vn 0.4430 0.8965 0.0000
vn 0.0662 0.9978 0.0000
vn -0.3207 0.9472 0.0000
vn -0.6588 0.7523 0.0000
vn -0.8965 0.4430 0.0000
vn -0.9978 0.0662 0.0000
vn -0.9472 -0.3207 0.0000
vn -0.7523 -0.6588 0.0000
vn -0.4430 -0.8965 0.0000
vn -0.0662 -0.9978 0.0000
vn 0.3207 -0.9472 0.0000
vn 0.6588 -0.7523 0.0000
vn 0.8965 -0.4430 0.0000
vn 0.0000 0.0000 -1.0000
vn 0.0000 0.0000 -1.0000
vn 0.0000 0.0000 -1.0000
vn 0.0000 0.0000 -1.0000
vn 0.0000 0.0000 -1.0000
vn 0.0000 0.0000 -1.0000
vn 0.0000 0.0000 -1.0000
vn 0.0000 0.0000 -1.0000
vn 0.0000 0.0000 -1.0000
vn 0.0000 0.0000 -1.0000
vn 0.0000 0.0000 -1.0000
vn 0.0000 0.0000 -1.0000
vn 0.0000 0.0000 -1.0000
vn 0.0000 0.0000 -1.0000
vn 0.0000 0.0000 -1.0000
vn 0.0000 0.0000 -1.0000
vn 0.0000 0.0000 -1.0000
vn 0.0000 0.0000 1.0000
vn 0.0000 0.0000 1.0000
vn 0.0000 0.0000 1.0000
vn 0.0000 0.0000 1.0000
vn 0.0000 0.0000 1.0000
vn 0.0000 0.0000 1.0000
vn 0.0000 0.0000 1.0000
vn 0.0000 0.0000 1.0000
vn 0.0000 0.0000 1.0000
vn 0.0000 0.0000 1.0000
vn 0.0000 0.0000 1.0000
vn 0.0000 0.0000 1.0000
vn 0.0000 0.0000 1.0000
vn 0.0000 0.0000 1.0000
vn 0.0000 0.0000 1.0000
vn 0.0000 0.0000 1.0000
vn 0.0000 0.0000 1.0000
f 4451//4451 4452//4452 4468//4468
f 4451//4451 4468//4468 4467//4467
f 4452//4452 4453//4453 4469//4469
f 4452//4452 4469//4469 4468//4468
f 4453//4453 4454//4454 4470//4470
f 4453//4453 4470//4470 4469//4469
f 4454//4454 4455//4455 4471//4471
f 4454//4454 4471//4471 4470//4470
f 4455//4455 4456//4456 4472//4472
f 4455//4455 4472//4472 4471//4471
f 4456//4456 4457//4457 4473//4473
f 4456//4456 4473//4473 4472//4472
f 4457//4457 4458//4458 4474//4474
f 4457//4457 4474//4474 4473//4473
f 4458//4458 4459//4459 4475//4475
f 4458//4458 4475//4475 4474//4474
f 4459//4459 4460//4460 4476//4476
f 4459//4459 4476//4476 4475//4475
f 4460//4460 4461//4461 4477//4477
f 4460//4460 4477//4477 4476//4476
f 4461//4461 4462//4462 4478//4478
f 4461//4461 4478//4478 4477//4477
f 4462//4462 4463//4463 4479//4479
f 4462//4462 4479//4479 4478//4478
f 4463//4463 4464//4464 4480//4480
f 4463//4463 4480//4480 4479//4479
f 4464//4464 4465//4465 4481//4481
f 4464//4464 4481//4481 4480//4480
f 4465//4465 4466//4466 4482//4482
f 4465//4465 4482//4482 4481//4481
f 4466//4466 4451//4451 4467//4467
f 4466//4466 4467//4467 4482//4482
f 4484//4484 4483//4483 4499//4499
f 4485//4485 4484//4484 4499//4499
f 4486//4486 4485//4485 4499//4499
f 4487//4487 4486//4486 4499//4499
f 4488//4488 4487//4487 4499//4499
f 4489//4489 4488//4488 4499//4499
f 4490//4490 4489//4489 4499//4499
f 4491//4491 4490//4490 4499//4499
f 4492//4492 4491//4491 4499//4499
f 4493//4493 4492//4492 4499//4499
f 4494//4494 4493//4493 4499//4499
f 4495//4495 4494//4494 4499//4499
f 4496//4496 4495//4495 4499//4499
f 4497//4497 4496//4496 4499//4499
f 4498//4498 4497//4497 4499//4499
f 4483//4483 4498//4498 4499//4499
f 4500//4500 4501//4501 4516//4516
f 4501//4501 4502//4502 4516//4516
f 4502//4502 4503//4503 4516//4516
f 4503//4503 4504//4504 4516//4516
f 4504//4504 4505//4505 4516//4516
f 4505//4505 4506//4506 4516//4516
f 4506//4506 4507//4507 4516//4516
f 4507//4507 4508//4508 4516//4516
f 4508//4508 4509//4509 4516//4516
f 4509//4509 4510//4510 4516//4516
f 4510//4510 4511//4511 4516//4516
f 4511//4511 4512//4512 4516//4516
f 4512//4512 4513//4513 4516//4516
f 4513//4513 4514//4514 4516//4516
f 4514//4514 4515//4515 4516//4516
f 4515//4515 4500//4500 4516//4516

o IM_Torpedo_Bogies
g 04_TorpedoCar
usemtl Steel_Dark
s 1
v 15.5000 3.5000 1.5000
v 15.5000 3.5000 2.8000
v 15.5000 6.5000 2.8000
v 15.5000 6.5000 1.5000
v 19.5000 3.5000 1.5000
v 19.5000 6.5000 1.5000
v 19.5000 6.5000 2.8000
v 19.5000 3.5000 2.8000
v 15.5000 3.5000 1.5000
v 19.5000 3.5000 1.5000
v 19.5000 3.5000 2.8000
v 15.5000 3.5000 2.8000
v 15.5000 6.5000 1.5000
v 15.5000 6.5000 2.8000
v 19.5000 6.5000 2.8000
v 19.5000 6.5000 1.5000
v 15.5000 3.5000 1.5000
v 15.5000 6.5000 1.5000
v 19.5000 6.5000 1.5000
v 19.5000 3.5000 1.5000
v 15.5000 3.5000 2.8000
v 19.5000 3.5000 2.8000
v 19.5000 6.5000 2.8000
v 15.5000 6.5000 2.8000
v 16.8000 4.3000 2.8000
v 16.8000 4.3000 3.8000
v 16.8000 5.7000 3.8000
v 16.8000 5.7000 2.8000
v 18.2000 4.3000 2.8000
v 18.2000 5.7000 2.8000
v 18.2000 5.7000 3.8000
v 18.2000 4.3000 3.8000
v 16.8000 4.3000 2.8000
v 18.2000 4.3000 2.8000
v 18.2000 4.3000 3.8000
v 16.8000 4.3000 3.8000
v 16.8000 5.7000 2.8000
v 16.8000 5.7000 3.8000
v 18.2000 5.7000 3.8000
v 18.2000 5.7000 2.8000
v 16.8000 4.3000 2.8000
v 16.8000 5.7000 2.8000
v 18.2000 5.7000 2.8000
v 18.2000 4.3000 2.8000
v 16.8000 4.3000 3.8000
v 18.2000 4.3000 3.8000
v 18.2000 5.7000 3.8000
v 16.8000 5.7000 3.8000
v 32.5000 3.5000 1.5000
v 32.5000 3.5000 2.8000
v 32.5000 6.5000 2.8000
v 32.5000 6.5000 1.5000
v 36.5000 3.5000 1.5000
v 36.5000 6.5000 1.5000
v 36.5000 6.5000 2.8000
v 36.5000 3.5000 2.8000
v 32.5000 3.5000 1.5000
v 36.5000 3.5000 1.5000
v 36.5000 3.5000 2.8000
v 32.5000 3.5000 2.8000
v 32.5000 6.5000 1.5000
v 32.5000 6.5000 2.8000
v 36.5000 6.5000 2.8000
v 36.5000 6.5000 1.5000
v 32.5000 3.5000 1.5000
v 32.5000 6.5000 1.5000
v 36.5000 6.5000 1.5000
v 36.5000 3.5000 1.5000
v 32.5000 3.5000 2.8000
v 36.5000 3.5000 2.8000
v 36.5000 6.5000 2.8000
v 32.5000 6.5000 2.8000
v 33.8000 4.3000 2.8000
v 33.8000 4.3000 3.8000
v 33.8000 5.7000 3.8000
v 33.8000 5.7000 2.8000
v 35.2000 4.3000 2.8000
v 35.2000 5.7000 2.8000
v 35.2000 5.7000 3.8000
v 35.2000 4.3000 3.8000
v 33.8000 4.3000 2.8000
v 35.2000 4.3000 2.8000
v 35.2000 4.3000 3.8000
v 33.8000 4.3000 3.8000
v 33.8000 5.7000 2.8000
v 33.8000 5.7000 3.8000
v 35.2000 5.7000 3.8000
v 35.2000 5.7000 2.8000
v 33.8000 4.3000 2.8000
v 33.8000 5.7000 2.8000
v 35.2000 5.7000 2.8000
v 35.2000 4.3000 2.8000
v 33.8000 4.3000 3.8000
v 35.2000 4.3000 3.8000
v 35.2000 5.7000 3.8000
v 33.8000 5.7000 3.8000
vn -1.0000 0.0000 0.0000
vn -1.0000 0.0000 0.0000
vn -1.0000 0.0000 0.0000
vn -1.0000 0.0000 0.0000
vn 1.0000 0.0000 0.0000
vn 1.0000 0.0000 0.0000
vn 1.0000 0.0000 0.0000
vn 1.0000 0.0000 0.0000
vn 0.0000 -1.0000 0.0000
vn 0.0000 -1.0000 0.0000
vn 0.0000 -1.0000 0.0000
vn 0.0000 -1.0000 0.0000
vn 0.0000 1.0000 0.0000
vn 0.0000 1.0000 0.0000
vn 0.0000 1.0000 0.0000
vn 0.0000 1.0000 0.0000
vn 0.0000 0.0000 -1.0000
vn 0.0000 0.0000 -1.0000
vn 0.0000 0.0000 -1.0000
vn 0.0000 0.0000 -1.0000
vn 0.0000 0.0000 1.0000
vn 0.0000 0.0000 1.0000
vn 0.0000 0.0000 1.0000
vn 0.0000 0.0000 1.0000
vn -1.0000 0.0000 0.0000
vn -1.0000 0.0000 0.0000
vn -1.0000 0.0000 0.0000
vn -1.0000 0.0000 0.0000
vn 1.0000 0.0000 0.0000
vn 1.0000 0.0000 0.0000
vn 1.0000 0.0000 0.0000
vn 1.0000 0.0000 0.0000
vn 0.0000 -1.0000 0.0000
vn 0.0000 -1.0000 0.0000
vn 0.0000 -1.0000 0.0000
vn 0.0000 -1.0000 0.0000
vn 0.0000 1.0000 0.0000
vn 0.0000 1.0000 0.0000
vn 0.0000 1.0000 0.0000
vn 0.0000 1.0000 0.0000
vn 0.0000 0.0000 -1.0000
vn 0.0000 0.0000 -1.0000
vn 0.0000 0.0000 -1.0000
vn 0.0000 0.0000 -1.0000
vn 0.0000 0.0000 1.0000
vn 0.0000 0.0000 1.0000
vn 0.0000 0.0000 1.0000
vn 0.0000 0.0000 1.0000
vn -1.0000 0.0000 0.0000
vn -1.0000 0.0000 0.0000
vn -1.0000 0.0000 0.0000
vn -1.0000 0.0000 0.0000
vn 1.0000 0.0000 0.0000
vn 1.0000 0.0000 0.0000
vn 1.0000 0.0000 0.0000
vn 1.0000 0.0000 0.0000
vn 0.0000 -1.0000 0.0000
vn 0.0000 -1.0000 0.0000
vn 0.0000 -1.0000 0.0000
vn 0.0000 -1.0000 0.0000
vn 0.0000 1.0000 0.0000
vn 0.0000 1.0000 0.0000
vn 0.0000 1.0000 0.0000
vn 0.0000 1.0000 0.0000
vn 0.0000 0.0000 -1.0000
vn 0.0000 0.0000 -1.0000
vn 0.0000 0.0000 -1.0000
vn 0.0000 0.0000 -1.0000
vn 0.0000 0.0000 1.0000
vn 0.0000 0.0000 1.0000
vn 0.0000 0.0000 1.0000
vn 0.0000 0.0000 1.0000
vn -1.0000 0.0000 0.0000
vn -1.0000 0.0000 0.0000
vn -1.0000 0.0000 0.0000
vn -1.0000 0.0000 0.0000
vn 1.0000 0.0000 0.0000
vn 1.0000 0.0000 0.0000
vn 1.0000 0.0000 0.0000
vn 1.0000 0.0000 0.0000
vn 0.0000 -1.0000 0.0000
vn 0.0000 -1.0000 0.0000
vn 0.0000 -1.0000 0.0000
vn 0.0000 -1.0000 0.0000
vn 0.0000 1.0000 0.0000
vn 0.0000 1.0000 0.0000
vn 0.0000 1.0000 0.0000
vn 0.0000 1.0000 0.0000
vn 0.0000 0.0000 -1.0000
vn 0.0000 0.0000 -1.0000
vn 0.0000 0.0000 -1.0000
vn 0.0000 0.0000 -1.0000
vn 0.0000 0.0000 1.0000
vn 0.0000 0.0000 1.0000
vn 0.0000 0.0000 1.0000
vn 0.0000 0.0000 1.0000
f 4517//4517 4518//4518 4519//4519
f 4517//4517 4519//4519 4520//4520
f 4521//4521 4522//4522 4523//4523
f 4521//4521 4523//4523 4524//4524
f 4525//4525 4526//4526 4527//4527
f 4525//4525 4527//4527 4528//4528
f 4529//4529 4530//4530 4531//4531
f 4529//4529 4531//4531 4532//4532
f 4533//4533 4534//4534 4535//4535
f 4533//4533 4535//4535 4536//4536
f 4537//4537 4538//4538 4539//4539
f 4537//4537 4539//4539 4540//4540
f 4541//4541 4542//4542 4543//4543
f 4541//4541 4543//4543 4544//4544
f 4545//4545 4546//4546 4547//4547
f 4545//4545 4547//4547 4548//4548
f 4549//4549 4550//4550 4551//4551
f 4549//4549 4551//4551 4552//4552
f 4553//4553 4554//4554 4555//4555
f 4553//4553 4555//4555 4556//4556
f 4557//4557 4558//4558 4559//4559
f 4557//4557 4559//4559 4560//4560
f 4561//4561 4562//4562 4563//4563
f 4561//4561 4563//4563 4564//4564
f 4565//4565 4566//4566 4567//4567
f 4565//4565 4567//4567 4568//4568
f 4569//4569 4570//4570 4571//4571
f 4569//4569 4571//4571 4572//4572
f 4573//4573 4574//4574 4575//4575
f 4573//4573 4575//4575 4576//4576
f 4577//4577 4578//4578 4579//4579
f 4577//4577 4579//4579 4580//4580
f 4581//4581 4582//4582 4583//4583
f 4581//4581 4583//4583 4584//4584
f 4585//4585 4586//4586 4587//4587
f 4585//4585 4587//4587 4588//4588
f 4589//4589 4590//4590 4591//4591
f 4589//4589 4591//4591 4592//4592
f 4593//4593 4594//4594 4595//4595
f 4593//4593 4595//4595 4596//4596
f 4597//4597 4598//4598 4599//4599
f 4597//4597 4599//4599 4600//4600
f 4601//4601 4602//4602 4603//4603
f 4601//4601 4603//4603 4604//4604
f 4605//4605 4606//4606 4607//4607
f 4605//4605 4607//4607 4608//4608
f 4609//4609 4610//4610 4611//4611
f 4609//4609 4611//4611 4612//4612

o IM_Torpedo_Wheels
g 04_TorpedoCar
usemtl Rail
s 1
v 16.8500 4.2250 1.8500
v 16.7955 4.2250 1.6114
v 16.6429 4.2250 1.4200
v 16.4224 4.2250 1.3138
v 16.1776 4.2250 1.3138
v 15.9571 4.2250 1.4200
v 15.8045 4.2250 1.6114
v 15.7500 4.2250 1.8500
v 15.8045 4.2250 2.0886
v 15.9571 4.2250 2.2800
v 16.1776 4.2250 2.3862
v 16.4224 4.2250 2.3862
v 16.6429 4.2250 2.2800
v 16.7955 4.2250 2.0886
v 16.8500 4.4750 1.8500
v 16.7955 4.4750 1.6114
v 16.6429 4.4750 1.4200
v 16.4224 4.4750 1.3138
v 16.1776 4.4750 1.3138
v 15.9571 4.4750 1.4200
v 15.8045 4.4750 1.6114
v 15.7500 4.4750 1.8500
v 15.8045 4.4750 2.0886
v 15.9571 4.4750 2.2800
v 16.1776 4.4750 2.3862
v 16.4224 4.4750 2.3862
v 16.6429 4.4750 2.2800
v 16.7955 4.4750 2.0886
v 16.8500 4.2250 1.8500
v 16.7955 4.2250 1.6114
v 16.6429 4.2250 1.4200
v 16.4224 4.2250 1.3138
v 16.1776 4.2250 1.3138
v 15.9571 4.2250 1.4200
v 15.8045 4.2250 1.6114
v 15.7500 4.2250 1.8500
v 15.8045 4.2250 2.0886
v 15.9571 4.2250 2.2800
v 16.1776 4.2250 2.3862
v 16.4224 4.2250 2.3862
v 16.6429 4.2250 2.2800
v 16.7955 4.2250 2.0886
v 16.3000 4.2250 1.8500
v 16.8500 4.4750 1.8500
v 16.7955 4.4750 1.6114
v 16.6429 4.4750 1.4200
v 16.4224 4.4750 1.3138
v 16.1776 4.4750 1.3138
v 15.9571 4.4750 1.4200
v 15.8045 4.4750 1.6114
v 15.7500 4.4750 1.8500
v 15.8045 4.4750 2.0886
v 15.9571 4.4750 2.2800
v 16.1776 4.4750 2.3862
v 16.4224 4.4750 2.3862
v 16.6429 4.4750 2.2800
v 16.7955 4.4750 2.0886
v 16.3000 4.4750 1.8500
v 16.8500 6.0250 1.8500
v 16.7955 6.0250 1.6114
v 16.6429 6.0250 1.4200
v 16.4224 6.0250 1.3138
v 16.1776 6.0250 1.3138
v 15.9571 6.0250 1.4200
v 15.8045 6.0250 1.6114
v 15.7500 6.0250 1.8500
v 15.8045 6.0250 2.0886
v 15.9571 6.0250 2.2800
v 16.1776 6.0250 2.3862
v 16.4224 6.0250 2.3862
v 16.6429 6.0250 2.2800
v 16.7955 6.0250 2.0886
v 16.8500 6.2750 1.8500
v 16.7955 6.2750 1.6114
v 16.6429 6.2750 1.4200
v 16.4224 6.2750 1.3138
v 16.1776 6.2750 1.3138
v 15.9571 6.2750 1.4200
v 15.8045 6.2750 1.6114
v 15.7500 6.2750 1.8500
v 15.8045 6.2750 2.0886
v 15.9571 6.2750 2.2800
v 16.1776 6.2750 2.3862
v 16.4224 6.2750 2.3862
v 16.6429 6.2750 2.2800
v 16.7955 6.2750 2.0886
v 16.8500 6.0250 1.8500
v 16.7955 6.0250 1.6114
v 16.6429 6.0250 1.4200
v 16.4224 6.0250 1.3138
v 16.1776 6.0250 1.3138
v 15.9571 6.0250 1.4200
v 15.8045 6.0250 1.6114
v 15.7500 6.0250 1.8500
v 15.8045 6.0250 2.0886
v 15.9571 6.0250 2.2800
v 16.1776 6.0250 2.3862
v 16.4224 6.0250 2.3862
v 16.6429 6.0250 2.2800
v 16.7955 6.0250 2.0886
v 16.3000 6.0250 1.8500
v 16.8500 6.2750 1.8500
v 16.7955 6.2750 1.6114
v 16.6429 6.2750 1.4200
v 16.4224 6.2750 1.3138
v 16.1776 6.2750 1.3138
v 15.9571 6.2750 1.4200
v 15.8045 6.2750 1.6114
v 15.7500 6.2750 1.8500
v 15.8045 6.2750 2.0886
v 15.9571 6.2750 2.2800
v 16.1776 6.2750 2.3862
v 16.4224 6.2750 2.3862
v 16.6429 6.2750 2.2800
v 16.7955 6.2750 2.0886
v 16.3000 6.2750 1.8500
v 19.2500 4.2250 1.8500
v 19.1955 4.2250 1.6114
v 19.0429 4.2250 1.4200
v 18.8224 4.2250 1.3138
v 18.5776 4.2250 1.3138
v 18.3571 4.2250 1.4200
v 18.2045 4.2250 1.6114
v 18.1500 4.2250 1.8500
v 18.2045 4.2250 2.0886
v 18.3571 4.2250 2.2800
v 18.5776 4.2250 2.3862
v 18.8224 4.2250 2.3862
v 19.0429 4.2250 2.2800
v 19.1955 4.2250 2.0886
v 19.2500 4.4750 1.8500
v 19.1955 4.4750 1.6114
v 19.0429 4.4750 1.4200
v 18.8224 4.4750 1.3138
v 18.5776 4.4750 1.3138
v 18.3571 4.4750 1.4200
v 18.2045 4.4750 1.6114
v 18.1500 4.4750 1.8500
v 18.2045 4.4750 2.0886
v 18.3571 4.4750 2.2800
v 18.5776 4.4750 2.3862
v 18.8224 4.4750 2.3862
v 19.0429 4.4750 2.2800
v 19.1955 4.4750 2.0886
v 19.2500 4.2250 1.8500
v 19.1955 4.2250 1.6114
v 19.0429 4.2250 1.4200
v 18.8224 4.2250 1.3138
v 18.5776 4.2250 1.3138
v 18.3571 4.2250 1.4200
v 18.2045 4.2250 1.6114
v 18.1500 4.2250 1.8500
v 18.2045 4.2250 2.0886
v 18.3571 4.2250 2.2800
v 18.5776 4.2250 2.3862
v 18.8224 4.2250 2.3862
v 19.0429 4.2250 2.2800
v 19.1955 4.2250 2.0886
v 18.7000 4.2250 1.8500
v 19.2500 4.4750 1.8500
v 19.1955 4.4750 1.6114
v 19.0429 4.4750 1.4200
v 18.8224 4.4750 1.3138
v 18.5776 4.4750 1.3138
v 18.3571 4.4750 1.4200
v 18.2045 4.4750 1.6114
v 18.1500 4.4750 1.8500
v 18.2045 4.4750 2.0886
v 18.3571 4.4750 2.2800
v 18.5776 4.4750 2.3862
v 18.8224 4.4750 2.3862
v 19.0429 4.4750 2.2800
v 19.1955 4.4750 2.0886
v 18.7000 4.4750 1.8500
v 19.2500 6.0250 1.8500
v 19.1955 6.0250 1.6114
v 19.0429 6.0250 1.4200
v 18.8224 6.0250 1.3138
v 18.5776 6.0250 1.3138
v 18.3571 6.0250 1.4200
v 18.2045 6.0250 1.6114
v 18.1500 6.0250 1.8500
v 18.2045 6.0250 2.0886
v 18.3571 6.0250 2.2800
v 18.5776 6.0250 2.3862
v 18.8224 6.0250 2.3862
v 19.0429 6.0250 2.2800
v 19.1955 6.0250 2.0886
v 19.2500 6.2750 1.8500
v 19.1955 6.2750 1.6114
v 19.0429 6.2750 1.4200
v 18.8224 6.2750 1.3138
v 18.5776 6.2750 1.3138
v 18.3571 6.2750 1.4200
v 18.2045 6.2750 1.6114
v 18.1500 6.2750 1.8500
v 18.2045 6.2750 2.0886
v 18.3571 6.2750 2.2800
v 18.5776 6.2750 2.3862
v 18.8224 6.2750 2.3862
v 19.0429 6.2750 2.2800
v 19.1955 6.2750 2.0886
v 19.2500 6.0250 1.8500
v 19.1955 6.0250 1.6114
v 19.0429 6.0250 1.4200
v 18.8224 6.0250 1.3138
v 18.5776 6.0250 1.3138
v 18.3571 6.0250 1.4200
v 18.2045 6.0250 1.6114
v 18.1500 6.0250 1.8500
v 18.2045 6.0250 2.0886
v 18.3571 6.0250 2.2800
v 18.5776 6.0250 2.3862
v 18.8224 6.0250 2.3862
v 19.0429 6.0250 2.2800
v 19.1955 6.0250 2.0886
v 18.7000 6.0250 1.8500
v 19.2500 6.2750 1.8500
v 19.1955 6.2750 1.6114
v 19.0429 6.2750 1.4200
v 18.8224 6.2750 1.3138
v 18.5776 6.2750 1.3138
v 18.3571 6.2750 1.4200
v 18.2045 6.2750 1.6114
v 18.1500 6.2750 1.8500
v 18.2045 6.2750 2.0886
v 18.3571 6.2750 2.2800
v 18.5776 6.2750 2.3862
v 18.8224 6.2750 2.3862
v 19.0429 6.2750 2.2800
v 19.1955 6.2750 2.0886
v 18.7000 6.2750 1.8500
v 33.8500 4.2250 1.8500
v 33.7955 4.2250 1.6114
v 33.6429 4.2250 1.4200
v 33.4224 4.2250 1.3138
v 33.1776 4.2250 1.3138
v 32.9571 4.2250 1.4200
v 32.8045 4.2250 1.6114
v 32.7500 4.2250 1.8500
v 32.8045 4.2250 2.0886
v 32.9571 4.2250 2.2800
v 33.1776 4.2250 2.3862
v 33.4224 4.2250 2.3862
v 33.6429 4.2250 2.2800
v 33.7955 4.2250 2.0886
v 33.8500 4.4750 1.8500
v 33.7955 4.4750 1.6114
v 33.6429 4.4750 1.4200
v 33.4224 4.4750 1.3138
v 33.1776 4.4750 1.3138
v 32.9571 4.4750 1.4200
v 32.8045 4.4750 1.6114
v 32.7500 4.4750 1.8500
v 32.8045 4.4750 2.0886
v 32.9571 4.4750 2.2800
v 33.1776 4.4750 2.3862
v 33.4224 4.4750 2.3862
v 33.6429 4.4750 2.2800
v 33.7955 4.4750 2.0886
v 33.8500 4.2250 1.8500
v 33.7955 4.2250 1.6114
v 33.6429 4.2250 1.4200
v 33.4224 4.2250 1.3138
v 33.1776 4.2250 1.3138
v 32.9571 4.2250 1.4200
v 32.8045 4.2250 1.6114
v 32.7500 4.2250 1.8500
v 32.8045 4.2250 2.0886
v 32.9571 4.2250 2.2800
v 33.1776 4.2250 2.3862
v 33.4224 4.2250 2.3862
v 33.6429 4.2250 2.2800
v 33.7955 4.2250 2.0886
v 33.3000 4.2250 1.8500
v 33.8500 4.4750 1.8500
v 33.7955 4.4750 1.6114
v 33.6429 4.4750 1.4200
v 33.4224 4.4750 1.3138
v 33.1776 4.4750 1.3138
v 32.9571 4.4750 1.4200
v 32.8045 4.4750 1.6114
v 32.7500 4.4750 1.8500
v 32.8045 4.4750 2.0886
v 32.9571 4.4750 2.2800
v 33.1776 4.4750 2.3862
v 33.4224 4.4750 2.3862
v 33.6429 4.4750 2.2800
v 33.7955 4.4750 2.0886
v 33.3000 4.4750 1.8500
v 33.8500 6.0250 1.8500
v 33.7955 6.0250 1.6114
v 33.6429 6.0250 1.4200
v 33.4224 6.0250 1.3138
v 33.1776 6.0250 1.3138
v 32.9571 6.0250 1.4200
v 32.8045 6.0250 1.6114
v 32.7500 6.0250 1.8500
v 32.8045 6.0250 2.0886
v 32.9571 6.0250 2.2800
v 33.1776 6.0250 2.3862
v 33.4224 6.0250 2.3862
v 33.6429 6.0250 2.2800
v 33.7955 6.0250 2.0886
v 33.8500 6.2750 1.8500
v 33.7955 6.2750 1.6114
v 33.6429 6.2750 1.4200
v 33.4224 6.2750 1.3138
v 33.1776 6.2750 1.3138
v 32.9571 6.2750 1.4200
v 32.8045 6.2750 1.6114
v 32.7500 6.2750 1.8500
v 32.8045 6.2750 2.0886
v 32.9571 6.2750 2.2800
v 33.1776 6.2750 2.3862
v 33.4224 6.2750 2.3862
v 33.6429 6.2750 2.2800
v 33.7955 6.2750 2.0886
v 33.8500 6.0250 1.8500
v 33.7955 6.0250 1.6114
v 33.6429 6.0250 1.4200
v 33.4224 6.0250 1.3138
v 33.1776 6.0250 1.3138
v 32.9571 6.0250 1.4200
v 32.8045 6.0250 1.6114
v 32.7500 6.0250 1.8500
v 32.8045 6.0250 2.0886
v 32.9571 6.0250 2.2800
v 33.1776 6.0250 2.3862
v 33.4224 6.0250 2.3862
v 33.6429 6.0250 2.2800
v 33.7955 6.0250 2.0886
v 33.3000 6.0250 1.8500
v 33.8500 6.2750 1.8500
v 33.7955 6.2750 1.6114
v 33.6429 6.2750 1.4200
v 33.4224 6.2750 1.3138
v 33.1776 6.2750 1.3138
v 32.9571 6.2750 1.4200
v 32.8045 6.2750 1.6114
v 32.7500 6.2750 1.8500
v 32.8045 6.2750 2.0886
v 32.9571 6.2750 2.2800
v 33.1776 6.2750 2.3862
v 33.4224 6.2750 2.3862
v 33.6429 6.2750 2.2800
v 33.7955 6.2750 2.0886
v 33.3000 6.2750 1.8500
v 36.2500 4.2250 1.8500
v 36.1955 4.2250 1.6114
v 36.0429 4.2250 1.4200
v 35.8224 4.2250 1.3138
v 35.5776 4.2250 1.3138
v 35.3571 4.2250 1.4200
v 35.2045 4.2250 1.6114
v 35.1500 4.2250 1.8500
v 35.2045 4.2250 2.0886
v 35.3571 4.2250 2.2800
v 35.5776 4.2250 2.3862
v 35.8224 4.2250 2.3862
v 36.0429 4.2250 2.2800
v 36.1955 4.2250 2.0886
v 36.2500 4.4750 1.8500
v 36.1955 4.4750 1.6114
v 36.0429 4.4750 1.4200
v 35.8224 4.4750 1.3138
v 35.5776 4.4750 1.3138
v 35.3571 4.4750 1.4200
v 35.2045 4.4750 1.6114
v 35.1500 4.4750 1.8500
v 35.2045 4.4750 2.0886
v 35.3571 4.4750 2.2800
v 35.5776 4.4750 2.3862
v 35.8224 4.4750 2.3862
v 36.0429 4.4750 2.2800
v 36.1955 4.4750 2.0886
v 36.2500 4.2250 1.8500
v 36.1955 4.2250 1.6114
v 36.0429 4.2250 1.4200
v 35.8224 4.2250 1.3138
v 35.5776 4.2250 1.3138
v 35.3571 4.2250 1.4200
v 35.2045 4.2250 1.6114
v 35.1500 4.2250 1.8500
v 35.2045 4.2250 2.0886
v 35.3571 4.2250 2.2800
v 35.5776 4.2250 2.3862
v 35.8224 4.2250 2.3862
v 36.0429 4.2250 2.2800
v 36.1955 4.2250 2.0886
v 35.7000 4.2250 1.8500
v 36.2500 4.4750 1.8500
v 36.1955 4.4750 1.6114
v 36.0429 4.4750 1.4200
v 35.8224 4.4750 1.3138
v 35.5776 4.4750 1.3138
v 35.3571 4.4750 1.4200
v 35.2045 4.4750 1.6114
v 35.1500 4.4750 1.8500
v 35.2045 4.4750 2.0886
v 35.3571 4.4750 2.2800
v 35.5776 4.4750 2.3862
v 35.8224 4.4750 2.3862
v 36.0429 4.4750 2.2800
v 36.1955 4.4750 2.0886
v 35.7000 4.4750 1.8500
v 36.2500 6.0250 1.8500
v 36.1955 6.0250 1.6114
v 36.0429 6.0250 1.4200
v 35.8224 6.0250 1.3138
v 35.5776 6.0250 1.3138
v 35.3571 6.0250 1.4200
v 35.2045 6.0250 1.6114
v 35.1500 6.0250 1.8500
v 35.2045 6.0250 2.0886
v 35.3571 6.0250 2.2800
v 35.5776 6.0250 2.3862
v 35.8224 6.0250 2.3862
v 36.0429 6.0250 2.2800
v 36.1955 6.0250 2.0886
v 36.2500 6.2750 1.8500
v 36.1955 6.2750 1.6114
v 36.0429 6.2750 1.4200
v 35.8224 6.2750 1.3138
v 35.5776 6.2750 1.3138
v 35.3571 6.2750 1.4200
v 35.2045 6.2750 1.6114
v 35.1500 6.2750 1.8500
v 35.2045 6.2750 2.0886
v 35.3571 6.2750 2.2800
v 35.5776 6.2750 2.3862
v 35.8224 6.2750 2.3862
v 36.0429 6.2750 2.2800
v 36.1955 6.2750 2.0886
v 36.2500 6.0250 1.8500
v 36.1955 6.0250 1.6114
v 36.0429 6.0250 1.4200
v 35.8224 6.0250 1.3138
v 35.5776 6.0250 1.3138
v 35.3571 6.0250 1.4200
v 35.2045 6.0250 1.6114
v 35.1500 6.0250 1.8500
v 35.2045 6.0250 2.0886
v 35.3571 6.0250 2.2800
v 35.5776 6.0250 2.3862
v 35.8224 6.0250 2.3862
v 36.0429 6.0250 2.2800
v 36.1955 6.0250 2.0886
v 35.7000 6.0250 1.8500
v 36.2500 6.2750 1.8500
v 36.1955 6.2750 1.6114
v 36.0429 6.2750 1.4200
v 35.8224 6.2750 1.3138
v 35.5776 6.2750 1.3138
v 35.3571 6.2750 1.4200
v 35.2045 6.2750 1.6114
v 35.1500 6.2750 1.8500
v 35.2045 6.2750 2.0886
v 35.3571 6.2750 2.2800
v 35.5776 6.2750 2.3862
v 35.8224 6.2750 2.3862
v 36.0429 6.2750 2.2800
v 36.1955 6.2750 2.0886
v 35.7000 6.2750 1.8500
vn 0.9971 0.0000 -0.0759
vn 0.8655 0.0000 -0.5010
vn 0.5624 0.0000 -0.8269
vn 0.1479 0.0000 -0.9890
vn -0.2958 0.0000 -0.9552
vn -0.6810 0.0000 -0.7323
vn -0.9313 0.0000 -0.3643
vn -0.9971 0.0000 0.0759
vn -0.8655 0.0000 0.5010
vn -0.5624 0.0000 0.8269
vn -0.1479 0.0000 0.9890
vn 0.2958 0.0000 0.9552
vn 0.6810 0.0000 0.7323
vn 0.9313 0.0000 0.3643
vn 0.9971 0.0000 0.0759
vn 0.9313 0.0000 -0.3643
vn 0.6810 0.0000 -0.7323
vn 0.2958 0.0000 -0.9552
vn -0.1479 0.0000 -0.9890
vn -0.5624 0.0000 -0.8269
vn -0.8655 0.0000 -0.5010
vn -0.9971 0.0000 -0.0759
vn -0.9313 0.0000 0.3643
vn -0.6810 0.0000 0.7323
vn -0.2958 0.0000 0.9552
vn 0.1479 0.0000 0.9890
vn 0.5624 0.0000 0.8269
vn 0.8655 0.0000 0.5010
vn 0.0000 -1.0000 0.0000
vn 0.0000 -1.0000 0.0000
vn 0.0000 -1.0000 0.0000
vn 0.0000 -1.0000 0.0000
vn 0.0000 -1.0000 0.0000
vn 0.0000 -1.0000 0.0000
vn 0.0000 -1.0000 0.0000
vn 0.0000 -1.0000 0.0000
vn 0.0000 -1.0000 0.0000
vn 0.0000 -1.0000 0.0000
vn 0.0000 -1.0000 0.0000
vn 0.0000 -1.0000 0.0000
vn 0.0000 -1.0000 0.0000
vn 0.0000 -1.0000 0.0000
vn 0.0000 -1.0000 0.0000
vn 0.0000 1.0000 0.0000
vn 0.0000 1.0000 0.0000
vn 0.0000 1.0000 0.0000
vn 0.0000 1.0000 0.0000
vn 0.0000 1.0000 0.0000
vn 0.0000 1.0000 0.0000
vn 0.0000 1.0000 0.0000
vn 0.0000 1.0000 0.0000
vn 0.0000 1.0000 0.0000
vn 0.0000 1.0000 0.0000
vn 0.0000 1.0000 0.0000
vn 0.0000 1.0000 0.0000
vn 0.0000 1.0000 0.0000
vn 0.0000 1.0000 0.0000
vn 0.0000 1.0000 0.0000
vn 0.9971 0.0000 -0.0759
vn 0.8655 0.0000 -0.5010
vn 0.5624 0.0000 -0.8269
vn 0.1479 0.0000 -0.9890
vn -0.2958 0.0000 -0.9552
vn -0.6810 0.0000 -0.7323
vn -0.9313 0.0000 -0.3643
vn -0.9971 0.0000 0.0759
vn -0.8655 0.0000 0.5010
vn -0.5624 0.0000 0.8269
vn -0.1479 0.0000 0.9890
vn 0.2958 0.0000 0.9552
vn 0.6810 0.0000 0.7323
vn 0.9313 0.0000 0.3643
vn 0.9971 0.0000 0.0759
vn 0.9313 0.0000 -0.3643
vn 0.6810 0.0000 -0.7323
vn 0.2958 0.0000 -0.9552
vn -0.1479 0.0000 -0.9890
vn -0.5624 0.0000 -0.8269
vn -0.8655 0.0000 -0.5010
vn -0.9971 0.0000 -0.0759
vn -0.9313 0.0000 0.3643
vn -0.6810 0.0000 0.7323
vn -0.2958 0.0000 0.9552
vn 0.1479 0.0000 0.9890
vn 0.5624 0.0000 0.8269
vn 0.8655 0.0000 0.5010
vn 0.0000 -1.0000 0.0000
vn 0.0000 -1.0000 0.0000
vn 0.0000 -1.0000 0.0000
vn 0.0000 -1.0000 0.0000
vn 0.0000 -1.0000 0.0000
vn 0.0000 -1.0000 0.0000
vn 0.0000 -1.0000 0.0000
vn 0.0000 -1.0000 0.0000
vn 0.0000 -1.0000 0.0000
vn 0.0000 -1.0000 0.0000
vn 0.0000 -1.0000 0.0000
vn 0.0000 -1.0000 0.0000
vn 0.0000 -1.0000 0.0000
vn 0.0000 -1.0000 0.0000
vn 0.0000 -1.0000 0.0000
vn 0.0000 1.0000 0.0000
vn 0.0000 1.0000 0.0000
vn 0.0000 1.0000 0.0000
vn 0.0000 1.0000 0.0000
vn 0.0000 1.0000 0.0000
vn 0.0000 1.0000 0.0000
vn 0.0000 1.0000 0.0000
vn 0.0000 1.0000 0.0000
vn 0.0000 1.0000 0.0000
vn 0.0000 1.0000 0.0000
vn 0.0000 1.0000 0.0000
vn 0.0000 1.0000 0.0000
vn 0.0000 1.0000 0.0000
vn 0.0000 1.0000 0.0000
vn 0.0000 1.0000 0.0000
vn 0.9971 0.0000 -0.0759
vn 0.8655 0.0000 -0.5010
vn 0.5624 0.0000 -0.8269
vn 0.1479 0.0000 -0.9890
vn -0.2958 0.0000 -0.9552
vn -0.6810 0.0000 -0.7323
vn -0.9313 0.0000 -0.3643
vn -0.9971 0.0000 0.0759
vn -0.8655 0.0000 0.5010
vn -0.5624 0.0000 0.8269
vn -0.1479 0.0000 0.9890
vn 0.2958 0.0000 0.9552
vn 0.6810 0.0000 0.7323
vn 0.9313 0.0000 0.3643
vn 0.9971 0.0000 0.0759
vn 0.9313 0.0000 -0.3643
vn 0.6810 0.0000 -0.7323
vn 0.2958 0.0000 -0.9552
vn -0.1479 0.0000 -0.9890
vn -0.5624 0.0000 -0.8269
vn -0.8655 0.0000 -0.5010
vn -0.9971 0.0000 -0.0759
vn -0.9313 0.0000 0.3643
vn -0.6810 0.0000 0.7323
vn -0.2958 0.0000 0.9552
vn 0.1479 0.0000 0.9890
vn 0.5624 0.0000 0.8269
vn 0.8655 0.0000 0.5010
vn 0.0000 -1.0000 0.0000
vn 0.0000 -1.0000 0.0000
vn 0.0000 -1.0000 0.0000
vn 0.0000 -1.0000 0.0000
vn 0.0000 -1.0000 0.0000
vn 0.0000 -1.0000 0.0000
vn 0.0000 -1.0000 0.0000
vn 0.0000 -1.0000 0.0000
vn 0.0000 -1.0000 0.0000
vn 0.0000 -1.0000 0.0000
vn 0.0000 -1.0000 0.0000
vn 0.0000 -1.0000 0.0000
vn 0.0000 -1.0000 0.0000
vn 0.0000 -1.0000 0.0000
vn 0.0000 -1.0000 0.0000
vn 0.0000 1.0000 0.0000
vn 0.0000 1.0000 0.0000
vn 0.0000 1.0000 0.0000
vn 0.0000 1.0000 0.0000
vn 0.0000 1.0000 0.0000
vn 0.0000 1.0000 0.0000
vn 0.0000 1.0000 0.0000
vn 0.0000 1.0000 0.0000
vn 0.0000 1.0000 0.0000
vn 0.0000 1.0000 0.0000
vn 0.0000 1.0000 0.0000
vn 0.0000 1.0000 0.0000
vn 0.0000 1.0000 0.0000
vn 0.0000 1.0000 0.0000
vn 0.0000 1.0000 0.0000
vn 0.9971 0.0000 -0.0759
vn 0.8655 0.0000 -0.5010
vn 0.5624 0.0000 -0.8269
vn 0.1479 0.0000 -0.9890
vn -0.2958 0.0000 -0.9552
vn -0.6810 0.0000 -0.7323
vn -0.9313 0.0000 -0.3643
vn -0.9971 0.0000 0.0759
vn -0.8655 0.0000 0.5010
vn -0.5624 0.0000 0.8269
vn -0.1479 0.0000 0.9890
vn 0.2958 0.0000 0.9552
vn 0.6810 0.0000 0.7323
vn 0.9313 0.0000 0.3643
vn 0.9971 0.0000 0.0759
vn 0.9313 0.0000 -0.3643
vn 0.6810 0.0000 -0.7323
vn 0.2958 0.0000 -0.9552
vn -0.1479 0.0000 -0.9890
vn -0.5624 0.0000 -0.8269
vn -0.8655 0.0000 -0.5010
vn -0.9971 0.0000 -0.0759
vn -0.9313 0.0000 0.3643
vn -0.6810 0.0000 0.7323
vn -0.2958 0.0000 0.9552
vn 0.1479 0.0000 0.9890
vn 0.5624 0.0000 0.8269
vn 0.8655 0.0000 0.5010
vn 0.0000 -1.0000 0.0000
vn 0.0000 -1.0000 0.0000
vn 0.0000 -1.0000 0.0000
vn 0.0000 -1.0000 0.0000
vn 0.0000 -1.0000 0.0000
vn 0.0000 -1.0000 0.0000
vn 0.0000 -1.0000 0.0000
vn 0.0000 -1.0000 0.0000
vn 0.0000 -1.0000 0.0000
vn 0.0000 -1.0000 0.0000
vn 0.0000 -1.0000 0.0000
vn 0.0000 -1.0000 0.0000
vn 0.0000 -1.0000 0.0000
vn 0.0000 -1.0000 0.0000
vn 0.0000 -1.0000 0.0000
vn 0.0000 1.0000 0.0000
vn 0.0000 1.0000 0.0000
vn 0.0000 1.0000 0.0000
vn 0.0000 1.0000 0.0000
vn 0.0000 1.0000 0.0000
vn 0.0000 1.0000 0.0000
vn 0.0000 1.0000 0.0000
vn 0.0000 1.0000 0.0000
vn 0.0000 1.0000 0.0000
vn 0.0000 1.0000 0.0000
vn 0.0000 1.0000 0.0000
vn 0.0000 1.0000 0.0000
vn 0.0000 1.0000 0.0000
vn 0.0000 1.0000 0.0000
vn 0.0000 1.0000 0.0000
vn 0.9971 0.0000 -0.0759
vn 0.8655 0.0000 -0.5010
vn 0.5624 0.0000 -0.8269
vn 0.1479 0.0000 -0.9890
vn -0.2958 0.0000 -0.9552
vn -0.6810 0.0000 -0.7323
vn -0.9313 0.0000 -0.3643
vn -0.9971 0.0000 0.0759
vn -0.8655 0.0000 0.5010
vn -0.5624 0.0000 0.8269
vn -0.1479 0.0000 0.9890
vn 0.2958 0.0000 0.9552
vn 0.6810 0.0000 0.7323
vn 0.9313 0.0000 0.3643
vn 0.9971 0.0000 0.0759
vn 0.9313 0.0000 -0.3643
vn 0.6810 0.0000 -0.7323
vn 0.2958 0.0000 -0.9552
vn -0.1479 0.0000 -0.9890
vn -0.5624 0.0000 -0.8269
vn -0.8655 0.0000 -0.5010
vn -0.9971 0.0000 -0.0759
vn -0.9313 0.0000 0.3643
vn -0.6810 0.0000 0.7323
vn -0.2958 0.0000 0.9552
vn 0.1479 0.0000 0.9890
vn 0.5624 0.0000 0.8269
vn 0.8655 0.0000 0.5010
vn 0.0000 -1.0000 0.0000
vn 0.0000 -1.0000 0.0000
vn 0.0000 -1.0000 0.0000
vn 0.0000 -1.0000 0.0000
vn 0.0000 -1.0000 0.0000
vn 0.0000 -1.0000 0.0000
vn 0.0000 -1.0000 0.0000
vn 0.0000 -1.0000 0.0000
vn 0.0000 -1.0000 0.0000
vn 0.0000 -1.0000 0.0000
vn 0.0000 -1.0000 0.0000
vn 0.0000 -1.0000 0.0000
vn 0.0000 -1.0000 0.0000
vn 0.0000 -1.0000 0.0000
vn 0.0000 -1.0000 0.0000
vn 0.0000 1.0000 0.0000
vn 0.0000 1.0000 0.0000
vn 0.0000 1.0000 0.0000
vn 0.0000 1.0000 0.0000
vn 0.0000 1.0000 0.0000
vn 0.0000 1.0000 0.0000
vn 0.0000 1.0000 0.0000
vn 0.0000 1.0000 0.0000
vn 0.0000 1.0000 0.0000
vn 0.0000 1.0000 0.0000
vn 0.0000 1.0000 0.0000
vn 0.0000 1.0000 0.0000
vn 0.0000 1.0000 0.0000
vn 0.0000 1.0000 0.0000
vn 0.0000 1.0000 0.0000
vn 0.9971 0.0000 -0.0759
vn 0.8655 0.0000 -0.5010
vn 0.5624 0.0000 -0.8269
vn 0.1479 0.0000 -0.9890
vn -0.2958 0.0000 -0.9552
vn -0.6810 0.0000 -0.7323
vn -0.9313 0.0000 -0.3643
vn -0.9971 0.0000 0.0759
vn -0.8655 0.0000 0.5010
vn -0.5624 0.0000 0.8269
vn -0.1479 0.0000 0.9890
vn 0.2958 0.0000 0.9552
vn 0.6810 0.0000 0.7323
vn 0.9313 0.0000 0.3643
vn 0.9971 0.0000 0.0759
vn 0.9313 0.0000 -0.3643
vn 0.6810 0.0000 -0.7323
vn 0.2958 0.0000 -0.9552
vn -0.1479 0.0000 -0.9890
vn -0.5624 0.0000 -0.8269
vn -0.8655 0.0000 -0.5010
vn -0.9971 0.0000 -0.0759
vn -0.9313 0.0000 0.3643
vn -0.6810 0.0000 0.7323
vn -0.2958 0.0000 0.9552
vn 0.1479 0.0000 0.9890
vn 0.5624 0.0000 0.8269
vn 0.8655 0.0000 0.5010
vn 0.0000 -1.0000 0.0000
vn 0.0000 -1.0000 0.0000
vn 0.0000 -1.0000 0.0000
vn 0.0000 -1.0000 0.0000
vn 0.0000 -1.0000 0.0000
vn 0.0000 -1.0000 0.0000
vn 0.0000 -1.0000 0.0000
vn 0.0000 -1.0000 0.0000
vn 0.0000 -1.0000 0.0000
vn 0.0000 -1.0000 0.0000
vn 0.0000 -1.0000 0.0000
vn 0.0000 -1.0000 0.0000
vn 0.0000 -1.0000 0.0000
vn 0.0000 -1.0000 0.0000
vn 0.0000 -1.0000 0.0000
vn 0.0000 1.0000 0.0000
vn 0.0000 1.0000 0.0000
vn 0.0000 1.0000 0.0000
vn 0.0000 1.0000 0.0000
vn 0.0000 1.0000 0.0000
vn 0.0000 1.0000 0.0000
vn 0.0000 1.0000 0.0000
vn 0.0000 1.0000 0.0000
vn 0.0000 1.0000 0.0000
vn 0.0000 1.0000 0.0000
vn 0.0000 1.0000 0.0000
vn 0.0000 1.0000 0.0000
vn 0.0000 1.0000 0.0000
vn 0.0000 1.0000 0.0000
vn 0.0000 1.0000 0.0000
vn 0.9971 0.0000 -0.0759
vn 0.8655 0.0000 -0.5010
vn 0.5624 0.0000 -0.8269
vn 0.1479 0.0000 -0.9890
vn -0.2958 0.0000 -0.9552
vn -0.6810 0.0000 -0.7323
vn -0.9313 0.0000 -0.3643
vn -0.9971 0.0000 0.0759
vn -0.8655 0.0000 0.5010
vn -0.5624 0.0000 0.8269
vn -0.1479 0.0000 0.9890
vn 0.2958 0.0000 0.9552
vn 0.6810 0.0000 0.7323
vn 0.9313 0.0000 0.3643
vn 0.9971 0.0000 0.0759
vn 0.9313 0.0000 -0.3643
vn 0.6810 0.0000 -0.7323
vn 0.2958 0.0000 -0.9552
vn -0.1479 0.0000 -0.9890
vn -0.5624 0.0000 -0.8269
vn -0.8655 0.0000 -0.5010
vn -0.9971 0.0000 -0.0759
vn -0.9313 0.0000 0.3643
vn -0.6810 0.0000 0.7323
vn -0.2958 0.0000 0.9552
vn 0.1479 0.0000 0.9890
vn 0.5624 0.0000 0.8269
vn 0.8655 0.0000 0.5010
vn 0.0000 -1.0000 0.0000
vn 0.0000 -1.0000 0.0000
vn 0.0000 -1.0000 0.0000
vn 0.0000 -1.0000 0.0000
vn 0.0000 -1.0000 0.0000
vn 0.0000 -1.0000 0.0000
vn 0.0000 -1.0000 0.0000
vn 0.0000 -1.0000 0.0000
vn 0.0000 -1.0000 0.0000
vn 0.0000 -1.0000 0.0000
vn 0.0000 -1.0000 0.0000
vn 0.0000 -1.0000 0.0000
vn 0.0000 -1.0000 0.0000
vn 0.0000 -1.0000 0.0000
vn 0.0000 -1.0000 0.0000
vn 0.0000 1.0000 0.0000
vn 0.0000 1.0000 0.0000
vn 0.0000 1.0000 0.0000
vn 0.0000 1.0000 0.0000
vn 0.0000 1.0000 0.0000
vn 0.0000 1.0000 0.0000
vn 0.0000 1.0000 0.0000
vn 0.0000 1.0000 0.0000
vn 0.0000 1.0000 0.0000
vn 0.0000 1.0000 0.0000
vn 0.0000 1.0000 0.0000
vn 0.0000 1.0000 0.0000
vn 0.0000 1.0000 0.0000
vn 0.0000 1.0000 0.0000
vn 0.0000 1.0000 0.0000
vn 0.9971 0.0000 -0.0759
vn 0.8655 0.0000 -0.5010
vn 0.5624 0.0000 -0.8269
vn 0.1479 0.0000 -0.9890
vn -0.2958 0.0000 -0.9552
vn -0.6810 0.0000 -0.7323
vn -0.9313 0.0000 -0.3643
vn -0.9971 0.0000 0.0759
vn -0.8655 0.0000 0.5010
vn -0.5624 0.0000 0.8269
vn -0.1479 0.0000 0.9890
vn 0.2958 0.0000 0.9552
vn 0.6810 0.0000 0.7323
vn 0.9313 0.0000 0.3643
vn 0.9971 0.0000 0.0759
vn 0.9313 0.0000 -0.3643
vn 0.6810 0.0000 -0.7323
vn 0.2958 0.0000 -0.9552
vn -0.1479 0.0000 -0.9890
vn -0.5624 0.0000 -0.8269
vn -0.8655 0.0000 -0.5010
vn -0.9971 0.0000 -0.0759
vn -0.9313 0.0000 0.3643
vn -0.6810 0.0000 0.7323
vn -0.2958 0.0000 0.9552
vn 0.1479 0.0000 0.9890
vn 0.5624 0.0000 0.8269
vn 0.8655 0.0000 0.5010
vn 0.0000 -1.0000 0.0000
vn 0.0000 -1.0000 0.0000
vn 0.0000 -1.0000 0.0000
vn 0.0000 -1.0000 0.0000
vn 0.0000 -1.0000 0.0000
vn 0.0000 -1.0000 0.0000
vn 0.0000 -1.0000 0.0000
vn 0.0000 -1.0000 0.0000
vn 0.0000 -1.0000 0.0000
vn 0.0000 -1.0000 0.0000
vn 0.0000 -1.0000 0.0000
vn 0.0000 -1.0000 0.0000
vn 0.0000 -1.0000 0.0000
vn 0.0000 -1.0000 0.0000
vn 0.0000 -1.0000 0.0000
vn 0.0000 1.0000 0.0000
vn 0.0000 1.0000 0.0000
vn 0.0000 1.0000 0.0000
vn 0.0000 1.0000 0.0000
vn 0.0000 1.0000 0.0000
vn 0.0000 1.0000 0.0000
vn 0.0000 1.0000 0.0000
vn 0.0000 1.0000 0.0000
vn 0.0000 1.0000 0.0000
vn 0.0000 1.0000 0.0000
vn 0.0000 1.0000 0.0000
vn 0.0000 1.0000 0.0000
vn 0.0000 1.0000 0.0000
vn 0.0000 1.0000 0.0000
vn 0.0000 1.0000 0.0000
f 4613//4613 4614//4614 4628//4628
f 4613//4613 4628//4628 4627//4627
f 4614//4614 4615//4615 4629//4629
f 4614//4614 4629//4629 4628//4628
f 4615//4615 4616//4616 4630//4630
f 4615//4615 4630//4630 4629//4629
f 4616//4616 4617//4617 4631//4631
f 4616//4616 4631//4631 4630//4630
f 4617//4617 4618//4618 4632//4632
f 4617//4617 4632//4632 4631//4631
f 4618//4618 4619//4619 4633//4633
f 4618//4618 4633//4633 4632//4632
f 4619//4619 4620//4620 4634//4634
f 4619//4619 4634//4634 4633//4633
f 4620//4620 4621//4621 4635//4635
f 4620//4620 4635//4635 4634//4634
f 4621//4621 4622//4622 4636//4636
f 4621//4621 4636//4636 4635//4635
f 4622//4622 4623//4623 4637//4637
f 4622//4622 4637//4637 4636//4636
f 4623//4623 4624//4624 4638//4638
f 4623//4623 4638//4638 4637//4637
f 4624//4624 4625//4625 4639//4639
f 4624//4624 4639//4639 4638//4638
f 4625//4625 4626//4626 4640//4640
f 4625//4625 4640//4640 4639//4639
f 4626//4626 4613//4613 4627//4627
f 4626//4626 4627//4627 4640//4640
f 4642//4642 4641//4641 4655//4655
f 4643//4643 4642//4642 4655//4655
f 4644//4644 4643//4643 4655//4655
f 4645//4645 4644//4644 4655//4655
f 4646//4646 4645//4645 4655//4655
f 4647//4647 4646//4646 4655//4655
f 4648//4648 4647//4647 4655//4655
f 4649//4649 4648//4648 4655//4655
f 4650//4650 4649//4649 4655//4655
f 4651//4651 4650//4650 4655//4655
f 4652//4652 4651//4651 4655//4655
f 4653//4653 4652//4652 4655//4655
f 4654//4654 4653//4653 4655//4655
f 4641//4641 4654//4654 4655//4655
f 4656//4656 4657//4657 4670//4670
f 4657//4657 4658//4658 4670//4670
f 4658//4658 4659//4659 4670//4670
f 4659//4659 4660//4660 4670//4670
f 4660//4660 4661//4661 4670//4670
f 4661//4661 4662//4662 4670//4670
f 4662//4662 4663//4663 4670//4670
f 4663//4663 4664//4664 4670//4670
f 4664//4664 4665//4665 4670//4670
f 4665//4665 4666//4666 4670//4670
f 4666//4666 4667//4667 4670//4670
f 4667//4667 4668//4668 4670//4670
f 4668//4668 4669//4669 4670//4670
f 4669//4669 4656//4656 4670//4670
f 4671//4671 4672//4672 4686//4686
f 4671//4671 4686//4686 4685//4685
f 4672//4672 4673//4673 4687//4687
f 4672//4672 4687//4687 4686//4686
f 4673//4673 4674//4674 4688//4688
f 4673//4673 4688//4688 4687//4687
f 4674//4674 4675//4675 4689//4689
f 4674//4674 4689//4689 4688//4688
f 4675//4675 4676//4676 4690//4690
f 4675//4675 4690//4690 4689//4689
f 4676//4676 4677//4677 4691//4691
f 4676//4676 4691//4691 4690//4690
f 4677//4677 4678//4678 4692//4692
f 4677//4677 4692//4692 4691//4691
f 4678//4678 4679//4679 4693//4693
f 4678//4678 4693//4693 4692//4692
f 4679//4679 4680//4680 4694//4694
f 4679//4679 4694//4694 4693//4693
f 4680//4680 4681//4681 4695//4695
f 4680//4680 4695//4695 4694//4694
f 4681//4681 4682//4682 4696//4696
f 4681//4681 4696//4696 4695//4695
f 4682//4682 4683//4683 4697//4697
f 4682//4682 4697//4697 4696//4696
f 4683//4683 4684//4684 4698//4698
f 4683//4683 4698//4698 4697//4697
f 4684//4684 4671//4671 4685//4685
f 4684//4684 4685//4685 4698//4698
f 4700//4700 4699//4699 4713//4713
f 4701//4701 4700//4700 4713//4713
f 4702//4702 4701//4701 4713//4713
f 4703//4703 4702//4702 4713//4713
f 4704//4704 4703//4703 4713//4713
f 4705//4705 4704//4704 4713//4713
f 4706//4706 4705//4705 4713//4713
f 4707//4707 4706//4706 4713//4713
f 4708//4708 4707//4707 4713//4713
f 4709//4709 4708//4708 4713//4713
f 4710//4710 4709//4709 4713//4713
f 4711//4711 4710//4710 4713//4713
f 4712//4712 4711//4711 4713//4713
f 4699//4699 4712//4712 4713//4713
f 4714//4714 4715//4715 4728//4728
f 4715//4715 4716//4716 4728//4728
f 4716//4716 4717//4717 4728//4728
f 4717//4717 4718//4718 4728//4728
f 4718//4718 4719//4719 4728//4728
f 4719//4719 4720//4720 4728//4728
f 4720//4720 4721//4721 4728//4728
f 4721//4721 4722//4722 4728//4728
f 4722//4722 4723//4723 4728//4728
f 4723//4723 4724//4724 4728//4728
f 4724//4724 4725//4725 4728//4728
f 4725//4725 4726//4726 4728//4728
f 4726//4726 4727//4727 4728//4728
f 4727//4727 4714//4714 4728//4728
f 4729//4729 4730//4730 4744//4744
f 4729//4729 4744//4744 4743//4743
f 4730//4730 4731//4731 4745//4745
f 4730//4730 4745//4745 4744//4744
f 4731//4731 4732//4732 4746//4746
f 4731//4731 4746//4746 4745//4745
f 4732//4732 4733//4733 4747//4747
f 4732//4732 4747//4747 4746//4746
f 4733//4733 4734//4734 4748//4748
f 4733//4733 4748//4748 4747//4747
f 4734//4734 4735//4735 4749//4749
f 4734//4734 4749//4749 4748//4748
f 4735//4735 4736//4736 4750//4750
f 4735//4735 4750//4750 4749//4749
f 4736//4736 4737//4737 4751//4751
f 4736//4736 4751//4751 4750//4750
f 4737//4737 4738//4738 4752//4752
f 4737//4737 4752//4752 4751//4751
f 4738//4738 4739//4739 4753//4753
f 4738//4738 4753//4753 4752//4752
f 4739//4739 4740//4740 4754//4754
f 4739//4739 4754//4754 4753//4753
f 4740//4740 4741//4741 4755//4755
f 4740//4740 4755//4755 4754//4754
f 4741//4741 4742//4742 4756//4756
f 4741//4741 4756//4756 4755//4755
f 4742//4742 4729//4729 4743//4743
f 4742//4742 4743//4743 4756//4756
f 4758//4758 4757//4757 4771//4771
f 4759//4759 4758//4758 4771//4771
f 4760//4760 4759//4759 4771//4771
f 4761//4761 4760//4760 4771//4771
f 4762//4762 4761//4761 4771//4771
f 4763//4763 4762//4762 4771//4771
f 4764//4764 4763//4763 4771//4771
f 4765//4765 4764//4764 4771//4771
f 4766//4766 4765//4765 4771//4771
f 4767//4767 4766//4766 4771//4771
f 4768//4768 4767//4767 4771//4771
f 4769//4769 4768//4768 4771//4771
f 4770//4770 4769//4769 4771//4771
f 4757//4757 4770//4770 4771//4771
f 4772//4772 4773//4773 4786//4786
f 4773//4773 4774//4774 4786//4786
f 4774//4774 4775//4775 4786//4786
f 4775//4775 4776//4776 4786//4786
f 4776//4776 4777//4777 4786//4786
f 4777//4777 4778//4778 4786//4786
f 4778//4778 4779//4779 4786//4786
f 4779//4779 4780//4780 4786//4786
f 4780//4780 4781//4781 4786//4786
f 4781//4781 4782//4782 4786//4786
f 4782//4782 4783//4783 4786//4786
f 4783//4783 4784//4784 4786//4786
f 4784//4784 4785//4785 4786//4786
f 4785//4785 4772//4772 4786//4786
f 4787//4787 4788//4788 4802//4802
f 4787//4787 4802//4802 4801//4801
f 4788//4788 4789//4789 4803//4803
f 4788//4788 4803//4803 4802//4802
f 4789//4789 4790//4790 4804//4804
f 4789//4789 4804//4804 4803//4803
f 4790//4790 4791//4791 4805//4805
f 4790//4790 4805//4805 4804//4804
f 4791//4791 4792//4792 4806//4806
f 4791//4791 4806//4806 4805//4805
f 4792//4792 4793//4793 4807//4807
f 4792//4792 4807//4807 4806//4806
f 4793//4793 4794//4794 4808//4808
f 4793//4793 4808//4808 4807//4807
f 4794//4794 4795//4795 4809//4809
f 4794//4794 4809//4809 4808//4808
f 4795//4795 4796//4796 4810//4810
f 4795//4795 4810//4810 4809//4809
f 4796//4796 4797//4797 4811//4811
f 4796//4796 4811//4811 4810//4810
f 4797//4797 4798//4798 4812//4812
f 4797//4797 4812//4812 4811//4811
f 4798//4798 4799//4799 4813//4813
f 4798//4798 4813//4813 4812//4812
f 4799//4799 4800//4800 4814//4814
f 4799//4799 4814//4814 4813//4813
f 4800//4800 4787//4787 4801//4801
f 4800//4800 4801//4801 4814//4814
f 4816//4816 4815//4815 4829//4829
f 4817//4817 4816//4816 4829//4829
f 4818//4818 4817//4817 4829//4829
f 4819//4819 4818//4818 4829//4829
f 4820//4820 4819//4819 4829//4829
f 4821//4821 4820//4820 4829//4829
f 4822//4822 4821//4821 4829//4829
f 4823//4823 4822//4822 4829//4829
f 4824//4824 4823//4823 4829//4829
f 4825//4825 4824//4824 4829//4829
f 4826//4826 4825//4825 4829//4829
f 4827//4827 4826//4826 4829//4829
f 4828//4828 4827//4827 4829//4829
f 4815//4815 4828//4828 4829//4829
f 4830//4830 4831//4831 4844//4844
f 4831//4831 4832//4832 4844//4844
f 4832//4832 4833//4833 4844//4844
f 4833//4833 4834//4834 4844//4844
f 4834//4834 4835//4835 4844//4844
f 4835//4835 4836//4836 4844//4844
f 4836//4836 4837//4837 4844//4844
f 4837//4837 4838//4838 4844//4844
f 4838//4838 4839//4839 4844//4844
f 4839//4839 4840//4840 4844//4844
f 4840//4840 4841//4841 4844//4844
f 4841//4841 4842//4842 4844//4844
f 4842//4842 4843//4843 4844//4844
f 4843//4843 4830//4830 4844//4844
f 4845//4845 4846//4846 4860//4860
f 4845//4845 4860//4860 4859//4859
f 4846//4846 4847//4847 4861//4861
f 4846//4846 4861//4861 4860//4860
f 4847//4847 4848//4848 4862//4862
f 4847//4847 4862//4862 4861//4861
f 4848//4848 4849//4849 4863//4863
f 4848//4848 4863//4863 4862//4862
f 4849//4849 4850//4850 4864//4864
f 4849//4849 4864//4864 4863//4863
f 4850//4850 4851//4851 4865//4865
f 4850//4850 4865//4865 4864//4864
f 4851//4851 4852//4852 4866//4866
f 4851//4851 4866//4866 4865//4865
f 4852//4852 4853//4853 4867//4867
f 4852//4852 4867//4867 4866//4866
f 4853//4853 4854//4854 4868//4868
f 4853//4853 4868//4868 4867//4867
f 4854//4854 4855//4855 4869//4869
f 4854//4854 4869//4869 4868//4868
f 4855//4855 4856//4856 4870//4870
f 4855//4855 4870//4870 4869//4869
f 4856//4856 4857//4857 4871//4871
f 4856//4856 4871//4871 4870//4870
f 4857//4857 4858//4858 4872//4872
f 4857//4857 4872//4872 4871//4871
f 4858//4858 4845//4845 4859//4859
f 4858//4858 4859//4859 4872//4872
f 4874//4874 4873//4873 4887//4887
f 4875//4875 4874//4874 4887//4887
f 4876//4876 4875//4875 4887//4887
f 4877//4877 4876//4876 4887//4887
f 4878//4878 4877//4877 4887//4887
f 4879//4879 4878//4878 4887//4887
f 4880//4880 4879//4879 4887//4887
f 4881//4881 4880//4880 4887//4887
f 4882//4882 4881//4881 4887//4887
f 4883//4883 4882//4882 4887//4887
f 4884//4884 4883//4883 4887//4887
f 4885//4885 4884//4884 4887//4887
f 4886//4886 4885//4885 4887//4887
f 4873//4873 4886//4886 4887//4887
f 4888//4888 4889//4889 4902//4902
f 4889//4889 4890//4890 4902//4902
f 4890//4890 4891//4891 4902//4902
f 4891//4891 4892//4892 4902//4902
f 4892//4892 4893//4893 4902//4902
f 4893//4893 4894//4894 4902//4902
f 4894//4894 4895//4895 4902//4902
f 4895//4895 4896//4896 4902//4902
f 4896//4896 4897//4897 4902//4902
f 4897//4897 4898//4898 4902//4902
f 4898//4898 4899//4899 4902//4902
f 4899//4899 4900//4900 4902//4902
f 4900//4900 4901//4901 4902//4902
f 4901//4901 4888//4888 4902//4902
f 4903//4903 4904//4904 4918//4918
f 4903//4903 4918//4918 4917//4917
f 4904//4904 4905//4905 4919//4919
f 4904//4904 4919//4919 4918//4918
f 4905//4905 4906//4906 4920//4920
f 4905//4905 4920//4920 4919//4919
f 4906//4906 4907//4907 4921//4921
f 4906//4906 4921//4921 4920//4920
f 4907//4907 4908//4908 4922//4922
f 4907//4907 4922//4922 4921//4921
f 4908//4908 4909//4909 4923//4923
f 4908//4908 4923//4923 4922//4922
f 4909//4909 4910//4910 4924//4924
f 4909//4909 4924//4924 4923//4923
f 4910//4910 4911//4911 4925//4925
f 4910//4910 4925//4925 4924//4924
f 4911//4911 4912//4912 4926//4926
f 4911//4911 4926//4926 4925//4925
f 4912//4912 4913//4913 4927//4927
f 4912//4912 4927//4927 4926//4926
f 4913//4913 4914//4914 4928//4928
f 4913//4913 4928//4928 4927//4927
f 4914//4914 4915//4915 4929//4929
f 4914//4914 4929//4929 4928//4928
f 4915//4915 4916//4916 4930//4930
f 4915//4915 4930//4930 4929//4929
f 4916//4916 4903//4903 4917//4917
f 4916//4916 4917//4917 4930//4930
f 4932//4932 4931//4931 4945//4945
f 4933//4933 4932//4932 4945//4945
f 4934//4934 4933//4933 4945//4945
f 4935//4935 4934//4934 4945//4945
f 4936//4936 4935//4935 4945//4945
f 4937//4937 4936//4936 4945//4945
f 4938//4938 4937//4937 4945//4945
f 4939//4939 4938//4938 4945//4945
f 4940//4940 4939//4939 4945//4945
f 4941//4941 4940//4940 4945//4945
f 4942//4942 4941//4941 4945//4945
f 4943//4943 4942//4942 4945//4945
f 4944//4944 4943//4943 4945//4945
f 4931//4931 4944//4944 4945//4945
f 4946//4946 4947//4947 4960//4960
f 4947//4947 4948//4948 4960//4960
f 4948//4948 4949//4949 4960//4960
f 4949//4949 4950//4950 4960//4960
f 4950//4950 4951//4951 4960//4960
f 4951//4951 4952//4952 4960//4960
f 4952//4952 4953//4953 4960//4960
f 4953//4953 4954//4954 4960//4960
f 4954//4954 4955//4955 4960//4960
f 4955//4955 4956//4956 4960//4960
f 4956//4956 4957//4957 4960//4960
f 4957//4957 4958//4958 4960//4960
f 4958//4958 4959//4959 4960//4960
f 4959//4959 4946//4946 4960//4960
f 4961//4961 4962//4962 4976//4976
f 4961//4961 4976//4976 4975//4975
f 4962//4962 4963//4963 4977//4977
f 4962//4962 4977//4977 4976//4976
f 4963//4963 4964//4964 4978//4978
f 4963//4963 4978//4978 4977//4977
f 4964//4964 4965//4965 4979//4979
f 4964//4964 4979//4979 4978//4978
f 4965//4965 4966//4966 4980//4980
f 4965//4965 4980//4980 4979//4979
f 4966//4966 4967//4967 4981//4981
f 4966//4966 4981//4981 4980//4980
f 4967//4967 4968//4968 4982//4982
f 4967//4967 4982//4982 4981//4981
f 4968//4968 4969//4969 4983//4983
f 4968//4968 4983//4983 4982//4982
f 4969//4969 4970//4970 4984//4984
f 4969//4969 4984//4984 4983//4983
f 4970//4970 4971//4971 4985//4985
f 4970//4970 4985//4985 4984//4984
f 4971//4971 4972//4972 4986//4986
f 4971//4971 4986//4986 4985//4985
f 4972//4972 4973//4973 4987//4987
f 4972//4972 4987//4987 4986//4986
f 4973//4973 4974//4974 4988//4988
f 4973//4973 4988//4988 4987//4987
f 4974//4974 4961//4961 4975//4975
f 4974//4974 4975//4975 4988//4988
f 4990//4990 4989//4989 5003//5003
f 4991//4991 4990//4990 5003//5003
f 4992//4992 4991//4991 5003//5003
f 4993//4993 4992//4992 5003//5003
f 4994//4994 4993//4993 5003//5003
f 4995//4995 4994//4994 5003//5003
f 4996//4996 4995//4995 5003//5003
f 4997//4997 4996//4996 5003//5003
f 4998//4998 4997//4997 5003//5003
f 4999//4999 4998//4998 5003//5003
f 5000//5000 4999//4999 5003//5003
f 5001//5001 5000//5000 5003//5003
f 5002//5002 5001//5001 5003//5003
f 4989//4989 5002//5002 5003//5003
f 5004//5004 5005//5005 5018//5018
f 5005//5005 5006//5006 5018//5018
f 5006//5006 5007//5007 5018//5018
f 5007//5007 5008//5008 5018//5018
f 5008//5008 5009//5009 5018//5018
f 5009//5009 5010//5010 5018//5018
f 5010//5010 5011//5011 5018//5018
f 5011//5011 5012//5012 5018//5018
f 5012//5012 5013//5013 5018//5018
f 5013//5013 5014//5014 5018//5018
f 5014//5014 5015//5015 5018//5018
f 5015//5015 5016//5016 5018//5018
f 5016//5016 5017//5017 5018//5018
f 5017//5017 5004//5004 5018//5018
f 5019//5019 5020//5020 5034//5034
f 5019//5019 5034//5034 5033//5033
f 5020//5020 5021//5021 5035//5035
f 5020//5020 5035//5035 5034//5034
f 5021//5021 5022//5022 5036//5036
f 5021//5021 5036//5036 5035//5035
f 5022//5022 5023//5023 5037//5037
f 5022//5022 5037//5037 5036//5036
f 5023//5023 5024//5024 5038//5038
f 5023//5023 5038//5038 5037//5037
f 5024//5024 5025//5025 5039//5039
f 5024//5024 5039//5039 5038//5038
f 5025//5025 5026//5026 5040//5040
f 5025//5025 5040//5040 5039//5039
f 5026//5026 5027//5027 5041//5041
f 5026//5026 5041//5041 5040//5040
f 5027//5027 5028//5028 5042//5042
f 5027//5027 5042//5042 5041//5041
f 5028//5028 5029//5029 5043//5043
f 5028//5028 5043//5043 5042//5042
f 5029//5029 5030//5030 5044//5044
f 5029//5029 5044//5044 5043//5043
f 5030//5030 5031//5031 5045//5045
f 5030//5030 5045//5045 5044//5044
f 5031//5031 5032//5032 5046//5046
f 5031//5031 5046//5046 5045//5045
f 5032//5032 5019//5019 5033//5033
f 5032//5032 5033//5033 5046//5046
f 5048//5048 5047//5047 5061//5061
f 5049//5049 5048//5048 5061//5061
f 5050//5050 5049//5049 5061//5061
f 5051//5051 5050//5050 5061//5061
f 5052//5052 5051//5051 5061//5061
f 5053//5053 5052//5052 5061//5061
f 5054//5054 5053//5053 5061//5061
f 5055//5055 5054//5054 5061//5061
f 5056//5056 5055//5055 5061//5061
f 5057//5057 5056//5056 5061//5061
f 5058//5058 5057//5057 5061//5061
f 5059//5059 5058//5058 5061//5061
f 5060//5060 5059//5059 5061//5061
f 5047//5047 5060//5060 5061//5061
f 5062//5062 5063//5063 5076//5076
f 5063//5063 5064//5064 5076//5076
f 5064//5064 5065//5065 5076//5076
f 5065//5065 5066//5066 5076//5076
f 5066//5066 5067//5067 5076//5076
f 5067//5067 5068//5068 5076//5076
f 5068//5068 5069//5069 5076//5076
f 5069//5069 5070//5070 5076//5076
f 5070//5070 5071//5071 5076//5076
f 5071//5071 5072//5072 5076//5076
f 5072//5072 5073//5073 5076//5076
f 5073//5073 5074//5074 5076//5076
f 5074//5074 5075//5075 5076//5076
f 5075//5075 5062//5062 5076//5076

o IM_HotStoves
g 05_HotStoves
usemtl Refractory
s 1
v -15.5000 -19.0000 1.0000
v -15.6533 -17.8353 1.0000
v -16.1029 -16.7500 1.0000
v -16.8180 -15.8180 1.0000
v -17.7500 -15.1029 1.0000
v -18.8353 -14.6533 1.0000
v -20.0000 -14.5000 1.0000
v -21.1647 -14.6533 1.0000
v -22.2500 -15.1029 1.0000
v -23.1820 -15.8180 1.0000
v -23.8971 -16.7500 1.0000
v -24.3467 -17.8353 1.0000
v -24.5000 -19.0000 1.0000
v -24.3467 -20.1647 1.0000
v -23.8971 -21.2500 1.0000
v -23.1820 -22.1820 1.0000
v -22.2500 -22.8971 1.0000
v -21.1647 -23.3467 1.0000
v -20.0000 -23.5000 1.0000
v -18.8353 -23.3467 1.0000
v -17.7500 -22.8971 1.0000
v -16.8180 -22.1820 1.0000
v -16.1029 -21.2500 1.0000
v -15.6533 -20.1647 1.0000
v -15.5000 -19.0000 31.0000
v -15.6533 -17.8353 31.0000
v -16.1029 -16.7500 31.0000
v -16.8180 -15.8180 31.0000
v -17.7500 -15.1029 31.0000
v -18.8353 -14.6533 31.0000
v -20.0000 -14.5000 31.0000
v -21.1647 -14.6533 31.0000
v -22.2500 -15.1029 31.0000
v -23.1820 -15.8180 31.0000
v -23.8971 -16.7500 31.0000
v -24.3467 -17.8353 31.0000
v -24.5000 -19.0000 31.0000
v -24.3467 -20.1647 31.0000
v -23.8971 -21.2500 31.0000
v -23.1820 -22.1820 31.0000
v -22.2500 -22.8971 31.0000
v -21.1647 -23.3467 31.0000
v -20.0000 -23.5000 31.0000
v -18.8353 -23.3467 31.0000
v -17.7500 -22.8971 31.0000
v -16.8180 -22.1820 31.0000
v -16.1029 -21.2500 31.0000
v -15.6533 -20.1647 31.0000
v -15.5000 -19.0000 1.0000
v -15.6533 -17.8353 1.0000
v -16.1029 -16.7500 1.0000
v -16.8180 -15.8180 1.0000
v -17.7500 -15.1029 1.0000
v -18.8353 -14.6533 1.0000
v -20.0000 -14.5000 1.0000
v -21.1647 -14.6533 1.0000
v -22.2500 -15.1029 1.0000
v -23.1820 -15.8180 1.0000
v -23.8971 -16.7500 1.0000
v -24.3467 -17.8353 1.0000
v -24.5000 -19.0000 1.0000
v -24.3467 -20.1647 1.0000
v -23.8971 -21.2500 1.0000
v -23.1820 -22.1820 1.0000
v -22.2500 -22.8971 1.0000
v -21.1647 -23.3467 1.0000
v -20.0000 -23.5000 1.0000
v -18.8353 -23.3467 1.0000
v -17.7500 -22.8971 1.0000
v -16.8180 -22.1820 1.0000
v -16.1029 -21.2500 1.0000
v -15.6533 -20.1647 1.0000
v -20.0000 -19.0000 1.0000
v -15.5000 -19.0000 31.0000
v -15.6533 -17.8353 31.0000
v -16.1029 -16.7500 31.0000
v -16.8180 -15.8180 31.0000
v -17.7500 -15.1029 31.0000
v -18.8353 -14.6533 31.0000
v -20.0000 -14.5000 31.0000
v -21.1647 -14.6533 31.0000
v -22.2500 -15.1029 31.0000
v -23.1820 -15.8180 31.0000
v -23.8971 -16.7500 31.0000
v -24.3467 -17.8353 31.0000
v -24.5000 -19.0000 31.0000
v -24.3467 -20.1647 31.0000
v -23.8971 -21.2500 31.0000
v -23.1820 -22.1820 31.0000
v -22.2500 -22.8971 31.0000
v -21.1647 -23.3467 31.0000
v -20.0000 -23.5000 31.0000
v -18.8353 -23.3467 31.0000
v -17.7500 -22.8971 31.0000
v -16.8180 -22.1820 31.0000
v -16.1029 -21.2500 31.0000
v -15.6533 -20.1647 31.0000
v -20.0000 -19.0000 31.0000
v -15.5000 -19.0000 31.0000
v -15.6533 -17.8353 31.0000
v -16.1029 -16.7500 31.0000
v -16.8180 -15.8180 31.0000
v -17.7500 -15.1029 31.0000
v -18.8353 -14.6533 31.0000
v -20.0000 -14.5000 31.0000
v -21.1647 -14.6533 31.0000
v -22.2500 -15.1029 31.0000
v -23.1820 -15.8180 31.0000
v -23.8971 -16.7500 31.0000
v -24.3467 -17.8353 31.0000
v -24.5000 -19.0000 31.0000
v -24.3467 -20.1647 31.0000
v -23.8971 -21.2500 31.0000
v -23.1820 -22.1820 31.0000
v -22.2500 -22.8971 31.0000
v -21.1647 -23.3467 31.0000
v -20.0000 -23.5000 31.0000
v -18.8353 -23.3467 31.0000
v -17.7500 -22.8971 31.0000
v -16.8180 -22.1820 31.0000
v -16.1029 -21.2500 31.0000
v -15.6533 -20.1647 31.0000
v -19.5000 -19.0000 35.5000
v -19.5170 -18.8706 35.5000
v -19.5670 -18.7500 35.5000
v -19.6464 -18.6464 35.5000
v -19.7500 -18.5670 35.5000
v -19.8706 -18.5170 35.5000
v -20.0000 -18.5000 35.5000
v -20.1294 -18.5170 35.5000
v -20.2500 -18.5670 35.5000
v -20.3536 -18.6464 35.5000
v -20.4330 -18.7500 35.5000
v -20.4830 -18.8706 35.5000
v -20.5000 -19.0000 35.5000
v -20.4830 -19.1294 35.5000
v -20.4330 -19.2500 35.5000
v -20.3536 -19.3536 35.5000
v -20.2500 -19.4330 35.5000
v -20.1294 -19.4830 35.5000
v -20.0000 -19.5000 35.5000
v -19.8706 -19.4830 35.5000
v -19.7500 -19.4330 35.5000
v -19.6464 -19.3536 35.5000
v -19.5670 -19.2500 35.5000
v -19.5170 -19.1294 35.5000
v -15.5000 -19.0000 31.0000
v -15.6533 -17.8353 31.0000
v -16.1029 -16.7500 31.0000
v -16.8180 -15.8180 31.0000
v -17.7500 -15.1029 31.0000
v -18.8353 -14.6533 31.0000
v -20.0000 -14.5000 31.0000
v -21.1647 -14.6533 31.0000
v -22.2500 -15.1029 31.0000
v -23.1820 -15.8180 31.0000
v -23.8971 -16.7500 31.0000
v -24.3467 -17.8353 31.0000
v -24.5000 -19.0000 31.0000
v -24.3467 -20.1647 31.0000
v -23.8971 -21.2500 31.0000
v -23.1820 -22.1820 31.0000
v -22.2500 -22.8971 31.0000
v -21.1647 -23.3467 31.0000
v -20.0000 -23.5000 31.0000
v -18.8353 -23.3467 31.0000
v -17.7500 -22.8971 31.0000
v -16.8180 -22.1820 31.0000
v -16.1029 -21.2500 31.0000
v -15.6533 -20.1647 31.0000
v -20.0000 -19.0000 31.0000
v -19.5000 -19.0000 35.5000
v -19.5170 -18.8706 35.5000
v -19.5670 -18.7500 35.5000
v -19.6464 -18.6464 35.5000
v -19.7500 -18.5670 35.5000
v -19.8706 -18.5170 35.5000
v -20.0000 -18.5000 35.5000
v -20.1294 -18.5170 35.5000
v -20.2500 -18.5670 35.5000
v -20.3536 -18.6464 35.5000
v -20.4330 -18.7500 35.5000
v -20.4830 -18.8706 35.5000
v -20.5000 -19.0000 35.5000
v -20.4830 -19.1294 35.5000
v -20.4330 -19.2500 35.5000
v -20.3536 -19.3536 35.5000
v -20.2500 -19.4330 35.5000
v -20.1294 -19.4830 35.5000
v -20.0000 -19.5000 35.5000
v -19.8706 -19.4830 35.5000
v -19.7500 -19.4330 35.5000
v -19.6464 -19.3536 35.5000
v -19.5670 -19.2500 35.5000
v -19.5170 -19.1294 35.5000
v -20.0000 -19.0000 35.5000
v -3.5000 -19.0000 1.0000
v -3.6533 -17.8353 1.0000
v -4.1029 -16.7500 1.0000
v -4.8180 -15.8180 1.0000
v -5.7500 -15.1029 1.0000
v -6.8353 -14.6533 1.0000
v -8.0000 -14.5000 1.0000
v -9.1647 -14.6533 1.0000
v -10.2500 -15.1029 1.0000
v -11.1820 -15.8180 1.0000
v -11.8971 -16.7500 1.0000
v -12.3467 -17.8353 1.0000
v -12.5000 -19.0000 1.0000
v -12.3467 -20.1647 1.0000
v -11.8971 -21.2500 1.0000
v -11.1820 -22.1820 1.0000
v -10.2500 -22.8971 1.0000
v -9.1647 -23.3467 1.0000
v -8.0000 -23.5000 1.0000
v -6.8353 -23.3467 1.0000
v -5.7500 -22.8971 1.0000
v -4.8180 -22.1820 1.0000
v -4.1029 -21.2500 1.0000
v -3.6533 -20.1647 1.0000
v -3.5000 -19.0000 31.0000
v -3.6533 -17.8353 31.0000
v -4.1029 -16.7500 31.0000
v -4.8180 -15.8180 31.0000
v -5.7500 -15.1029 31.0000
v -6.8353 -14.6533 31.0000
v -8.0000 -14.5000 31.0000
v -9.1647 -14.6533 31.0000
v -10.2500 -15.1029 31.0000
v -11.1820 -15.8180 31.0000
v -11.8971 -16.7500 31.0000
v -12.3467 -17.8353 31.0000
v -12.5000 -19.0000 31.0000
v -12.3467 -20.1647 31.0000
v -11.8971 -21.2500 31.0000
v -11.1820 -22.1820 31.0000
v -10.2500 -22.8971 31.0000
v -9.1647 -23.3467 31.0000
v -8.0000 -23.5000 31.0000
v -6.8353 -23.3467 31.0000
v -5.7500 -22.8971 31.0000
v -4.8180 -22.1820 31.0000
v -4.1029 -21.2500 31.0000
v -3.6533 -20.1647 31.0000
v -3.5000 -19.0000 1.0000
v -3.6533 -17.8353 1.0000
v -4.1029 -16.7500 1.0000
v -4.8180 -15.8180 1.0000
v -5.7500 -15.1029 1.0000
v -6.8353 -14.6533 1.0000
v -8.0000 -14.5000 1.0000
v -9.1647 -14.6533 1.0000
v -10.2500 -15.1029 1.0000
v -11.1820 -15.8180 1.0000
v -11.8971 -16.7500 1.0000
v -12.3467 -17.8353 1.0000
v -12.5000 -19.0000 1.0000
v -12.3467 -20.1647 1.0000
v -11.8971 -21.2500 1.0000
v -11.1820 -22.1820 1.0000
v -10.2500 -22.8971 1.0000
v -9.1647 -23.3467 1.0000
v -8.0000 -23.5000 1.0000
v -6.8353 -23.3467 1.0000
v -5.7500 -22.8971 1.0000
v -4.8180 -22.1820 1.0000
v -4.1029 -21.2500 1.0000
v -3.6533 -20.1647 1.0000
v -8.0000 -19.0000 1.0000
v -3.5000 -19.0000 31.0000
v -3.6533 -17.8353 31.0000
v -4.1029 -16.7500 31.0000
v -4.8180 -15.8180 31.0000
v -5.7500 -15.1029 31.0000
v -6.8353 -14.6533 31.0000
v -8.0000 -14.5000 31.0000
v -9.1647 -14.6533 31.0000
v -10.2500 -15.1029 31.0000
v -11.1820 -15.8180 31.0000
v -11.8971 -16.7500 31.0000
v -12.3467 -17.8353 31.0000
v -12.5000 -19.0000 31.0000
v -12.3467 -20.1647 31.0000
v -11.8971 -21.2500 31.0000
v -11.1820 -22.1820 31.0000
v -10.2500 -22.8971 31.0000
v -9.1647 -23.3467 31.0000
v -8.0000 -23.5000 31.0000
v -6.8353 -23.3467 31.0000
v -5.7500 -22.8971 31.0000
v -4.8180 -22.1820 31.0000
v -4.1029 -21.2500 31.0000
v -3.6533 -20.1647 31.0000
v -8.0000 -19.0000 31.0000
v -3.5000 -19.0000 31.0000
v -3.6533 -17.8353 31.0000
v -4.1029 -16.7500 31.0000
v -4.8180 -15.8180 31.0000
v -5.7500 -15.1029 31.0000
v -6.8353 -14.6533 31.0000
v -8.0000 -14.5000 31.0000
v -9.1647 -14.6533 31.0000
v -10.2500 -15.1029 31.0000
v -11.1820 -15.8180 31.0000
v -11.8971 -16.7500 31.0000
v -12.3467 -17.8353 31.0000
v -12.5000 -19.0000 31.0000
v -12.3467 -20.1647 31.0000
v -11.8971 -21.2500 31.0000
v -11.1820 -22.1820 31.0000
v -10.2500 -22.8971 31.0000
v -9.1647 -23.3467 31.0000
v -8.0000 -23.5000 31.0000
v -6.8353 -23.3467 31.0000
v -5.7500 -22.8971 31.0000
v -4.8180 -22.1820 31.0000
v -4.1029 -21.2500 31.0000
v -3.6533 -20.1647 31.0000
v -7.5000 -19.0000 35.5000
v -7.5170 -18.8706 35.5000
v -7.5670 -18.7500 35.5000
v -7.6464 -18.6464 35.5000
v -7.7500 -18.5670 35.5000
v -7.8706 -18.5170 35.5000
v -8.0000 -18.5000 35.5000
v -8.1294 -18.5170 35.5000
v -8.2500 -18.5670 35.5000
v -8.3536 -18.6464 35.5000
v -8.4330 -18.7500 35.5000
v -8.4830 -18.8706 35.5000
v -8.5000 -19.0000 35.5000
v -8.4830 -19.1294 35.5000
v -8.4330 -19.2500 35.5000
v -8.3536 -19.3536 35.5000
v -8.2500 -19.4330 35.5000
v -8.1294 -19.4830 35.5000
v -8.0000 -19.5000 35.5000
v -7.8706 -19.4830 35.5000
v -7.7500 -19.4330 35.5000
v -7.6464 -19.3536 35.5000
v -7.5670 -19.2500 35.5000
v -7.5170 -19.1294 35.5000
v -3.5000 -19.0000 31.0000
v -3.6533 -17.8353 31.0000
v -4.1029 -16.7500 31.0000
v -4.8180 -15.8180 31.0000
v -5.7500 -15.1029 31.0000
v -6.8353 -14.6533 31.0000
v -8.0000 -14.5000 31.0000
v -9.1647 -14.6533 31.0000
v -10.2500 -15.1029 31.0000
v -11.1820 -15.8180 31.0000
v -11.8971 -16.7500 31.0000
v -12.3467 -17.8353 31.0000
v -12.5000 -19.0000 31.0000
v -12.3467 -20.1647 31.0000
v -11.8971 -21.2500 31.0000
v -11.1820 -22.1820 31.0000
v -10.2500 -22.8971 31.0000
v -9.1647 -23.3467 31.0000
v -8.0000 -23.5000 31.0000
v -6.8353 -23.3467 31.0000
v -5.7500 -22.8971 31.0000
v -4.8180 -22.1820 31.0000
v -4.1029 -21.2500 31.0000
v -3.6533 -20.1647 31.0000
v -8.0000 -19.0000 31.0000
v -7.5000 -19.0000 35.5000
v -7.5170 -18.8706 35.5000
v -7.5670 -18.7500 35.5000
v -7.6464 -18.6464 35.5000
v -7.7500 -18.5670 35.5000
v -7.8706 -18.5170 35.5000
v -8.0000 -18.5000 35.5000
v -8.1294 -18.5170 35.5000
v -8.2500 -18.5670 35.5000
v -8.3536 -18.6464 35.5000
v -8.4330 -18.7500 35.5000
v -8.4830 -18.8706 35.5000
v -8.5000 -19.0000 35.5000
v -8.4830 -19.1294 35.5000
v -8.4330 -19.2500 35.5000
v -8.3536 -19.3536 35.5000
v -8.2500 -19.4330 35.5000
v -8.1294 -19.4830 35.5000
v -8.0000 -19.5000 35.5000
v -7.8706 -19.4830 35.5000
v -7.7500 -19.4330 35.5000
v -7.6464 -19.3536 35.5000
v -7.5670 -19.2500 35.5000
v -7.5170 -19.1294 35.5000
v -8.0000 -19.0000 35.5000
v 8.5000 -19.0000 1.0000
v 8.3467 -17.8353 1.0000
v 7.8971 -16.7500 1.0000
v 7.1820 -15.8180 1.0000
v 6.2500 -15.1029 1.0000
v 5.1647 -14.6533 1.0000
v 4.0000 -14.5000 1.0000
v 2.8353 -14.6533 1.0000
v 1.7500 -15.1029 1.0000
v 0.8180 -15.8180 1.0000
v 0.1029 -16.7500 1.0000
v -0.3467 -17.8353 1.0000
v -0.5000 -19.0000 1.0000
v -0.3467 -20.1647 1.0000
v 0.1029 -21.2500 1.0000
v 0.8180 -22.1820 1.0000
v 1.7500 -22.8971 1.0000
v 2.8353 -23.3467 1.0000
v 4.0000 -23.5000 1.0000
v 5.1647 -23.3467 1.0000
v 6.2500 -22.8971 1.0000
v 7.1820 -22.1820 1.0000
v 7.8971 -21.2500 1.0000
v 8.3467 -20.1647 1.0000
v 8.5000 -19.0000 31.0000
v 8.3467 -17.8353 31.0000
v 7.8971 -16.7500 31.0000
v 7.1820 -15.8180 31.0000
v 6.2500 -15.1029 31.0000
v 5.1647 -14.6533 31.0000
v 4.0000 -14.5000 31.0000
v 2.8353 -14.6533 31.0000
v 1.7500 -15.1029 31.0000
v 0.8180 -15.8180 31.0000
v 0.1029 -16.7500 31.0000
v -0.3467 -17.8353 31.0000
v -0.5000 -19.0000 31.0000
v -0.3467 -20.1647 31.0000
v 0.1029 -21.2500 31.0000
v 0.8180 -22.1820 31.0000
v 1.7500 -22.8971 31.0000
v 2.8353 -23.3467 31.0000
v 4.0000 -23.5000 31.0000
v 5.1647 -23.3467 31.0000
v 6.2500 -22.8971 31.0000
v 7.1820 -22.1820 31.0000
v 7.8971 -21.2500 31.0000
v 8.3467 -20.1647 31.0000
v 8.5000 -19.0000 1.0000
v 8.3467 -17.8353 1.0000
v 7.8971 -16.7500 1.0000
v 7.1820 -15.8180 1.0000
v 6.2500 -15.1029 1.0000
v 5.1647 -14.6533 1.0000
v 4.0000 -14.5000 1.0000
v 2.8353 -14.6533 1.0000
v 1.7500 -15.1029 1.0000
v 0.8180 -15.8180 1.0000
v 0.1029 -16.7500 1.0000
v -0.3467 -17.8353 1.0000
v -0.5000 -19.0000 1.0000
v -0.3467 -20.1647 1.0000
v 0.1029 -21.2500 1.0000
v 0.8180 -22.1820 1.0000
v 1.7500 -22.8971 1.0000
v 2.8353 -23.3467 1.0000
v 4.0000 -23.5000 1.0000
v 5.1647 -23.3467 1.0000
v 6.2500 -22.8971 1.0000
v 7.1820 -22.1820 1.0000
v 7.8971 -21.2500 1.0000
v 8.3467 -20.1647 1.0000
v 4.0000 -19.0000 1.0000
v 8.5000 -19.0000 31.0000
v 8.3467 -17.8353 31.0000
v 7.8971 -16.7500 31.0000
v 7.1820 -15.8180 31.0000
v 6.2500 -15.1029 31.0000
v 5.1647 -14.6533 31.0000
v 4.0000 -14.5000 31.0000
v 2.8353 -14.6533 31.0000
v 1.7500 -15.1029 31.0000
v 0.8180 -15.8180 31.0000
v 0.1029 -16.7500 31.0000
v -0.3467 -17.8353 31.0000
v -0.5000 -19.0000 31.0000
v -0.3467 -20.1647 31.0000
v 0.1029 -21.2500 31.0000
v 0.8180 -22.1820 31.0000
v 1.7500 -22.8971 31.0000
v 2.8353 -23.3467 31.0000
v 4.0000 -23.5000 31.0000
v 5.1647 -23.3467 31.0000
v 6.2500 -22.8971 31.0000
v 7.1820 -22.1820 31.0000
v 7.8971 -21.2500 31.0000
v 8.3467 -20.1647 31.0000
v 4.0000 -19.0000 31.0000
v 8.5000 -19.0000 31.0000
v 8.3467 -17.8353 31.0000
v 7.8971 -16.7500 31.0000
v 7.1820 -15.8180 31.0000
v 6.2500 -15.1029 31.0000
v 5.1647 -14.6533 31.0000
v 4.0000 -14.5000 31.0000
v 2.8353 -14.6533 31.0000
v 1.7500 -15.1029 31.0000
v 0.8180 -15.8180 31.0000
v 0.1029 -16.7500 31.0000
v -0.3467 -17.8353 31.0000
v -0.5000 -19.0000 31.0000
v -0.3467 -20.1647 31.0000
v 0.1029 -21.2500 31.0000
v 0.8180 -22.1820 31.0000
v 1.7500 -22.8971 31.0000
v 2.8353 -23.3467 31.0000
v 4.0000 -23.5000 31.0000
v 5.1647 -23.3467 31.0000
v 6.2500 -22.8971 31.0000
v 7.1820 -22.1820 31.0000
v 7.8971 -21.2500 31.0000
v 8.3467 -20.1647 31.0000
v 4.5000 -19.0000 35.5000
v 4.4830 -18.8706 35.5000
v 4.4330 -18.7500 35.5000
v 4.3536 -18.6464 35.5000
v 4.2500 -18.5670 35.5000
v 4.1294 -18.5170 35.5000
v 4.0000 -18.5000 35.5000
v 3.8706 -18.5170 35.5000
v 3.7500 -18.5670 35.5000
v 3.6464 -18.6464 35.5000
v 3.5670 -18.7500 35.5000
v 3.5170 -18.8706 35.5000
v 3.5000 -19.0000 35.5000
v 3.5170 -19.1294 35.5000
v 3.5670 -19.2500 35.5000
v 3.6464 -19.3536 35.5000
v 3.7500 -19.4330 35.5000
v 3.8706 -19.4830 35.5000
v 4.0000 -19.5000 35.5000
v 4.1294 -19.4830 35.5000
v 4.2500 -19.4330 35.5000
v 4.3536 -19.3536 35.5000
v 4.4330 -19.2500 35.5000
v 4.4830 -19.1294 35.5000
v 8.5000 -19.0000 31.0000
v 8.3467 -17.8353 31.0000
v 7.8971 -16.7500 31.0000
v 7.1820 -15.8180 31.0000
v 6.2500 -15.1029 31.0000
v 5.1647 -14.6533 31.0000
v 4.0000 -14.5000 31.0000
v 2.8353 -14.6533 31.0000
v 1.7500 -15.1029 31.0000
v 0.8180 -15.8180 31.0000
v 0.1029 -16.7500 31.0000
v -0.3467 -17.8353 31.0000
v -0.5000 -19.0000 31.0000
v -0.3467 -20.1647 31.0000
v 0.1029 -21.2500 31.0000
v 0.8180 -22.1820 31.0000
v 1.7500 -22.8971 31.0000
v 2.8353 -23.3467 31.0000
v 4.0000 -23.5000 31.0000
v 5.1647 -23.3467 31.0000
v 6.2500 -22.8971 31.0000
v 7.1820 -22.1820 31.0000
v 7.8971 -21.2500 31.0000
v 8.3467 -20.1647 31.0000
v 4.0000 -19.0000 31.0000
v 4.5000 -19.0000 35.5000
v 4.4830 -18.8706 35.5000
v 4.4330 -18.7500 35.5000
v 4.3536 -18.6464 35.5000
v 4.2500 -18.5670 35.5000
v 4.1294 -18.5170 35.5000
v 4.0000 -18.5000 35.5000
v 3.8706 -18.5170 35.5000
v 3.7500 -18.5670 35.5000
v 3.6464 -18.6464 35.5000
v 3.5670 -18.7500 35.5000
v 3.5170 -18.8706 35.5000
v 3.5000 -19.0000 35.5000
v 3.5170 -19.1294 35.5000
v 3.5670 -19.2500 35.5000
v 3.6464 -19.3536 35.5000
v 3.7500 -19.4330 35.5000
v 3.8706 -19.4830 35.5000
v 4.0000 -19.5000 35.5000
v 4.1294 -19.4830 35.5000
v 4.2500 -19.4330 35.5000
v 4.3536 -19.3536 35.5000
v 4.4330 -19.2500 35.5000
v 4.4830 -19.1294 35.5000
v 4.0000 -19.0000 35.5000
vn 0.9990 0.0438 0.0000
vn 0.9536 0.3009 0.0000
vn 0.8433 0.5375 0.0000
vn 0.6754 0.7374 0.0000
vn 0.4616 0.8871 0.0000
vn 0.2162 0.9763 0.0000
vn -0.0438 0.9990 0.0000
vn -0.3009 0.9536 0.0000
vn -0.5375 0.8433 0.0000
vn -0.7374 0.6754 0.0000
vn -0.8871 0.4616 0.0000
vn -0.9763 0.2162 0.0000
vn -0.9990 -0.0438 0.0000
vn -0.9536 -0.3009 0.0000
vn -0.8433 -0.5375 0.0000
vn -0.6754 -0.7374 0.0000
vn -0.4616 -0.8871 0.0000
vn -0.2162 -0.9763 0.0000
vn 0.0438 -0.9990 0.0000
vn 0.3009 -0.9536 0.0000
vn 0.5375 -0.8433 0.0000
vn 0.7374 -0.6754 0.0000
vn 0.8871 -0.4616 0.0000
vn 0.9763 -0.2162 0.0000
vn 0.9990 -0.0438 0.0000
vn 0.9763 0.2162 0.0000
vn 0.8871 0.4616 0.0000
vn 0.7374 0.6754 0.0000
vn 0.5375 0.8433 0.0000
vn 0.3009 0.9536 0.0000
vn 0.0438 0.9990 0.0000
vn -0.2162 0.9763 0.0000
vn -0.4616 0.8871 0.0000
vn -0.6754 0.7374 0.0000
vn -0.8433 0.5375 0.0000
vn -0.9536 0.3009 0.0000
vn -0.9990 0.0438 0.0000
vn -0.9763 -0.2162 0.0000
vn -0.8871 -0.4616 0.0000
vn -0.7374 -0.6754 0.0000
vn -0.5375 -0.8433 0.0000
vn -0.3009 -0.9536 0.0000
vn -0.0438 -0.9990 0.0000
vn 0.2162 -0.9763 0.0000
vn 0.4616 -0.8871 0.0000
vn 0.6754 -0.7374 0.0000
vn 0.8433 -0.5375 0.0000
vn 0.9536 -0.3009 0.0000
vn 0.0000 0.0000 -1.0000
vn 0.0000 0.0000 -1.0000
vn 0.0000 0.0000 -1.0000
vn 0.0000 0.0000 -1.0000
vn 0.0000 0.0000 -1.0000
vn 0.0000 0.0000 -1.0000
vn 0.0000 0.0000 -1.0000
vn 0.0000 0.0000 -1.0000
vn 0.0000 0.0000 -1.0000
vn 0.0000 0.0000 -1.0000
vn 0.0000 0.0000 -1.0000
vn 0.0000 0.0000 -1.0000
vn 0.0000 0.0000 -1.0000
vn 0.0000 0.0000 -1.0000
vn 0.0000 0.0000 -1.0000
vn 0.0000 0.0000 -1.0000
vn 0.0000 0.0000 -1.0000
vn 0.0000 0.0000 -1.0000
vn 0.0000 0.0000 -1.0000
vn 0.0000 0.0000 -1.0000
vn 0.0000 0.0000 -1.0000
vn 0.0000 0.0000 -1.0000
vn 0.0000 0.0000 -1.0000
vn 0.0000 0.0000 -1.0000
vn 0.0000 0.0000 -1.0000
vn 0.0000 0.0000 1.0000
vn 0.0000 0.0000 1.0000
vn 0.0000 0.0000 1.0000
vn 0.0000 0.0000 1.0000
vn 0.0000 0.0000 1.0000
vn 0.0000 0.0000 1.0000
vn 0.0000 0.0000 1.0000
vn 0.0000 0.0000 1.0000
vn 0.0000 0.0000 1.0000
vn 0.0000 0.0000 1.0000
vn 0.0000 0.0000 1.0000
vn 0.0000 0.0000 1.0000
vn 0.0000 0.0000 1.0000
vn 0.0000 0.0000 1.0000
vn 0.0000 0.0000 1.0000
vn 0.0000 0.0000 1.0000
vn 0.0000 0.0000 1.0000
vn 0.0000 0.0000 1.0000
vn 0.0000 0.0000 1.0000
vn 0.0000 0.0000 1.0000
vn 0.0000 0.0000 1.0000
vn 0.0000 0.0000 1.0000
vn 0.0000 0.0000 1.0000
vn 0.0000 0.0000 1.0000
vn 0.0000 0.0000 1.0000
vn 0.7474 0.0052 0.6644
vn 0.7206 0.1984 0.6644
vn 0.6447 0.3782 0.6644
vn 0.5248 0.5322 0.6644
vn 0.3692 0.6499 0.6644
vn 0.1884 0.7233 0.6644
vn -0.0052 0.7474 0.6644
vn -0.1984 0.7206 0.6644
vn -0.3782 0.6447 0.6644
vn -0.5322 0.5248 0.6644
vn -0.6499 0.3692 0.6644
vn -0.7233 0.1884 0.6644
vn -0.7474 -0.0052 0.6644
vn -0.7206 -0.1984 0.6644
vn -0.6447 -0.3782 0.6644
vn -0.5248 -0.5322 0.6644
vn -0.3692 -0.6499 0.6644
vn -0.1884 -0.7233 0.6644
vn 0.0052 -0.7474 0.6644
vn 0.1984 -0.7206 0.6644
vn 0.3782 -0.6447 0.6644
vn 0.5322 -0.5248 0.6644
vn 0.6499 -0.3692 0.6644
vn 0.7233 -0.1884 0.6644
vn 0.7450 -0.0802 0.6622
vn 0.7404 0.1153 0.6622
vn 0.6853 0.3030 0.6622
vn 0.5835 0.4700 0.6622
vn 0.4420 0.6051 0.6622
vn 0.2703 0.6988 0.6622
vn 0.0802 0.7450 0.6622
vn -0.1153 0.7404 0.6622
vn -0.3030 0.6853 0.6622
vn -0.4700 0.5835 0.6622
vn -0.6051 0.4420 0.6622
vn -0.6988 0.2703 0.6622
vn -0.7450 0.0802 0.6622
vn -0.7404 -0.1153 0.6622
vn -0.6853 -0.3030 0.6622
vn -0.5835 -0.4700 0.6622
vn -0.4420 -0.6051 0.6622
vn -0.2703 -0.6988 0.6622
vn -0.0802 -0.7450 0.6622
vn 0.1153 -0.7404 0.6622
vn 0.3030 -0.6853 0.6622
vn 0.4700 -0.5835 0.6622
vn 0.6051 -0.4420 0.6622
vn 0.6988 -0.2703 0.6622
vn 0.0000 0.0000 -1.0000
vn 0.0000 0.0000 -1.0000
vn 0.0000 0.0000 -1.0000
vn 0.0000 0.0000 -1.0000
vn 0.0000 0.0000 -1.0000
vn 0.0000 0.0000 -1.0000
vn 0.0000 0.0000 -1.0000
vn 0.0000 0.0000 -1.0000
vn 0.0000 0.0000 -1.0000
vn 0.0000 0.0000 -1.0000
vn 0.0000 0.0000 -1.0000
vn 0.0000 0.0000 -1.0000
vn 0.0000 0.0000 -1.0000
vn 0.0000 0.0000 -1.0000
vn 0.0000 0.0000 -1.0000
vn 0.0000 0.0000 -1.0000
vn 0.0000 0.0000 -1.0000
vn 0.0000 0.0000 -1.0000
vn 0.0000 0.0000 -1.0000
vn 0.0000 0.0000 -1.0000
vn 0.0000 0.0000 -1.0000
vn 0.0000 0.0000 -1.0000
vn 0.0000 0.0000 -1.0000
vn 0.0000 0.0000 -1.0000
vn 0.0000 0.0000 -1.0000
vn 0.0000 0.0000 1.0000
vn 0.0000 0.0000 1.0000
vn 0.0000 0.0000 1.0000
vn 0.0000 0.0000 1.0000
vn 0.0000 0.0000 1.0000
vn 0.0000 0.0000 1.0000
vn 0.0000 0.0000 1.0000
vn 0.0000 0.0000 1.0000
vn 0.0000 0.0000 1.0000
vn 0.0000 0.0000 1.0000
vn 0.0000 0.0000 1.0000
vn 0.0000 0.0000 1.0000
vn 0.0000 0.0000 1.0000
vn 0.0000 0.0000 1.0000
vn 0.0000 0.0000 1.0000
vn 0.0000 0.0000 1.0000
vn 0.0000 0.0000 1.0000
vn 0.0000 0.0000 1.0000
vn 0.0000 0.0000 1.0000
vn 0.0000 0.0000 1.0000
vn 0.0000 0.0000 1.0000
vn 0.0000 0.0000 1.0000
vn 0.0000 0.0000 1.0000
vn 0.0000 0.0000 1.0000
vn 0.0000 0.0000 1.0000
vn 0.9990 0.0438 0.0000
vn 0.9536 0.3009 0.0000
vn 0.8433 0.5375 0.0000
vn 0.6754 0.7374 0.0000
vn 0.4616 0.8871 0.0000
vn 0.2162 0.9763 0.0000
vn -0.0438 0.9990 0.0000
vn -0.3009 0.9536 0.0000
vn -0.5375 0.8433 0.0000
vn -0.7374 0.6754 0.0000
vn -0.8871 0.4616 0.0000
vn -0.9763 0.2162 0.0000
vn -0.9990 -0.0438 0.0000
vn -0.9536 -0.3009 0.0000
vn -0.8433 -0.5375 0.0000
vn -0.6754 -0.7374 0.0000
vn -0.4616 -0.8871 0.0000
vn -0.2162 -0.9763 0.0000
vn 0.0438 -0.9990 0.0000
vn 0.3009 -0.9536 0.0000
vn 0.5375 -0.8433 0.0000
vn 0.7374 -0.6754 0.0000
vn 0.8871 -0.4616 0.0000
vn 0.9763 -0.2162 0.0000
vn 0.9990 -0.0438 0.0000
vn 0.9763 0.2162 0.0000
vn 0.8871 0.4616 0.0000
vn 0.7374 0.6754 0.0000
vn 0.5375 0.8433 0.0000
vn 0.3009 0.9536 0.0000
vn 0.0438 0.9990 0.0000
vn -0.2162 0.9763 0.0000
vn -0.4616 0.8871 0.0000
vn -0.6754 0.7374 0.0000
vn -0.8433 0.5375 0.0000
vn -0.9536 0.3009 0.0000
vn -0.9990 0.0438 0.0000
vn -0.9763 -0.2162 0.0000
vn -0.8871 -0.4616 0.0000
vn -0.7374 -0.6754 0.0000
vn -0.5375 -0.8433 0.0000
vn -0.3009 -0.9536 0.0000
vn -0.0438 -0.9990 0.0000
vn 0.2162 -0.9763 0.0000
vn 0.4616 -0.8871 0.0000
vn 0.6754 -0.7374 0.0000
vn 0.8433 -0.5375 0.0000
vn 0.9536 -0.3009 0.0000
vn 0.0000 0.0000 -1.0000
vn 0.0000 0.0000 -1.0000
vn 0.0000 0.0000 -1.0000
vn 0.0000 0.0000 -1.0000
vn 0.0000 0.0000 -1.0000
vn 0.0000 0.0000 -1.0000
vn 0.0000 0.0000 -1.0000
vn 0.0000 0.0000 -1.0000
vn 0.0000 0.0000 -1.0000
vn 0.0000 0.0000 -1.0000
vn 0.0000 0.0000 -1.0000
vn 0.0000 0.0000 -1.0000
vn 0.0000 0.0000 -1.0000
vn 0.0000 0.0000 -1.0000
vn 0.0000 0.0000 -1.0000
vn 0.0000 0.0000 -1.0000
vn 0.0000 0.0000 -1.0000
vn 0.0000 0.0000 -1.0000
vn 0.0000 0.0000 -1.0000
vn 0.0000 0.0000 -1.0000
vn 0.0000 0.0000 -1.0000
vn 0.0000 0.0000 -1.0000
vn 0.0000 0.0000 -1.0000
vn 0.0000 0.0000 -1.0000
vn 0.0000 0.0000 -1.0000
vn 0.0000 0.0000 1.0000
vn 0.0000 0.0000 1.0000
vn 0.0000 0.0000 1.0000
vn 0.0000 0.0000 1.0000
vn 0.0000 0.0000 1.0000
vn 0.0000 0.0000 1.0000
vn 0.0000 0.0000 1.0000
vn 0.0000 0.0000 1.0000
vn 0.0000 0.0000 1.0000
vn 0.0000 0.0000 1.0000
vn 0.0000 0.0000 1.0000
vn 0.0000 0.0000 1.0000
vn 0.0000 0.0000 1.0000
vn 0.0000 0.0000 1.0000
vn 0.0000 0.0000 1.0000
vn 0.0000 0.0000 1.0000
vn 0.0000 0.0000 1.0000
vn 0.0000 0.0000 1.0000
vn 0.0000 0.0000 1.0000
vn 0.0000 0.0000 1.0000
vn 0.0000 0.0000 1.0000
vn 0.0000 0.0000 1.0000
vn 0.0000 0.0000 1.0000
vn 0.0000 0.0000 1.0000
vn 0.0000 0.0000 1.0000
vn 0.7474 0.0052 0.6644
vn 0.7206 0.1984 0.6644
vn 0.6447 0.3782 0.6644
vn 0.5248 0.5322 0.6644
vn 0.3692 0.6499 0.6644
vn 0.1884 0.7233 0.6644
vn -0.0052 0.7474 0.6644
vn -0.1984 0.7206 0.6644
vn -0.3782 0.6447 0.6644
vn -0.5322 0.5248 0.6644
vn -0.6499 0.3692 0.6644
vn -0.7233 0.1884 0.6644
vn -0.7474 -0.0052 0.6644
vn -0.7206 -0.1984 0.6644
vn -0.6447 -0.3782 0.6644
vn -0.5248 -0.5322 0.6644
vn -0.3692 -0.6499 0.6644
vn -0.1884 -0.7233 0.6644
vn 0.0052 -0.7474 0.6644
vn 0.1984 -0.7206 0.6644
vn 0.3782 -0.6447 0.6644
vn 0.5322 -0.5248 0.6644
vn 0.6499 -0.3692 0.6644
vn 0.7233 -0.1884 0.6644
vn 0.7450 -0.0802 0.6622
vn 0.7404 0.1153 0.6622
vn 0.6853 0.3030 0.6622
vn 0.5835 0.4700 0.6622
vn 0.4420 0.6051 0.6622
vn 0.2703 0.6988 0.6622
vn 0.0802 0.7450 0.6622
vn -0.1153 0.7404 0.6622
vn -0.3030 0.6853 0.6622
vn -0.4700 0.5835 0.6622
vn -0.6051 0.4420 0.6622
vn -0.6988 0.2703 0.6622
vn -0.7450 0.0802 0.6622
vn -0.7404 -0.1153 0.6622
vn -0.6853 -0.3030 0.6622
vn -0.5835 -0.4700 0.6622
vn -0.4420 -0.6051 0.6622
vn -0.2703 -0.6988 0.6622
vn -0.0802 -0.7450 0.6622
vn 0.1153 -0.7404 0.6622
vn 0.3030 -0.6853 0.6622
vn 0.4700 -0.5835 0.6622
vn 0.6051 -0.4420 0.6622
vn 0.6988 -0.2703 0.6622
vn 0.0000 0.0000 -1.0000
vn 0.0000 0.0000 -1.0000
vn 0.0000 0.0000 -1.0000
vn 0.0000 0.0000 -1.0000
vn 0.0000 0.0000 -1.0000
vn 0.0000 0.0000 -1.0000
vn 0.0000 0.0000 -1.0000
vn 0.0000 0.0000 -1.0000
vn 0.0000 0.0000 -1.0000
vn 0.0000 0.0000 -1.0000
vn 0.0000 0.0000 -1.0000
vn 0.0000 0.0000 -1.0000
vn 0.0000 0.0000 -1.0000
vn 0.0000 0.0000 -1.0000
vn 0.0000 0.0000 -1.0000
vn 0.0000 0.0000 -1.0000
vn 0.0000 0.0000 -1.0000
vn 0.0000 0.0000 -1.0000
vn 0.0000 0.0000 -1.0000
vn 0.0000 0.0000 -1.0000
vn 0.0000 0.0000 -1.0000
vn 0.0000 0.0000 -1.0000
vn 0.0000 0.0000 -1.0000
vn 0.0000 0.0000 -1.0000
vn 0.0000 0.0000 -1.0000
vn 0.0000 0.0000 1.0000
vn 0.0000 0.0000 1.0000
vn 0.0000 0.0000 1.0000
vn 0.0000 0.0000 1.0000
vn 0.0000 0.0000 1.0000
vn 0.0000 0.0000 1.0000
vn 0.0000 0.0000 1.0000
vn 0.0000 0.0000 1.0000
vn 0.0000 0.0000 1.0000
vn 0.0000 0.0000 1.0000
vn 0.0000 0.0000 1.0000
vn 0.0000 0.0000 1.0000
vn 0.0000 0.0000 1.0000
vn 0.0000 0.0000 1.0000
vn 0.0000 0.0000 1.0000
vn 0.0000 0.0000 1.0000
vn 0.0000 0.0000 1.0000
vn 0.0000 0.0000 1.0000
vn 0.0000 0.0000 1.0000
vn 0.0000 0.0000 1.0000
vn 0.0000 0.0000 1.0000
vn 0.0000 0.0000 1.0000
vn 0.0000 0.0000 1.0000
vn 0.0000 0.0000 1.0000
vn 0.0000 0.0000 1.0000
vn 0.9990 0.0438 0.0000
vn 0.9536 0.3009 0.0000
vn 0.8433 0.5375 0.0000
vn 0.6754 0.7374 0.0000
vn 0.4616 0.8871 0.0000
vn 0.2162 0.9763 0.0000
vn -0.0438 0.9990 0.0000
vn -0.3009 0.9536 0.0000
vn -0.5375 0.8433 0.0000
vn -0.7374 0.6754 0.0000
vn -0.8871 0.4616 0.0000
vn -0.9763 0.2162 0.0000
vn -0.9990 -0.0438 0.0000
vn -0.9536 -0.3009 0.0000
vn -0.8433 -0.5375 0.0000
vn -0.6754 -0.7374 0.0000
vn -0.4616 -0.8871 0.0000
vn -0.2162 -0.9763 0.0000
vn 0.0438 -0.9990 0.0000
vn 0.3009 -0.9536 0.0000
vn 0.5375 -0.8433 0.0000
vn 0.7374 -0.6754 0.0000
vn 0.8871 -0.4616 0.0000
vn 0.9763 -0.2162 0.0000
vn 0.9990 -0.0438 0.0000
vn 0.9763 0.2162 0.0000
vn 0.8871 0.4616 0.0000
vn 0.7374 0.6754 0.0000
vn 0.5375 0.8433 0.0000
vn 0.3009 0.9536 0.0000
vn 0.0438 0.9990 0.0000
vn -0.2162 0.9763 0.0000
vn -0.4616 0.8871 0.0000
vn -0.6754 0.7374 0.0000
vn -0.8433 0.5375 0.0000
vn -0.9536 0.3009 0.0000
vn -0.9990 0.0438 0.0000
vn -0.9763 -0.2162 0.0000
vn -0.8871 -0.4616 0.0000
vn -0.7374 -0.6754 0.0000
vn -0.5375 -0.8433 0.0000
vn -0.3009 -0.9536 0.0000
vn -0.0438 -0.9990 0.0000
vn 0.2162 -0.9763 0.0000
vn 0.4616 -0.8871 0.0000
vn 0.6754 -0.7374 0.0000
vn 0.8433 -0.5375 0.0000
vn 0.9536 -0.3009 0.0000
vn 0.0000 0.0000 -1.0000
vn 0.0000 0.0000 -1.0000
vn 0.0000 0.0000 -1.0000
vn 0.0000 0.0000 -1.0000
vn 0.0000 0.0000 -1.0000
vn 0.0000 0.0000 -1.0000
vn 0.0000 0.0000 -1.0000
vn 0.0000 0.0000 -1.0000
vn 0.0000 0.0000 -1.0000
vn 0.0000 0.0000 -1.0000
vn 0.0000 0.0000 -1.0000
vn 0.0000 0.0000 -1.0000
vn 0.0000 0.0000 -1.0000
vn 0.0000 0.0000 -1.0000
vn 0.0000 0.0000 -1.0000
vn 0.0000 0.0000 -1.0000
vn 0.0000 0.0000 -1.0000
vn 0.0000 0.0000 -1.0000
vn 0.0000 0.0000 -1.0000
vn 0.0000 0.0000 -1.0000
vn 0.0000 0.0000 -1.0000
vn 0.0000 0.0000 -1.0000
vn 0.0000 0.0000 -1.0000
vn 0.0000 0.0000 -1.0000
vn 0.0000 0.0000 -1.0000
vn 0.0000 0.0000 1.0000
vn 0.0000 0.0000 1.0000
vn 0.0000 0.0000 1.0000
vn 0.0000 0.0000 1.0000
vn 0.0000 0.0000 1.0000
vn 0.0000 0.0000 1.0000
vn 0.0000 0.0000 1.0000
vn 0.0000 0.0000 1.0000
vn 0.0000 0.0000 1.0000
vn 0.0000 0.0000 1.0000
vn 0.0000 0.0000 1.0000
vn 0.0000 0.0000 1.0000
vn 0.0000 0.0000 1.0000
vn 0.0000 0.0000 1.0000
vn 0.0000 0.0000 1.0000
vn 0.0000 0.0000 1.0000
vn 0.0000 0.0000 1.0000
vn 0.0000 0.0000 1.0000
vn 0.0000 0.0000 1.0000
vn 0.0000 0.0000 1.0000
vn 0.0000 0.0000 1.0000
vn 0.0000 0.0000 1.0000
vn 0.0000 0.0000 1.0000
vn 0.0000 0.0000 1.0000
vn 0.0000 0.0000 1.0000
vn 0.7474 0.0052 0.6644
vn 0.7206 0.1984 0.6644
vn 0.6447 0.3782 0.6644
vn 0.5248 0.5322 0.6644
vn 0.3692 0.6499 0.6644
vn 0.1884 0.7233 0.6644
vn -0.0052 0.7474 0.6644
vn -0.1984 0.7206 0.6644
vn -0.3782 0.6447 0.6644
vn -0.5322 0.5248 0.6644
vn -0.6499 0.3692 0.6644
vn -0.7233 0.1884 0.6644
vn -0.7474 -0.0052 0.6644
vn -0.7206 -0.1984 0.6644
vn -0.6447 -0.3782 0.6644
vn -0.5248 -0.5322 0.6644
vn -0.3692 -0.6499 0.6644
vn -0.1884 -0.7233 0.6644
vn 0.0052 -0.7474 0.6644
vn 0.1984 -0.7206 0.6644
vn 0.3782 -0.6447 0.6644
vn 0.5322 -0.5248 0.6644
vn 0.6499 -0.3692 0.6644
vn 0.7233 -0.1884 0.6644
vn 0.7450 -0.0802 0.6622
vn 0.7404 0.1153 0.6622
vn 0.6853 0.3030 0.6622
vn 0.5835 0.4700 0.6622
vn 0.4420 0.6051 0.6622
vn 0.2703 0.6988 0.6622
vn 0.0802 0.7450 0.6622
vn -0.1153 0.7404 0.6622
vn -0.3030 0.6853 0.6622
vn -0.4700 0.5835 0.6622
vn -0.6051 0.4420 0.6622
vn -0.6988 0.2703 0.6622
vn -0.7450 0.0802 0.6622
vn -0.7404 -0.1153 0.6622
vn -0.6853 -0.3030 0.6622
vn -0.5835 -0.4700 0.6622
vn -0.4420 -0.6051 0.6622
vn -0.2703 -0.6988 0.6622
vn -0.0802 -0.7450 0.6622
vn 0.1153 -0.7404 0.6622
vn 0.3030 -0.6853 0.6622
vn 0.4700 -0.5835 0.6622
vn 0.6051 -0.4420 0.6622
vn 0.6988 -0.2703 0.6622
vn 0.0000 0.0000 -1.0000
vn 0.0000 0.0000 -1.0000
vn 0.0000 0.0000 -1.0000
vn 0.0000 0.0000 -1.0000
vn 0.0000 0.0000 -1.0000
vn 0.0000 0.0000 -1.0000
vn 0.0000 0.0000 -1.0000
vn 0.0000 0.0000 -1.0000
vn 0.0000 0.0000 -1.0000
vn 0.0000 0.0000 -1.0000
vn 0.0000 0.0000 -1.0000
vn 0.0000 0.0000 -1.0000
vn 0.0000 0.0000 -1.0000
vn 0.0000 0.0000 -1.0000
vn 0.0000 0.0000 -1.0000
vn 0.0000 0.0000 -1.0000
vn 0.0000 0.0000 -1.0000
vn 0.0000 0.0000 -1.0000
vn 0.0000 0.0000 -1.0000
vn 0.0000 0.0000 -1.0000
vn 0.0000 0.0000 -1.0000
vn 0.0000 0.0000 -1.0000
vn 0.0000 0.0000 -1.0000
vn 0.0000 0.0000 -1.0000
vn 0.0000 0.0000 -1.0000
vn 0.0000 0.0000 1.0000
vn 0.0000 0.0000 1.0000
vn 0.0000 0.0000 1.0000
vn 0.0000 0.0000 1.0000
vn 0.0000 0.0000 1.0000
vn 0.0000 0.0000 1.0000
vn 0.0000 0.0000 1.0000
vn 0.0000 0.0000 1.0000
vn 0.0000 0.0000 1.0000
vn 0.0000 0.0000 1.0000
vn 0.0000 0.0000 1.0000
vn 0.0000 0.0000 1.0000
vn 0.0000 0.0000 1.0000
vn 0.0000 0.0000 1.0000
vn 0.0000 0.0000 1.0000
vn 0.0000 0.0000 1.0000
vn 0.0000 0.0000 1.0000
vn 0.0000 0.0000 1.0000
vn 0.0000 0.0000 1.0000
vn 0.0000 0.0000 1.0000
vn 0.0000 0.0000 1.0000
vn 0.0000 0.0000 1.0000
vn 0.0000 0.0000 1.0000
vn 0.0000 0.0000 1.0000
vn 0.0000 0.0000 1.0000
f 5077//5077 5078//5078 5102//5102
f 5077//5077 5102//5102 5101//5101
f 5078//5078 5079//5079 5103//5103
f 5078//5078 5103//5103 5102//5102
f 5079//5079 5080//5080 5104//5104
f 5079//5079 5104//5104 5103//5103
f 5080//5080 5081//5081 5105//5105
f 5080//5080 5105//5105 5104//5104
f 5081//5081 5082//5082 5106//5106
f 5081//5081 5106//5106 5105//5105
f 5082//5082 5083//5083 5107//5107
f 5082//5082 5107//5107 5106//5106
f 5083//5083 5084//5084 5108//5108
f 5083//5083 5108//5108 5107//5107
f 5084//5084 5085//5085 5109//5109
f 5084//5084 5109//5109 5108//5108
f 5085//5085 5086//5086 5110//5110
f 5085//5085 5110//5110 5109//5109
f 5086//5086 5087//5087 5111//5111
f 5086//5086 5111//5111 5110//5110
f 5087//5087 5088//5088 5112//5112
f 5087//5087 5112//5112 5111//5111
f 5088//5088 5089//5089 5113//5113
f 5088//5088 5113//5113 5112//5112
f 5089//5089 5090//5090 5114//5114
f 5089//5089 5114//5114 5113//5113
f 5090//5090 5091//5091 5115//5115
f 5090//5090 5115//5115 5114//5114
f 5091//5091 5092//5092 5116//5116
f 5091//5091 5116//5116 5115//5115
f 5092//5092 5093//5093 5117//5117
f 5092//5092 5117//5117 5116//5116
f 5093//5093 5094//5094 5118//5118
f 5093//5093 5118//5118 5117//5117
f 5094//5094 5095//5095 5119//5119
f 5094//5094 5119//5119 5118//5118
f 5095//5095 5096//5096 5120//5120
f 5095//5095 5120//5120 5119//5119
f 5096//5096 5097//5097 5121//5121
f 5096//5096 5121//5121 5120//5120
f 5097//5097 5098//5098 5122//5122
f 5097//5097 5122//5122 5121//5121
f 5098//5098 5099//5099 5123//5123
f 5098//5098 5123//5123 5122//5122
f 5099//5099 5100//5100 5124//5124
f 5099//5099 5124//5124 5123//5123
f 5100//5100 5077//5077 5101//5101
f 5100//5100 5101//5101 5124//5124
f 5126//5126 5125//5125 5149//5149
f 5127//5127 5126//5126 5149//5149
f 5128//5128 5127//5127 5149//5149
f 5129//5129 5128//5128 5149//5149
f 5130//5130 5129//5129 5149//5149
f 5131//5131 5130//5130 5149//5149
f 5132//5132 5131//5131 5149//5149
f 5133//5133 5132//5132 5149//5149
f 5134//5134 5133//5133 5149//5149
f 5135//5135 5134//5134 5149//5149
f 5136//5136 5135//5135 5149//5149
f 5137//5137 5136//5136 5149//5149
f 5138//5138 5137//5137 5149//5149
f 5139//5139 5138//5138 5149//5149
f 5140//5140 5139//5139 5149//5149
f 5141//5141 5140//5140 5149//5149
f 5142//5142 5141//5141 5149//5149
f 5143//5143 5142//5142 5149//5149
f 5144//5144 5143//5143 5149//5149
f 5145//5145 5144//5144 5149//5149
f 5146//5146 5145//5145 5149//5149
f 5147//5147 5146//5146 5149//5149
f 5148//5148 5147//5147 5149//5149
f 5125//5125 5148//5148 5149//5149
f 5150//5150 5151//5151 5174//5174
f 5151//5151 5152//5152 5174//5174
f 5152//5152 5153//5153 5174//5174
f 5153//5153 5154//5154 5174//5174
f 5154//5154 5155//5155 5174//5174
f 5155//5155 5156//5156 5174//5174
f 5156//5156 5157//5157 5174//5174
f 5157//5157 5158//5158 5174//5174
f 5158//5158 5159//5159 5174//5174
f 5159//5159 5160//5160 5174//5174
f 5160//5160 5161//5161 5174//5174
f 5161//5161 5162//5162 5174//5174
f 5162//5162 5163//5163 5174//5174
f 5163//5163 5164//5164 5174//5174
f 5164//5164 5165//5165 5174//5174
f 5165//5165 5166//5166 5174//5174
f 5166//5166 5167//5167 5174//5174
f 5167//5167 5168//5168 5174//5174
f 5168//5168 5169//5169 5174//5174
f 5169//5169 5170//5170 5174//5174
f 5170//5170 5171//5171 5174//5174
f 5171//5171 5172//5172 5174//5174
f 5172//5172 5173//5173 5174//5174
f 5173//5173 5150//5150 5174//5174
f 5175//5175 5176//5176 5200//5200
f 5175//5175 5200//5200 5199//5199
f 5176//5176 5177//5177 5201//5201
f 5176//5176 5201//5201 5200//5200
f 5177//5177 5178//5178 5202//5202
f 5177//5177 5202//5202 5201//5201
f 5178//5178 5179//5179 5203//5203
f 5178//5178 5203//5203 5202//5202
f 5179//5179 5180//5180 5204//5204
f 5179//5179 5204//5204 5203//5203
f 5180//5180 5181//5181 5205//5205
f 5180//5180 5205//5205 5204//5204
f 5181//5181 5182//5182 5206//5206
f 5181//5181 5206//5206 5205//5205
f 5182//5182 5183//5183 5207//5207
f 5182//5182 5207//5207 5206//5206
f 5183//5183 5184//5184 5208//5208
f 5183//5183 5208//5208 5207//5207
f 5184//5184 5185//5185 5209//5209
f 5184//5184 5209//5209 5208//5208
f 5185//5185 5186//5186 5210//5210
f 5185//5185 5210//5210 5209//5209
f 5186//5186 5187//5187 5211//5211
f 5186//5186 5211//5211 5210//5210
f 5187//5187 5188//5188 5212//5212
f 5187//5187 5212//5212 5211//5211
f 5188//5188 5189//5189 5213//5213
f 5188//5188 5213//5213 5212//5212
f 5189//5189 5190//5190 5214//5214
f 5189//5189 5214//5214 5213//5213
f 5190//5190 5191//5191 5215//5215
f 5190//5190 5215//5215 5214//5214
f 5191//5191 5192//5192 5216//5216
f 5191//5191 5216//5216 5215//5215
f 5192//5192 5193//5193 5217//5217
f 5192//5192 5217//5217 5216//5216
f 5193//5193 5194//5194 5218//5218
f 5193//5193 5218//5218 5217//5217
f 5194//5194 5195//5195 5219//5219
f 5194//5194 5219//5219 5218//5218
f 5195//5195 5196//5196 5220//5220
f 5195//5195 5220//5220 5219//5219
f 5196//5196 5197//5197 5221//5221
f 5196//5196 5221//5221 5220//5220
f 5197//5197 5198//5198 5222//5222
f 5197//5197 5222//5222 5221//5221
f 5198//5198 5175//5175 5199//5199
f 5198//5198 5199//5199 5222//5222
f 5224//5224 5223//5223 5247//5247
f 5225//5225 5224//5224 5247//5247
f 5226//5226 5225//5225 5247//5247
f 5227//5227 5226//5226 5247//5247
f 5228//5228 5227//5227 5247//5247
f 5229//5229 5228//5228 5247//5247
f 5230//5230 5229//5229 5247//5247
f 5231//5231 5230//5230 5247//5247
f 5232//5232 5231//5231 5247//5247
f 5233//5233 5232//5232 5247//5247
f 5234//5234 5233//5233 5247//5247
f 5235//5235 5234//5234 5247//5247
f 5236//5236 5235//5235 5247//5247
f 5237//5237 5236//5236 5247//5247
f 5238//5238 5237//5237 5247//5247
f 5239//5239 5238//5238 5247//5247
f 5240//5240 5239//5239 5247//5247
f 5241//5241 5240//5240 5247//5247
f 5242//5242 5241//5241 5247//5247
f 5243//5243 5242//5242 5247//5247
f 5244//5244 5243//5243 5247//5247
f 5245//5245 5244//5244 5247//5247
f 5246//5246 5245//5245 5247//5247
f 5223//5223 5246//5246 5247//5247
f 5248//5248 5249//5249 5272//5272
f 5249//5249 5250//5250 5272//5272
f 5250//5250 5251//5251 5272//5272
f 5251//5251 5252//5252 5272//5272
f 5252//5252 5253//5253 5272//5272
f 5253//5253 5254//5254 5272//5272
f 5254//5254 5255//5255 5272//5272
f 5255//5255 5256//5256 5272//5272
f 5256//5256 5257//5257 5272//5272
f 5257//5257 5258//5258 5272//5272
f 5258//5258 5259//5259 5272//5272
f 5259//5259 5260//5260 5272//5272
f 5260//5260 5261//5261 5272//5272
f 5261//5261 5262//5262 5272//5272
f 5262//5262 5263//5263 5272//5272
f 5263//5263 5264//5264 5272//5272
f 5264//5264 5265//5265 5272//5272
f 5265//5265 5266//5266 5272//5272
f 5266//5266 5267//5267 5272//5272
f 5267//5267 5268//5268 5272//5272
f 5268//5268 5269//5269 5272//5272
f 5269//5269 5270//5270 5272//5272
f 5270//5270 5271//5271 5272//5272
f 5271//5271 5248//5248 5272//5272
f 5273//5273 5274//5274 5298//5298
f 5273//5273 5298//5298 5297//5297
f 5274//5274 5275//5275 5299//5299
f 5274//5274 5299//5299 5298//5298
f 5275//5275 5276//5276 5300//5300
f 5275//5275 5300//5300 5299//5299
f 5276//5276 5277//5277 5301//5301
f 5276//5276 5301//5301 5300//5300
f 5277//5277 5278//5278 5302//5302
f 5277//5277 5302//5302 5301//5301
f 5278//5278 5279//5279 5303//5303
f 5278//5278 5303//5303 5302//5302
f 5279//5279 5280//5280 5304//5304
f 5279//5279 5304//5304 5303//5303
f 5280//5280 5281//5281 5305//5305
f 5280//5280 5305//5305 5304//5304
f 5281//5281 5282//5282 5306//5306
f 5281//5281 5306//5306 5305//5305
f 5282//5282 5283//5283 5307//5307
f 5282//5282 5307//5307 5306//5306
f 5283//5283 5284//5284 5308//5308
f 5283//5283 5308//5308 5307//5307
f 5284//5284 5285//5285 5309//5309
f 5284//5284 5309//5309 5308//5308
f 5285//5285 5286//5286 5310//5310
f 5285//5285 5310//5310 5309//5309
f 5286//5286 5287//5287 5311//5311
f 5286//5286 5311//5311 5310//5310
f 5287//5287 5288//5288 5312//5312
f 5287//5287 5312//5312 5311//5311
f 5288//5288 5289//5289 5313//5313
f 5288//5288 5313//5313 5312//5312
f 5289//5289 5290//5290 5314//5314
f 5289//5289 5314//5314 5313//5313
f 5290//5290 5291//5291 5315//5315
f 5290//5290 5315//5315 5314//5314
f 5291//5291 5292//5292 5316//5316
f 5291//5291 5316//5316 5315//5315
f 5292//5292 5293//5293 5317//5317
f 5292//5292 5317//5317 5316//5316
f 5293//5293 5294//5294 5318//5318
f 5293//5293 5318//5318 5317//5317
f 5294//5294 5295//5295 5319//5319
f 5294//5294 5319//5319 5318//5318
f 5295//5295 5296//5296 5320//5320
f 5295//5295 5320//5320 5319//5319
f 5296//5296 5273//5273 5297//5297
f 5296//5296 5297//5297 5320//5320
f 5322//5322 5321//5321 5345//5345
f 5323//5323 5322//5322 5345//5345
f 5324//5324 5323//5323 5345//5345
f 5325//5325 5324//5324 5345//5345
f 5326//5326 5325//5325 5345//5345
f 5327//5327 5326//5326 5345//5345
f 5328//5328 5327//5327 5345//5345
f 5329//5329 5328//5328 5345//5345
f 5330//5330 5329//5329 5345//5345
f 5331//5331 5330//5330 5345//5345
f 5332//5332 5331//5331 5345//5345
f 5333//5333 5332//5332 5345//5345
f 5334//5334 5333//5333 5345//5345
f 5335//5335 5334//5334 5345//5345
f 5336//5336 5335//5335 5345//5345
f 5337//5337 5336//5336 5345//5345
f 5338//5338 5337//5337 5345//5345
f 5339//5339 5338//5338 5345//5345
f 5340//5340 5339//5339 5345//5345
f 5341//5341 5340//5340 5345//5345
f 5342//5342 5341//5341 5345//5345
f 5343//5343 5342//5342 5345//5345
f 5344//5344 5343//5343 5345//5345
f 5321//5321 5344//5344 5345//5345
f 5346//5346 5347//5347 5370//5370
f 5347//5347 5348//5348 5370//5370
f 5348//5348 5349//5349 5370//5370
f 5349//5349 5350//5350 5370//5370
f 5350//5350 5351//5351 5370//5370
f 5351//5351 5352//5352 5370//5370
f 5352//5352 5353//5353 5370//5370
f 5353//5353 5354//5354 5370//5370
f 5354//5354 5355//5355 5370//5370
f 5355//5355 5356//5356 5370//5370
f 5356//5356 5357//5357 5370//5370
f 5357//5357 5358//5358 5370//5370
f 5358//5358 5359//5359 5370//5370
f 5359//5359 5360//5360 5370//5370
f 5360//5360 5361//5361 5370//5370
f 5361//5361 5362//5362 5370//5370
f 5362//5362 5363//5363 5370//5370
f 5363//5363 5364//5364 5370//5370
f 5364//5364 5365//5365 5370//5370
f 5365//5365 5366//5366 5370//5370
f 5366//5366 5367//5367 5370//5370
f 5367//5367 5368//5368 5370//5370
f 5368//5368 5369//5369 5370//5370
f 5369//5369 5346//5346 5370//5370
f 5371//5371 5372//5372 5396//5396
f 5371//5371 5396//5396 5395//5395
f 5372//5372 5373//5373 5397//5397
f 5372//5372 5397//5397 5396//5396
f 5373//5373 5374//5374 5398//5398
f 5373//5373 5398//5398 5397//5397
f 5374//5374 5375//5375 5399//5399
f 5374//5374 5399//5399 5398//5398
f 5375//5375 5376//5376 5400//5400
f 5375//5375 5400//5400 5399//5399
f 5376//5376 5377//5377 5401//5401
f 5376//5376 5401//5401 5400//5400
f 5377//5377 5378//5378 5402//5402
f 5377//5377 5402//5402 5401//5401
f 5378//5378 5379//5379 5403//5403
f 5378//5378 5403//5403 5402//5402
f 5379//5379 5380//5380 5404//5404
f 5379//5379 5404//5404 5403//5403
f 5380//5380 5381//5381 5405//5405
f 5380//5380 5405//5405 5404//5404
f 5381//5381 5382//5382 5406//5406
f 5381//5381 5406//5406 5405//5405
f 5382//5382 5383//5383 5407//5407
f 5382//5382 5407//5407 5406//5406
f 5383//5383 5384//5384 5408//5408
f 5383//5383 5408//5408 5407//5407
f 5384//5384 5385//5385 5409//5409
f 5384//5384 5409//5409 5408//5408
f 5385//5385 5386//5386 5410//5410
f 5385//5385 5410//5410 5409//5409
f 5386//5386 5387//5387 5411//5411
f 5386//5386 5411//5411 5410//5410
f 5387//5387 5388//5388 5412//5412
f 5387//5387 5412//5412 5411//5411
f 5388//5388 5389//5389 5413//5413
f 5388//5388 5413//5413 5412//5412
f 5389//5389 5390//5390 5414//5414
f 5389//5389 5414//5414 5413//5413
f 5390//5390 5391//5391 5415//5415
f 5390//5390 5415//5415 5414//5414
f 5391//5391 5392//5392 5416//5416
f 5391//5391 5416//5416 5415//5415
f 5392//5392 5393//5393 5417//5417
f 5392//5392 5417//5417 5416//5416
f 5393//5393 5394//5394 5418//5418
f 5393//5393 5418//5418 5417//5417
f 5394//5394 5371//5371 5395//5395
f 5394//5394 5395//5395 5418//5418
f 5420//5420 5419//5419 5443//5443
f 5421//5421 5420//5420 5443//5443
f 5422//5422 5421//5421 5443//5443
f 5423//5423 5422//5422 5443//5443
f 5424//5424 5423//5423 5443//5443
f 5425//5425 5424//5424 5443//5443
f 5426//5426 5425//5425 5443//5443
f 5427//5427 5426//5426 5443//5443
f 5428//5428 5427//5427 5443//5443
f 5429//5429 5428//5428 5443//5443
f 5430//5430 5429//5429 5443//5443
f 5431//5431 5430//5430 5443//5443
f 5432//5432 5431//5431 5443//5443
f 5433//5433 5432//5432 5443//5443
f 5434//5434 5433//5433 5443//5443
f 5435//5435 5434//5434 5443//5443
f 5436//5436 5435//5435 5443//5443
f 5437//5437 5436//5436 5443//5443
f 5438//5438 5437//5437 5443//5443
f 5439//5439 5438//5438 5443//5443
f 5440//5440 5439//5439 5443//5443
f 5441//5441 5440//5440 5443//5443
f 5442//5442 5441//5441 5443//5443
f 5419//5419 5442//5442 5443//5443
f 5444//5444 5445//5445 5468//5468
f 5445//5445 5446//5446 5468//5468
f 5446//5446 5447//5447 5468//5468
f 5447//5447 5448//5448 5468//5468
f 5448//5448 5449//5449 5468//5468
f 5449//5449 5450//5450 5468//5468
f 5450//5450 5451//5451 5468//5468
f 5451//5451 5452//5452 5468//5468
f 5452//5452 5453//5453 5468//5468
f 5453//5453 5454//5454 5468//5468
f 5454//5454 5455//5455 5468//5468
f 5455//5455 5456//5456 5468//5468
f 5456//5456 5457//5457 5468//5468
f 5457//5457 5458//5458 5468//5468
f 5458//5458 5459//5459 5468//5468
f 5459//5459 5460//5460 5468//5468
f 5460//5460 5461//5461 5468//5468
f 5461//5461 5462//5462 5468//5468
f 5462//5462 5463//5463 5468//5468
f 5463//5463 5464//5464 5468//5468
f 5464//5464 5465//5465 5468//5468
f 5465//5465 5466//5466 5468//5468
f 5466//5466 5467//5467 5468//5468
f 5467//5467 5444//5444 5468//5468
f 5469//5469 5470//5470 5494//5494
f 5469//5469 5494//5494 5493//5493
f 5470//5470 5471//5471 5495//5495
f 5470//5470 5495//5495 5494//5494
f 5471//5471 5472//5472 5496//5496
f 5471//5471 5496//5496 5495//5495
f 5472//5472 5473//5473 5497//5497
f 5472//5472 5497//5497 5496//5496
f 5473//5473 5474//5474 5498//5498
f 5473//5473 5498//5498 5497//5497
f 5474//5474 5475//5475 5499//5499
f 5474//5474 5499//5499 5498//5498
f 5475//5475 5476//5476 5500//5500
f 5475//5475 5500//5500 5499//5499
f 5476//5476 5477//5477 5501//5501
f 5476//5476 5501//5501 5500//5500
f 5477//5477 5478//5478 5502//5502
f 5477//5477 5502//5502 5501//5501
f 5478//5478 5479//5479 5503//5503
f 5478//5478 5503//5503 5502//5502
f 5479//5479 5480//5480 5504//5504
f 5479//5479 5504//5504 5503//5503
f 5480//5480 5481//5481 5505//5505
f 5480//5480 5505//5505 5504//5504
f 5481//5481 5482//5482 5506//5506
f 5481//5481 5506//5506 5505//5505
f 5482//5482 5483//5483 5507//5507
f 5482//5482 5507//5507 5506//5506
f 5483//5483 5484//5484 5508//5508
f 5483//5483 5508//5508 5507//5507
f 5484//5484 5485//5485 5509//5509
f 5484//5484 5509//5509 5508//5508
f 5485//5485 5486//5486 5510//5510
f 5485//5485 5510//5510 5509//5509
f 5486//5486 5487//5487 5511//5511
f 5486//5486 5511//5511 5510//5510
f 5487//5487 5488//5488 5512//5512
f 5487//5487 5512//5512 5511//5511
f 5488//5488 5489//5489 5513//5513
f 5488//5488 5513//5513 5512//5512
f 5489//5489 5490//5490 5514//5514
f 5489//5489 5514//5514 5513//5513
f 5490//5490 5491//5491 5515//5515
f 5490//5490 5515//5515 5514//5514
f 5491//5491 5492//5492 5516//5516
f 5491//5491 5516//5516 5515//5515
f 5492//5492 5469//5469 5493//5493
f 5492//5492 5493//5493 5516//5516
f 5518//5518 5517//5517 5541//5541
f 5519//5519 5518//5518 5541//5541
f 5520//5520 5519//5519 5541//5541
f 5521//5521 5520//5520 5541//5541
f 5522//5522 5521//5521 5541//5541
f 5523//5523 5522//5522 5541//5541
f 5524//5524 5523//5523 5541//5541
f 5525//5525 5524//5524 5541//5541
f 5526//5526 5525//5525 5541//5541
f 5527//5527 5526//5526 5541//5541
f 5528//5528 5527//5527 5541//5541
f 5529//5529 5528//5528 5541//5541
f 5530//5530 5529//5529 5541//5541
f 5531//5531 5530//5530 5541//5541
f 5532//5532 5531//5531 5541//5541
f 5533//5533 5532//5532 5541//5541
f 5534//5534 5533//5533 5541//5541
f 5535//5535 5534//5534 5541//5541
f 5536//5536 5535//5535 5541//5541
f 5537//5537 5536//5536 5541//5541
f 5538//5538 5537//5537 5541//5541
f 5539//5539 5538//5538 5541//5541
f 5540//5540 5539//5539 5541//5541
f 5517//5517 5540//5540 5541//5541
f 5542//5542 5543//5543 5566//5566
f 5543//5543 5544//5544 5566//5566
f 5544//5544 5545//5545 5566//5566
f 5545//5545 5546//5546 5566//5566
f 5546//5546 5547//5547 5566//5566
f 5547//5547 5548//5548 5566//5566
f 5548//5548 5549//5549 5566//5566
f 5549//5549 5550//5550 5566//5566
f 5550//5550 5551//5551 5566//5566
f 5551//5551 5552//5552 5566//5566
f 5552//5552 5553//5553 5566//5566
f 5553//5553 5554//5554 5566//5566
f 5554//5554 5555//5555 5566//5566
f 5555//5555 5556//5556 5566//5566
f 5556//5556 5557//5557 5566//5566
f 5557//5557 5558//5558 5566//5566
f 5558//5558 5559//5559 5566//5566
f 5559//5559 5560//5560 5566//5566
f 5560//5560 5561//5561 5566//5566
f 5561//5561 5562//5562 5566//5566
f 5562//5562 5563//5563 5566//5566
f 5563//5563 5564//5564 5566//5566
f 5564//5564 5565//5565 5566//5566
f 5565//5565 5542//5542 5566//5566
f 5567//5567 5568//5568 5592//5592
f 5567//5567 5592//5592 5591//5591
f 5568//5568 5569//5569 5593//5593
f 5568//5568 5593//5593 5592//5592
f 5569//5569 5570//5570 5594//5594
f 5569//5569 5594//5594 5593//5593
f 5570//5570 5571//5571 5595//5595
f 5570//5570 5595//5595 5594//5594
f 5571//5571 5572//5572 5596//5596
f 5571//5571 5596//5596 5595//5595
f 5572//5572 5573//5573 5597//5597
f 5572//5572 5597//5597 5596//5596
f 5573//5573 5574//5574 5598//5598
f 5573//5573 5598//5598 5597//5597
f 5574//5574 5575//5575 5599//5599
f 5574//5574 5599//5599 5598//5598
f 5575//5575 5576//5576 5600//5600
f 5575//5575 5600//5600 5599//5599
f 5576//5576 5577//5577 5601//5601
f 5576//5576 5601//5601 5600//5600
f 5577//5577 5578//5578 5602//5602
f 5577//5577 5602//5602 5601//5601
f 5578//5578 5579//5579 5603//5603
f 5578//5578 5603//5603 5602//5602
f 5579//5579 5580//5580 5604//5604
f 5579//5579 5604//5604 5603//5603
f 5580//5580 5581//5581 5605//5605
f 5580//5580 5605//5605 5604//5604
f 5581//5581 5582//5582 5606//5606
f 5581//5581 5606//5606 5605//5605
f 5582//5582 5583//5583 5607//5607
f 5582//5582 5607//5607 5606//5606
f 5583//5583 5584//5584 5608//5608
f 5583//5583 5608//5608 5607//5607
f 5584//5584 5585//5585 5609//5609
f 5584//5584 5609//5609 5608//5608
f 5585//5585 5586//5586 5610//5610
f 5585//5585 5610//5610 5609//5609
f 5586//5586 5587//5587 5611//5611
f 5586//5586 5611//5611 5610//5610
f 5587//5587 5588//5588 5612//5612
f 5587//5587 5612//5612 5611//5611
f 5588//5588 5589//5589 5613//5613
f 5588//5588 5613//5613 5612//5612
f 5589//5589 5590//5590 5614//5614
f 5589//5589 5614//5614 5613//5613
f 5590//5590 5567//5567 5591//5591
f 5590//5590 5591//5591 5614//5614
f 5616//5616 5615//5615 5639//5639
f 5617//5617 5616//5616 5639//5639
f 5618//5618 5617//5617 5639//5639
f 5619//5619 5618//5618 5639//5639
f 5620//5620 5619//5619 5639//5639
f 5621//5621 5620//5620 5639//5639
f 5622//5622 5621//5621 5639//5639
f 5623//5623 5622//5622 5639//5639
f 5624//5624 5623//5623 5639//5639
f 5625//5625 5624//5624 5639//5639
f 5626//5626 5625//5625 5639//5639
f 5627//5627 5626//5626 5639//5639
f 5628//5628 5627//5627 5639//5639
f 5629//5629 5628//5628 5639//5639
f 5630//5630 5629//5629 5639//5639
f 5631//5631 5630//5630 5639//5639
f 5632//5632 5631//5631 5639//5639
f 5633//5633 5632//5632 5639//5639
f 5634//5634 5633//5633 5639//5639
f 5635//5635 5634//5634 5639//5639
f 5636//5636 5635//5635 5639//5639
f 5637//5637 5636//5636 5639//5639
f 5638//5638 5637//5637 5639//5639
f 5615//5615 5638//5638 5639//5639
f 5640//5640 5641//5641 5664//5664
f 5641//5641 5642//5642 5664//5664
f 5642//5642 5643//5643 5664//5664
f 5643//5643 5644//5644 5664//5664
f 5644//5644 5645//5645 5664//5664
f 5645//5645 5646//5646 5664//5664
f 5646//5646 5647//5647 5664//5664
f 5647//5647 5648//5648 5664//5664
f 5648//5648 5649//5649 5664//5664
f 5649//5649 5650//5650 5664//5664
f 5650//5650 5651//5651 5664//5664
f 5651//5651 5652//5652 5664//5664
f 5652//5652 5653//5653 5664//5664
f 5653//5653 5654//5654 5664//5664
f 5654//5654 5655//5655 5664//5664
f 5655//5655 5656//5656 5664//5664
f 5656//5656 5657//5657 5664//5664
f 5657//5657 5658//5658 5664//5664
f 5658//5658 5659//5659 5664//5664
f 5659//5659 5660//5660 5664//5664
f 5660//5660 5661//5661 5664//5664
f 5661//5661 5662//5662 5664//5664
f 5662//5662 5663//5663 5664//5664
f 5663//5663 5640//5640 5664//5664

o IM_HotStove_Pipes
g 05_HotStoves
usemtl Steel_Matte
s 1
v -19.1000 -14.5000 9.0000
v -19.2206 -14.5000 8.5500
v -19.5500 -14.5000 8.2206
v -20.0000 -14.5000 8.1000
v -20.4500 -14.5000 8.2206
v -20.7794 -14.5000 8.5500
v -20.9000 -14.5000 9.0000
v -20.7794 -14.5000 9.4500
v -20.4500 -14.5000 9.7794
v -20.0000 -14.5000 9.9000
v -19.5500 -14.5000 9.7794
v -19.2206 -14.5000 9.4500
v -19.1000 -3.5000 9.0000
v -19.2206 -3.5000 8.5500
v -19.5500 -3.5000 8.2206
v -20.0000 -3.5000 8.1000
v -20.4500 -3.5000 8.2206
v -20.7794 -3.5000 8.5500
v -20.9000 -3.5000 9.0000
v -20.7794 -3.5000 9.4500
v -20.4500 -3.5000 9.7794
v -20.0000 -3.5000 9.9000
v -19.5500 -3.5000 9.7794
v -19.2206 -3.5000 9.4500
v -19.1000 -14.5000 9.0000
v -19.2206 -14.5000 8.5500
v -19.5500 -14.5000 8.2206
v -20.0000 -14.5000 8.1000
v -20.4500 -14.5000 8.2206
v -20.7794 -14.5000 8.5500
v -20.9000 -14.5000 9.0000
v -20.7794 -14.5000 9.4500
v -20.4500 -14.5000 9.7794
v -20.0000 -14.5000 9.9000
v -19.5500 -14.5000 9.7794
v -19.2206 -14.5000 9.4500
v -20.0000 -14.5000 9.0000
v -19.1000 -3.5000 9.0000
v -19.2206 -3.5000 8.5500
v -19.5500 -3.5000 8.2206
v -20.0000 -3.5000 8.1000
v -20.4500 -3.5000 8.2206
v -20.7794 -3.5000 8.5500
v -20.9000 -3.5000 9.0000
v -20.7794 -3.5000 9.4500
v -20.4500 -3.5000 9.7794
v -20.0000 -3.5000 9.9000
v -19.5500 -3.5000 9.7794
v -19.2206 -3.5000 9.4500
v -20.0000 -3.5000 9.0000
v -7.1000 -14.5000 9.0000
v -7.2206 -14.5000 8.5500
v -7.5500 -14.5000 8.2206
v -8.0000 -14.5000 8.1000
v -8.4500 -14.5000 8.2206
v -8.7794 -14.5000 8.5500
v -8.9000 -14.5000 9.0000
v -8.7794 -14.5000 9.4500
v -8.4500 -14.5000 9.7794
v -8.0000 -14.5000 9.9000
v -7.5500 -14.5000 9.7794
v -7.2206 -14.5000 9.4500
v -7.1000 -3.5000 9.0000
v -7.2206 -3.5000 8.5500
v -7.5500 -3.5000 8.2206
v -8.0000 -3.5000 8.1000
v -8.4500 -3.5000 8.2206
v -8.7794 -3.5000 8.5500
v -8.9000 -3.5000 9.0000
v -8.7794 -3.5000 9.4500
v -8.4500 -3.5000 9.7794
v -8.0000 -3.5000 9.9000
v -7.5500 -3.5000 9.7794
v -7.2206 -3.5000 9.4500
v -7.1000 -14.5000 9.0000
v -7.2206 -14.5000 8.5500
v -7.5500 -14.5000 8.2206
v -8.0000 -14.5000 8.1000
v -8.4500 -14.5000 8.2206
v -8.7794 -14.5000 8.5500
v -8.9000 -14.5000 9.0000
v -8.7794 -14.5000 9.4500
v -8.4500 -14.5000 9.7794
v -8.0000 -14.5000 9.9000
v -7.5500 -14.5000 9.7794
v -7.2206 -14.5000 9.4500
v -8.0000 -14.5000 9.0000
v -7.1000 -3.5000 9.0000
v -7.2206 -3.5000 8.5500
v -7.5500 -3.5000 8.2206
v -8.0000 -3.5000 8.1000
v -8.4500 -3.5000 8.2206
v -8.7794 -3.5000 8.5500
v -8.9000 -3.5000 9.0000
v -8.7794 -3.5000 9.4500
v -8.4500 -3.5000 9.7794
v -8.0000 -3.5000 9.9000
v -7.5500 -3.5000 9.7794
v -7.2206 -3.5000 9.4500
v -8.0000 -3.5000 9.0000
v 4.9000 -14.5000 9.0000
v 4.7794 -14.5000 8.5500
v 4.4500 -14.5000 8.2206
v 4.0000 -14.5000 8.1000
v 3.5500 -14.5000 8.2206
v 3.2206 -14.5000 8.5500
v 3.1000 -14.5000 9.0000
v 3.2206 -14.5000 9.4500
v 3.5500 -14.5000 9.7794
v 4.0000 -14.5000 9.9000
v 4.4500 -14.5000 9.7794
v 4.7794 -14.5000 9.4500
v 4.9000 -3.5000 9.0000
v 4.7794 -3.5000 8.5500
v 4.4500 -3.5000 8.2206
v 4.0000 -3.5000 8.1000
v 3.5500 -3.5000 8.2206
v 3.2206 -3.5000 8.5500
v 3.1000 -3.5000 9.0000
v 3.2206 -3.5000 9.4500
v 3.5500 -3.5000 9.7794
v 4.0000 -3.5000 9.9000
v 4.4500 -3.5000 9.7794
v 4.7794 -3.5000 9.4500
v 4.9000 -14.5000 9.0000
v 4.7794 -14.5000 8.5500
v 4.4500 -14.5000 8.2206
v 4.0000 -14.5000 8.1000
v 3.5500 -14.5000 8.2206
v 3.2206 -14.5000 8.5500
v 3.1000 -14.5000 9.0000
v 3.2206 -14.5000 9.4500
v 3.5500 -14.5000 9.7794
v 4.0000 -14.5000 9.9000
v 4.4500 -14.5000 9.7794
v 4.7794 -14.5000 9.4500
v 4.0000 -14.5000 9.0000
v 4.9000 -3.5000 9.0000
v 4.7794 -3.5000 8.5500
v 4.4500 -3.5000 8.2206
v 4.0000 -3.5000 8.1000
v 3.5500 -3.5000 8.2206
v 3.2206 -3.5000 8.5500
v 3.1000 -3.5000 9.0000
v 3.2206 -3.5000 9.4500
v 3.5500 -3.5000 9.7794
v 4.0000 -3.5000 9.9000
v 4.4500 -3.5000 9.7794
v 4.7794 -3.5000 9.4500
v 4.0000 -3.5000 9.0000
v -32.0000 -3.5000 7.8000
v -32.0000 -2.9793 7.9188
v -32.0000 -2.5618 8.2518
v -32.0000 -2.3301 8.7330
v -32.0000 -2.3301 9.2670
v -32.0000 -2.5618 9.7482
v -32.0000 -2.9793 10.0812
v -32.0000 -3.5000 10.2000
v -32.0000 -4.0207 10.0812
v -32.0000 -4.4382 9.7482
v -32.0000 -4.6699 9.2670
v -32.0000 -4.6699 8.7330
v -32.0000 -4.4382 8.2518
v -32.0000 -4.0207 7.9188
v 4.0000 -3.5000 7.8000
v 4.0000 -2.9793 7.9188
v 4.0000 -2.5618 8.2518
v 4.0000 -2.3301 8.7330
v 4.0000 -2.3301 9.2670
v 4.0000 -2.5618 9.7482
v 4.0000 -2.9793 10.0812
v 4.0000 -3.5000 10.2000
v 4.0000 -4.0207 10.0812
v 4.0000 -4.4382 9.7482
v 4.0000 -4.6699 9.2670
v 4.0000 -4.6699 8.7330
v 4.0000 -4.4382 8.2518
v 4.0000 -4.0207 7.9188
v -32.0000 -3.5000 7.8000
v -32.0000 -2.9793 7.9188
v -32.0000 -2.5618 8.2518
v -32.0000 -2.3301 8.7330
v -32.0000 -2.3301 9.2670
v -32.0000 -2.5618 9.7482
v -32.0000 -2.9793 10.0812
v -32.0000 -3.5000 10.2000
v -32.0000 -4.0207 10.0812
v -32.0000 -4.4382 9.7482
v -32.0000 -4.6699 9.2670
v -32.0000 -4.6699 8.7330
v -32.0000 -4.4382 8.2518
v -32.0000 -4.0207 7.9188
v -32.0000 -3.5000 9.0000
v 4.0000 -3.5000 7.8000
v 4.0000 -2.9793 7.9188
v 4.0000 -2.5618 8.2518
v 4.0000 -2.3301 8.7330
v 4.0000 -2.3301 9.2670
v 4.0000 -2.5618 9.7482
v 4.0000 -2.9793 10.0812
v 4.0000 -3.5000 10.2000
v 4.0000 -4.0207 10.0812
v 4.0000 -4.4382 9.7482
v 4.0000 -4.6699 9.2670
v 4.0000 -4.6699 8.7330
v 4.0000 -4.4382 8.2518
v 4.0000 -4.0207 7.9188
v 4.0000 -3.5000 9.0000
vn 0.9960 0.0000 -0.0890
vn 0.8181 0.0000 -0.5751
vn 0.4210 0.0000 -0.9071
vn -0.0890 0.0000 -0.9960
vn -0.5751 0.0000 -0.8181
vn -0.9071 0.0000 -0.4210
vn -0.9960 0.0000 0.0890
vn -0.8181 0.0000 0.5751
vn -0.4210 0.0000 0.9071
vn 0.0890 0.0000 0.9960
vn 0.5751 0.0000 0.8181
vn 0.9071 0.0000 0.4210
vn 0.9960 0.0000 0.0890
vn 0.9071 0.0000 -0.4210
vn 0.5751 0.0000 -0.8181
vn 0.0890 0.0000 -0.9960
vn -0.4210 0.0000 -0.9071
vn -0.8181 0.0000 -0.5751
vn -0.9960 0.0000 -0.0890
vn -0.9071 0.0000 0.4210
vn -0.5751 0.0000 0.8181
vn -0.0890 0.0000 0.9960
vn 0.4210 0.0000 0.9071
vn 0.8181 0.0000 0.5751
vn 0.0000 -1.0000 0.0000
vn 0.0000 -1.0000 0.0000
vn 0.0000 -1.0000 0.0000
vn 0.0000 -1.0000 0.0000
vn 0.0000 -1.0000 0.0000
vn 0.0000 -1.0000 0.0000
vn 0.0000 -1.0000 0.0000
vn 0.0000 -1.0000 0.0000
vn 0.0000 -1.0000 0.0000
vn 0.0000 -1.0000 0.0000
vn 0.0000 -1.0000 0.0000
vn 0.0000 -1.0000 0.0000
vn 0.0000 -1.0000 0.0000
vn 0.0000 1.0000 0.0000
vn 0.0000 1.0000 0.0000
vn 0.0000 1.0000 0.0000
vn 0.0000 1.0000 0.0000
vn 0.0000 1.0000 0.0000
vn 0.0000 1.0000 0.0000
vn 0.0000 1.0000 0.0000
vn 0.0000 1.0000 0.0000
vn 0.0000 1.0000 0.0000
vn 0.0000 1.0000 0.0000
vn 0.0000 1.0000 0.0000
vn 0.0000 1.0000 0.0000
vn 0.0000 1.0000 0.0000
vn 0.9960 0.0000 -0.0890
vn 0.8181 0.0000 -0.5751
vn 0.4210 0.0000 -0.9071
vn -0.0890 0.0000 -0.9960
vn -0.5751 0.0000 -0.8181
vn -0.9071 0.0000 -0.4210
vn -0.9960 0.0000 0.0890
vn -0.8181 0.0000 0.5751
vn -0.4210 0.0000 0.9071
vn 0.0890 0.0000 0.9960
vn 0.5751 0.0000 0.8181
vn 0.9071 0.0000 0.4210
vn 0.9960 0.0000 0.0890
vn 0.9071 0.0000 -0.4210
vn 0.5751 0.0000 -0.8181
vn 0.0890 0.0000 -0.9960
vn -0.4210 0.0000 -0.9071
vn -0.8181 0.0000 -0.5751
vn -0.9960 0.0000 -0.0890
vn -0.9071 0.0000 0.4210
vn -0.5751 0.0000 0.8181
vn -0.0890 0.0000 0.9960
vn 0.4210 0.0000 0.9071
vn 0.8181 0.0000 0.5751
vn 0.0000 -1.0000 0.0000
vn 0.0000 -1.0000 0.0000
vn 0.0000 -1.0000 0.0000
vn 0.0000 -1.0000 0.0000
vn 0.0000 -1.0000 0.0000
vn 0.0000 -1.0000 0.0000
vn 0.0000 -1.0000 0.0000
vn 0.0000 -1.0000 0.0000
vn 0.0000 -1.0000 0.0000
vn 0.0000 -1.0000 0.0000
vn 0.0000 -1.0000 0.0000
vn 0.0000 -1.0000 0.0000
vn 0.0000 -1.0000 0.0000
vn 0.0000 1.0000 0.0000
vn 0.0000 1.0000 0.0000
vn 0.0000 1.0000 0.0000
vn 0.0000 1.0000 0.0000
vn 0.0000 1.0000 0.0000
vn 0.0000 1.0000 0.0000
vn 0.0000 1.0000 0.0000
vn 0.0000 1.0000 0.0000
vn 0.0000 1.0000 0.0000
vn 0.0000 1.0000 0.0000
vn 0.0000 1.0000 0.0000
vn 0.0000 1.0000 0.0000
vn 0.0000 1.0000 0.0000
vn 0.9960 0.0000 -0.0890
vn 0.8181 0.0000 -0.5751
vn 0.4210 0.0000 -0.9071
vn -0.0890 0.0000 -0.9960
vn -0.5751 0.0000 -0.8181
vn -0.9071 0.0000 -0.4210
vn -0.9960 0.0000 0.0890
vn -0.8181 0.0000 0.5751
vn -0.4210 0.0000 0.9071
vn 0.0890 0.0000 0.9960
vn 0.5751 0.0000 0.8181
vn 0.9071 0.0000 0.4210
vn 0.9960 0.0000 0.0890
vn 0.9071 0.0000 -0.4210
vn 0.5751 0.0000 -0.8181
vn 0.0890 0.0000 -0.9960
vn -0.4210 0.0000 -0.9071
vn -0.8181 0.0000 -0.5751
vn -0.9960 0.0000 -0.0890
vn -0.9071 0.0000 0.4210
vn -0.5751 0.0000 0.8181
vn -0.0890 0.0000 0.9960
vn 0.4210 0.0000 0.9071
vn 0.8181 0.0000 0.5751
vn 0.0000 -1.0000 0.0000
vn 0.0000 -1.0000 0.0000
vn 0.0000 -1.0000 0.0000
vn 0.0000 -1.0000 0.0000
vn 0.0000 -1.0000 0.0000
vn 0.0000 -1.0000 0.0000
vn 0.0000 -1.0000 0.0000
vn 0.0000 -1.0000 0.0000
vn 0.0000 -1.0000 0.0000
vn 0.0000 -1.0000 0.0000
vn 0.0000 -1.0000 0.0000
vn 0.0000 -1.0000 0.0000
vn 0.0000 -1.0000 0.0000
vn 0.0000 1.0000 0.0000
vn 0.0000 1.0000 0.0000
vn 0.0000 1.0000 0.0000
vn 0.0000 1.0000 0.0000
vn 0.0000 1.0000 0.0000
vn 0.0000 1.0000 0.0000
vn 0.0000 1.0000 0.0000
vn 0.0000 1.0000 0.0000
vn 0.0000 1.0000 0.0000
vn 0.0000 1.0000 0.0000
vn 0.0000 1.0000 0.0000
vn 0.0000 1.0000 0.0000
vn 0.0000 1.0000 0.0000
vn 0.0000 0.0759 -0.9971
vn 0.0000 0.5010 -0.8655
vn 0.0000 0.8269 -0.5624
vn 0.0000 0.9890 -0.1479
vn 0.0000 0.9552 0.2958
vn 0.0000 0.7323 0.6810
vn 0.0000 0.3643 0.9313
vn 0.0000 -0.0759 0.9971
vn 0.0000 -0.5010 0.8655
vn 0.0000 -0.8269 0.5624
vn 0.0000 -0.9890 0.1479
vn 0.0000 -0.9552 -0.2958
vn 0.0000 -0.7323 -0.6810
vn 0.0000 -0.3643 -0.9313
vn 0.0000 -0.0759 -0.9971
vn 0.0000 0.3643 -0.9313
vn 0.0000 0.7323 -0.6810
vn 0.0000 0.9552 -0.2958
vn 0.0000 0.9890 0.1479
vn 0.0000 0.8269 0.5624
vn 0.0000 0.5010 0.8655
vn 0.0000 0.0759 0.9971
vn 0.0000 -0.3643 0.9313
vn 0.0000 -0.7323 0.6810
vn 0.0000 -0.9552 0.2958
vn 0.0000 -0.9890 -0.1479
vn 0.0000 -0.8269 -0.5624
vn 0.0000 -0.5010 -0.8655
vn -1.0000 0.0000 0.0000
vn -1.0000 0.0000 0.0000
vn -1.0000 0.0000 0.0000
vn -1.0000 0.0000 0.0000
vn -1.0000 0.0000 0.0000
vn -1.0000 0.0000 0.0000
vn -1.0000 0.0000 0.0000
vn -1.0000 0.0000 0.0000
vn -1.0000 0.0000 0.0000
vn -1.0000 0.0000 0.0000
vn -1.0000 0.0000 0.0000
vn -1.0000 0.0000 0.0000
vn -1.0000 0.0000 0.0000
vn -1.0000 0.0000 0.0000
vn -1.0000 0.0000 0.0000
vn 1.0000 0.0000 0.0000
vn 1.0000 0.0000 0.0000
vn 1.0000 0.0000 0.0000
vn 1.0000 0.0000 0.0000
vn 1.0000 0.0000 0.0000
vn 1.0000 0.0000 0.0000
vn 1.0000 0.0000 0.0000
vn 1.0000 0.0000 0.0000
vn 1.0000 0.0000 0.0000
vn 1.0000 0.0000 0.0000
vn 1.0000 0.0000 0.0000
vn 1.0000 0.0000 0.0000
vn 1.0000 0.0000 0.0000
vn 1.0000 0.0000 0.0000
vn 1.0000 0.0000 0.0000
f 5665//5665 5666//5666 5678//5678
f 5665//5665 5678//5678 5677//5677
f 5666//5666 5667//5667 5679//5679
f 5666//5666 5679//5679 5678//5678
f 5667//5667 5668//5668 5680//5680
f 5667//5667 5680//5680 5679//5679
f 5668//5668 5669//5669 5681//5681
f 5668//5668 5681//5681 5680//5680
f 5669//5669 5670//5670 5682//5682
f 5669//5669 5682//5682 5681//5681
f 5670//5670 5671//5671 5683//5683
f 5670//5670 5683//5683 5682//5682
f 5671//5671 5672//5672 5684//5684
f 5671//5671 5684//5684 5683//5683
f 5672//5672 5673//5673 5685//5685
f 5672//5672 5685//5685 5684//5684
f 5673//5673 5674//5674 5686//5686
f 5673//5673 5686//5686 5685//5685
f 5674//5674 5675//5675 5687//5687
f 5674//5674 5687//5687 5686//5686
f 5675//5675 5676//5676 5688//5688
f 5675//5675 5688//5688 5687//5687
f 5676//5676 5665//5665 5677//5677
f 5676//5676 5677//5677 5688//5688
f 5690//5690 5689//5689 5701//5701
f 5691//5691 5690//5690 5701//5701
f 5692//5692 5691//5691 5701//5701
f 5693//5693 5692//5692 5701//5701
f 5694//5694 5693//5693 5701//5701
f 5695//5695 5694//5694 5701//5701
f 5696//5696 5695//5695 5701//5701
f 5697//5697 5696//5696 5701//5701
f 5698//5698 5697//5697 5701//5701
f 5699//5699 5698//5698 5701//5701
f 5700//5700 5699//5699 5701//5701
f 5689//5689 5700//5700 5701//5701
f 5702//5702 5703//5703 5714//5714
f 5703//5703 5704//5704 5714//5714
f 5704//5704 5705//5705 5714//5714
f 5705//5705 5706//5706 5714//5714
f 5706//5706 5707//5707 5714//5714
f 5707//5707 5708//5708 5714//5714
f 5708//5708 5709//5709 5714//5714
f 5709//5709 5710//5710 5714//5714
f 5710//5710 5711//5711 5714//5714
f 5711//5711 5712//5712 5714//5714
f 5712//5712 5713//5713 5714//5714
f 5713//5713 5702//5702 5714//5714
f 5715//5715 5716//5716 5728//5728
f 5715//5715 5728//5728 5727//5727
f 5716//5716 5717//5717 5729//5729
f 5716//5716 5729//5729 5728//5728
f 5717//5717 5718//5718 5730//5730
f 5717//5717 5730//5730 5729//5729
f 5718//5718 5719//5719 5731//5731
f 5718//5718 5731//5731 5730//5730
f 5719//5719 5720//5720 5732//5732
f 5719//5719 5732//5732 5731//5731
f 5720//5720 5721//5721 5733//5733
f 5720//5720 5733//5733 5732//5732
f 5721//5721 5722//5722 5734//5734
f 5721//5721 5734//5734 5733//5733
f 5722//5722 5723//5723 5735//5735
f 5722//5722 5735//5735 5734//5734
f 5723//5723 5724//5724 5736//5736
f 5723//5723 5736//5736 5735//5735
f 5724//5724 5725//5725 5737//5737
f 5724//5724 5737//5737 5736//5736
f 5725//5725 5726//5726 5738//5738
f 5725//5725 5738//5738 5737//5737
f 5726//5726 5715//5715 5727//5727
f 5726//5726 5727//5727 5738//5738
f 5740//5740 5739//5739 5751//5751
f 5741//5741 5740//5740 5751//5751
f 5742//5742 5741//5741 5751//5751
f 5743//5743 5742//5742 5751//5751
f 5744//5744 5743//5743 5751//5751
f 5745//5745 5744//5744 5751//5751
f 5746//5746 5745//5745 5751//5751
f 5747//5747 5746//5746 5751//5751
f 5748//5748 5747//5747 5751//5751
f 5749//5749 5748//5748 5751//5751
f 5750//5750 5749//5749 5751//5751
f 5739//5739 5750//5750 5751//5751
f 5752//5752 5753//5753 5764//5764
f 5753//5753 5754//5754 5764//5764
f 5754//5754 5755//5755 5764//5764
f 5755//5755 5756//5756 5764//5764
f 5756//5756 5757//5757 5764//5764
f 5757//5757 5758//5758 5764//5764
f 5758//5758 5759//5759 5764//5764
f 5759//5759 5760//5760 5764//5764
f 5760//5760 5761//5761 5764//5764
f 5761//5761 5762//5762 5764//5764
f 5762//5762 5763//5763 5764//5764
f 5763//5763 5752//5752 5764//5764
f 5765//5765 5766//5766 5778//5778
f 5765//5765 5778//5778 5777//5777
f 5766//5766 5767//5767 5779//5779
f 5766//5766 5779//5779 5778//5778
f 5767//5767 5768//5768 5780//5780
f 5767//5767 5780//5780 5779//5779
f 5768//5768 5769//5769 5781//5781
f 5768//5768 5781//5781 5780//5780
f 5769//5769 5770//5770 5782//5782
f 5769//5769 5782//5782 5781//5781
f 5770//5770 5771//5771 5783//5783
f 5770//5770 5783//5783 5782//5782
f 5771//5771 5772//5772 5784//5784
f 5771//5771 5784//5784 5783//5783
f 5772//5772 5773//5773 5785//5785
f 5772//5772 5785//5785 5784//5784
f 5773//5773 5774//5774 5786//5786
f 5773//5773 5786//5786 5785//5785
f 5774//5774 5775//5775 5787//5787
f 5774//5774 5787//5787 5786//5786
f 5775//5775 5776//5776 5788//5788
f 5775//5775 5788//5788 5787//5787
f 5776//5776 5765//5765 5777//5777
f 5776//5776 5777//5777 5788//5788
f 5790//5790 5789//5789 5801//5801
f 5791//5791 5790//5790 5801//5801
f 5792//5792 5791//5791 5801//5801
f 5793//5793 5792//5792 5801//5801
f 5794//5794 5793//5793 5801//5801
f 5795//5795 5794//5794 5801//5801
f 5796//5796 5795//5795 5801//5801
f 5797//5797 5796//5796 5801//5801
f 5798//5798 5797//5797 5801//5801
f 5799//5799 5798//5798 5801//5801
f 5800//5800 5799//5799 5801//5801
f 5789//5789 5800//5800 5801//5801
f 5802//5802 5803//5803 5814//5814
f 5803//5803 5804//5804 5814//5814
f 5804//5804 5805//5805 5814//5814
f 5805//5805 5806//5806 5814//5814
f 5806//5806 5807//5807 5814//5814
f 5807//5807 5808//5808 5814//5814
f 5808//5808 5809//5809 5814//5814
f 5809//5809 5810//5810 5814//5814
f 5810//5810 5811//5811 5814//5814
f 5811//5811 5812//5812 5814//5814
f 5812//5812 5813//5813 5814//5814
f 5813//5813 5802//5802 5814//5814
f 5815//5815 5816//5816 5830//5830
f 5815//5815 5830//5830 5829//5829
f 5816//5816 5817//5817 5831//5831
f 5816//5816 5831//5831 5830//5830
f 5817//5817 5818//5818 5832//5832
f 5817//5817 5832//5832 5831//5831
f 5818//5818 5819//5819 5833//5833
f 5818//5818 5833//5833 5832//5832
f 5819//5819 5820//5820 5834//5834
f 5819//5819 5834//5834 5833//5833
f 5820//5820 5821//5821 5835//5835
f 5820//5820 5835//5835 5834//5834
f 5821//5821 5822//5822 5836//5836
f 5821//5821 5836//5836 5835//5835
f 5822//5822 5823//5823 5837//5837
f 5822//5822 5837//5837 5836//5836
f 5823//5823 5824//5824 5838//5838
f 5823//5823 5838//5838 5837//5837
f 5824//5824 5825//5825 5839//5839
f 5824//5824 5839//5839 5838//5838
f 5825//5825 5826//5826 5840//5840
f 5825//5825 5840//5840 5839//5839
f 5826//5826 5827//5827 5841//5841
f 5826//5826 5841//5841 5840//5840
f 5827//5827 5828//5828 5842//5842
f 5827//5827 5842//5842 5841//5841
f 5828//5828 5815//5815 5829//5829
f 5828//5828 5829//5829 5842//5842
f 5844//5844 5843//5843 5857//5857
f 5845//5845 5844//5844 5857//5857
f 5846//5846 5845//5845 5857//5857
f 5847//5847 5846//5846 5857//5857
f 5848//5848 5847//5847 5857//5857
f 5849//5849 5848//5848 5857//5857
f 5850//5850 5849//5849 5857//5857
f 5851//5851 5850//5850 5857//5857
f 5852//5852 5851//5851 5857//5857
f 5853//5853 5852//5852 5857//5857
f 5854//5854 5853//5853 5857//5857
f 5855//5855 5854//5854 5857//5857
f 5856//5856 5855//5855 5857//5857
f 5843//5843 5856//5856 5857//5857
f 5858//5858 5859//5859 5872//5872
f 5859//5859 5860//5860 5872//5872
f 5860//5860 5861//5861 5872//5872
f 5861//5861 5862//5862 5872//5872
f 5862//5862 5863//5863 5872//5872
f 5863//5863 5864//5864 5872//5872
f 5864//5864 5865//5865 5872//5872
f 5865//5865 5866//5866 5872//5872
f 5866//5866 5867//5867 5872//5872
f 5867//5867 5868//5868 5872//5872
f 5868//5868 5869//5869 5872//5872
f 5869//5869 5870//5870 5872//5872
f 5870//5870 5871//5871 5872//5872
f 5871//5871 5858//5858 5872//5872

o IM_HotStove_Stack
g 05_HotStoves
usemtl Steel_Matte
s 1
v -28.4000 -19.0000 1.0000
v -28.5218 -18.3877 1.0000
v -28.8686 -17.8686 1.0000
v -29.3877 -17.5218 1.0000
v -30.0000 -17.4000 1.0000
v -30.6123 -17.5218 1.0000
v -31.1314 -17.8686 1.0000
v -31.4782 -18.3877 1.0000
v -31.6000 -19.0000 1.0000
v -31.4782 -19.6123 1.0000
v -31.1314 -20.1314 1.0000
v -30.6123 -20.4782 1.0000
v -30.0000 -20.6000 1.0000
v -29.3877 -20.4782 1.0000
v -28.8686 -20.1314 1.0000
v -28.5218 -19.6123 1.0000
v -28.9000 -19.0000 49.0000
v -28.9837 -18.5790 49.0000
v -29.2222 -18.2222 49.0000
v -29.5790 -17.9837 49.0000
v -30.0000 -17.9000 49.0000
v -30.4210 -17.9837 49.0000
v -30.7778 -18.2222 49.0000
v -31.0163 -18.5790 49.0000
v -31.1000 -19.0000 49.0000
v -31.0163 -19.4210 49.0000
v -30.7778 -19.7778 49.0000
v -30.4210 -20.0163 49.0000
v -30.0000 -20.1000 49.0000
v -29.5790 -20.0163 49.0000
v -29.2222 -19.7778 49.0000
v -28.9837 -19.4210 49.0000
v -28.4000 -19.0000 1.0000
v -28.5218 -18.3877 1.0000
v -28.8686 -17.8686 1.0000
v -29.3877 -17.5218 1.0000
v -30.0000 -17.4000 1.0000
v -30.6123 -17.5218 1.0000
v -31.1314 -17.8686 1.0000
v -31.4782 -18.3877 1.0000
v -31.6000 -19.0000 1.0000
v -31.4782 -19.6123 1.0000
v -31.1314 -20.1314 1.0000
v -30.6123 -20.4782 1.0000
v -30.0000 -20.6000 1.0000
v -29.3877 -20.4782 1.0000
v -28.8686 -20.1314 1.0000
v -28.5218 -19.6123 1.0000
v -30.0000 -19.0000 1.0000
v -28.9000 -19.0000 49.0000
v -28.9837 -18.5790 49.0000
v -29.2222 -18.2222 49.0000
v -29.5790 -17.9837 49.0000
v -30.0000 -17.9000 49.0000
v -30.4210 -17.9837 49.0000
v -30.7778 -18.2222 49.0000
v -31.0163 -18.5790 49.0000
v -31.1000 -19.0000 49.0000
v -31.0163 -19.4210 49.0000
v -30.7778 -19.7778 49.0000
v -30.4210 -20.0163 49.0000
v -30.0000 -20.1000 49.0000
v -29.5790 -20.0163 49.0000
v -29.2222 -19.7778 49.0000
v -28.9837 -19.4210 49.0000
v -30.0000 -19.0000 49.0000
vn 0.9987 0.0508 0.0104
vn 0.9032 0.4291 0.0104
vn 0.6702 0.7421 0.0104
vn 0.3352 0.9421 0.0104
vn -0.0508 0.9987 0.0104
vn -0.4291 0.9032 0.0104
vn -0.7421 0.6702 0.0104
vn -0.9421 0.3352 0.0104
vn -0.9987 -0.0508 0.0104
vn -0.9032 -0.4291 0.0104
vn -0.6702 -0.7421 0.0104
vn -0.3352 -0.9421 0.0104
vn 0.0508 -0.9987 0.0104
vn 0.4291 -0.9032 0.0104
vn 0.7421 -0.6702 0.0104
vn 0.9421 -0.3352 0.0104
vn 0.9965 -0.0835 0.0104
vn 0.9525 0.3042 0.0104
vn 0.7636 0.6456 0.0104
vn 0.4584 0.8887 0.0104
vn 0.0835 0.9965 0.0104
vn -0.3042 0.9525 0.0104
vn -0.6456 0.7636 0.0104
vn -0.8887 0.4584 0.0104
vn -0.9965 0.0835 0.0104
vn -0.9525 -0.3042 0.0104
vn -0.7636 -0.6456 0.0104
vn -0.4584 -0.8887 0.0104
vn -0.0835 -0.9965 0.0104
vn 0.3042 -0.9525 0.0104
vn 0.6456 -0.7636 0.0104
vn 0.8887 -0.4584 0.0104
vn 0.0000 0.0000 -1.0000
vn 0.0000 0.0000 -1.0000
vn 0.0000 0.0000 -1.0000
vn 0.0000 0.0000 -1.0000
vn 0.0000 0.0000 -1.0000
vn 0.0000 0.0000 -1.0000
vn 0.0000 0.0000 -1.0000
vn 0.0000 0.0000 -1.0000
vn 0.0000 0.0000 -1.0000
vn 0.0000 0.0000 -1.0000
vn 0.0000 0.0000 -1.0000
vn 0.0000 0.0000 -1.0000
vn 0.0000 0.0000 -1.0000
vn 0.0000 0.0000 -1.0000
vn 0.0000 0.0000 -1.0000
vn 0.0000 0.0000 -1.0000
vn 0.0000 0.0000 -1.0000
vn 0.0000 0.0000 1.0000
vn 0.0000 0.0000 1.0000
vn 0.0000 0.0000 1.0000
vn 0.0000 0.0000 1.0000
vn 0.0000 0.0000 1.0000
vn 0.0000 0.0000 1.0000
vn 0.0000 0.0000 1.0000
vn 0.0000 0.0000 1.0000
vn 0.0000 0.0000 1.0000
vn 0.0000 0.0000 1.0000
vn 0.0000 0.0000 1.0000
vn 0.0000 0.0000 1.0000
vn 0.0000 0.0000 1.0000
vn 0.0000 0.0000 1.0000
vn 0.0000 0.0000 1.0000
vn 0.0000 0.0000 1.0000
vn 0.0000 0.0000 1.0000
f 5873//5873 5874//5874 5890//5890
f 5873//5873 5890//5890 5889//5889
f 5874//5874 5875//5875 5891//5891
f 5874//5874 5891//5891 5890//5890
f 5875//5875 5876//5876 5892//5892
f 5875//5875 5892//5892 5891//5891
f 5876//5876 5877//5877 5893//5893
f 5876//5876 5893//5893 5892//5892
f 5877//5877 5878//5878 5894//5894
f 5877//5877 5894//5894 5893//5893
f 5878//5878 5879//5879 5895//5895
f 5878//5878 5895//5895 5894//5894
f 5879//5879 5880//5880 5896//5896
f 5879//5879 5896//5896 5895//5895
f 5880//5880 5881//5881 5897//5897
f 5880//5880 5897//5897 5896//5896
f 5881//5881 5882//5882 5898//5898
f 5881//5881 5898//5898 5897//5897
f 5882//5882 5883//5883 5899//5899
f 5882//5882 5899//5899 5898//5898
f 5883//5883 5884//5884 5900//5900
f 5883//5883 5900//5900 5899//5899
f 5884//5884 5885//5885 5901//5901
f 5884//5884 5901//5901 5900//5900
f 5885//5885 5886//5886 5902//5902
f 5885//5885 5902//5902 5901//5901
f 5886//5886 5887//5887 5903//5903
f 5886//5886 5903//5903 5902//5902
f 5887//5887 5888//5888 5904//5904
f 5887//5887 5904//5904 5903//5903
f 5888//5888 5873//5873 5889//5889
f 5888//5888 5889//5889 5904//5904
f 5906//5906 5905//5905 5921//5921
f 5907//5907 5906//5906 5921//5921
f 5908//5908 5907//5907 5921//5921
f 5909//5909 5908//5908 5921//5921
f 5910//5910 5909//5909 5921//5921
f 5911//5911 5910//5910 5921//5921
f 5912//5912 5911//5911 5921//5921
f 5913//5913 5912//5912 5921//5921
f 5914//5914 5913//5913 5921//5921
f 5915//5915 5914//5914 5921//5921
f 5916//5916 5915//5915 5921//5921
f 5917//5917 5916//5916 5921//5921
f 5918//5918 5917//5917 5921//5921
f 5919//5919 5918//5918 5921//5921
f 5920//5920 5919//5919 5921//5921
f 5905//5905 5920//5920 5921//5921
f 5922//5922 5923//5923 5938//5938
f 5923//5923 5924//5924 5938//5938
f 5924//5924 5925//5925 5938//5938
f 5925//5925 5926//5926 5938//5938
f 5926//5926 5927//5927 5938//5938
f 5927//5927 5928//5928 5938//5938
f 5928//5928 5929//5929 5938//5938
f 5929//5929 5930//5930 5938//5938
f 5930//5930 5931//5931 5938//5938
f 5931//5931 5932//5932 5938//5938
f 5932//5932 5933//5933 5938//5938
f 5933//5933 5934//5934 5938//5938
f 5934//5934 5935//5935 5938//5938
f 5935//5935 5936//5936 5938//5938
f 5936//5936 5937//5937 5938//5938
f 5937//5937 5922//5922 5938//5938

o IM_Stockhouse_Bins
g 06_Charging
usemtl Steel_Matte
s 1
v -41.0000 32.0000 6.0000
v -41.0000 32.0000 13.0000
v -41.0000 38.0000 13.0000
v -41.0000 38.0000 6.0000
v -35.0000 32.0000 6.0000
v -35.0000 38.0000 6.0000
v -35.0000 38.0000 13.0000
v -35.0000 32.0000 13.0000
v -41.0000 32.0000 6.0000
v -35.0000 32.0000 6.0000
v -35.0000 32.0000 13.0000
v -41.0000 32.0000 13.0000
v -41.0000 38.0000 6.0000
v -41.0000 38.0000 13.0000
v -35.0000 38.0000 13.0000
v -35.0000 38.0000 6.0000
v -41.0000 32.0000 6.0000
v -41.0000 38.0000 6.0000
v -35.0000 38.0000 6.0000
v -35.0000 32.0000 6.0000
v -41.0000 32.0000 13.0000
v -35.0000 32.0000 13.0000
v -35.0000 38.0000 13.0000
v -41.0000 38.0000 13.0000
v -37.4000 35.0000 1.0000
v -38.0000 35.6000 1.0000
v -38.6000 35.0000 1.0000
v -38.0000 34.4000 1.0000
v -33.8000 35.0000 6.0000
v -38.0000 39.2000 6.0000
v -42.2000 35.0000 6.0000
v -38.0000 30.8000 6.0000
v -37.4000 35.0000 1.0000
v -38.0000 35.6000 1.0000
v -38.6000 35.0000 1.0000
v -38.0000 34.4000 1.0000
v -38.0000 35.0000 1.0000
v -33.8000 35.0000 6.0000
v -38.0000 39.2000 6.0000
v -42.2000 35.0000 6.0000
v -38.0000 30.8000 6.0000
v -38.0000 35.0000 6.0000
v -33.0000 32.0000 6.0000
v -33.0000 32.0000 13.0000
v -33.0000 38.0000 13.0000
v -33.0000 38.0000 6.0000
v -27.0000 32.0000 6.0000
v -27.0000 38.0000 6.0000
v -27.0000 38.0000 13.0000
v -27.0000 32.0000 13.0000
v -33.0000 32.0000 6.0000
v -27.0000 32.0000 6.0000
v -27.0000 32.0000 13.0000
v -33.0000 32.0000 13.0000
v -33.0000 38.0000 6.0000
v -33.0000 38.0000 13.0000
v -27.0000 38.0000 13.0000
v -27.0000 38.0000 6.0000
v -33.0000 32.0000 6.0000
v -33.0000 38.0000 6.0000
v -27.0000 38.0000 6.0000
v -27.0000 32.0000 6.0000
v -33.0000 32.0000 13.0000
v -27.0000 32.0000 13.0000
v -27.0000 38.0000 13.0000
v -33.0000 38.0000 13.0000
v -29.4000 35.0000 1.0000
v -30.0000 35.6000 1.0000
v -30.6000 35.0000 1.0000
v -30.0000 34.4000 1.0000
v -25.8000 35.0000 6.0000
v -30.0000 39.2000 6.0000
v -34.2000 35.0000 6.0000
v -30.0000 30.8000 6.0000
v -29.4000 35.0000 1.0000
v -30.0000 35.6000 1.0000
v -30.6000 35.0000 1.0000
v -30.0000 34.4000 1.0000
v -30.0000 35.0000 1.0000
v -25.8000 35.0000 6.0000
v -30.0000 39.2000 6.0000
v -34.2000 35.0000 6.0000
v -30.0000 30.8000 6.0000
v -30.0000 35.0000 6.0000
v -25.0000 32.0000 6.0000
v -25.0000 32.0000 13.0000
v -25.0000 38.0000 13.0000
v -25.0000 38.0000 6.0000
v -19.0000 32.0000 6.0000
v -19.0000 38.0000 6.0000
v -19.0000 38.0000 13.0000
v -19.0000 32.0000 13.0000
v -25.0000 32.0000 6.0000
v -19.0000 32.0000 6.0000
v -19.0000 32.0000 13.0000
v -25.0000 32.0000 13.0000
v -25.0000 38.0000 6.0000
v -25.0000 38.0000 13.0000
v -19.0000 38.0000 13.0000
v -19.0000 38.0000 6.0000
v -25.0000 32.0000 6.0000
v -25.0000 38.0000 6.0000
v -19.0000 38.0000 6.0000
v -19.0000 32.0000 6.0000
v -25.0000 32.0000 13.0000
v -19.0000 32.0000 13.0000
v -19.0000 38.0000 13.0000
v -25.0000 38.0000 13.0000
v -21.4000 35.0000 1.0000
v -22.0000 35.6000 1.0000
v -22.6000 35.0000 1.0000
v -22.0000 34.4000 1.0000
v -17.8000 35.0000 6.0000
v -22.0000 39.2000 6.0000
v -26.2000 35.0000 6.0000
v -22.0000 30.8000 6.0000
v -21.4000 35.0000 1.0000
v -22.0000 35.6000 1.0000
v -22.6000 35.0000 1.0000
v -22.0000 34.4000 1.0000
v -22.0000 35.0000 1.0000
v -17.8000 35.0000 6.0000
v -22.0000 39.2000 6.0000
v -26.2000 35.0000 6.0000
v -22.0000 30.8000 6.0000
v -22.0000 35.0000 6.0000
vn -1.0000 0.0000 0.0000
vn -1.0000 0.0000 0.0000
vn -1.0000 0.0000 0.0000
vn -1.0000 0.0000 0.0000
vn 1.0000 0.0000 0.0000
vn 1.0000 0.0000 0.0000
vn 1.0000 0.0000 0.0000
vn 1.0000 0.0000 0.0000
vn 0.0000 -1.0000 0.0000
vn 0.0000 -1.0000 0.0000
vn 0.0000 -1.0000 0.0000
vn 0.0000 -1.0000 0.0000
vn 0.0000 1.0000 0.0000
vn 0.0000 1.0000 0.0000
vn 0.0000 1.0000 0.0000
vn 0.0000 1.0000 0.0000
vn 0.0000 0.0000 -1.0000
vn 0.0000 0.0000 -1.0000
vn 0.0000 0.0000 -1.0000
vn 0.0000 0.0000 -1.0000
vn 0.0000 0.0000 1.0000
vn 0.0000 0.0000 1.0000
vn 0.0000 0.0000 1.0000
vn 0.0000 0.0000 1.0000
vn 0.6863 0.5338 -0.4941
vn -0.5338 0.6863 -0.4941
vn -0.6863 -0.5338 -0.4941
vn 0.5338 -0.6863 -0.4941
vn 0.8103 -0.0540 -0.5835
vn 0.0540 0.8103 -0.5835
vn -0.8103 0.0540 -0.5835
vn -0.0540 -0.8103 -0.5835
vn 0.0000 0.0000 -1.0000
vn 0.0000 0.0000 -1.0000
vn 0.0000 0.0000 -1.0000
vn 0.0000 0.0000 -1.0000
vn 0.0000 0.0000 -1.0000
vn 0.0000 0.0000 1.0000
vn 0.0000 0.0000 1.0000
vn 0.0000 0.0000 1.0000
vn 0.0000 0.0000 1.0000
vn 0.0000 0.0000 1.0000
vn -1.0000 0.0000 0.0000
vn -1.0000 0.0000 0.0000
vn -1.0000 0.0000 0.0000
vn -1.0000 0.0000 0.0000
vn 1.0000 0.0000 0.0000
vn 1.0000 0.0000 0.0000
vn 1.0000 0.0000 0.0000
vn 1.0000 0.0000 0.0000
vn 0.0000 -1.0000 0.0000
vn 0.0000 -1.0000 0.0000
vn 0.0000 -1.0000 0.0000
vn 0.0000 -1.0000 0.0000
vn 0.0000 1.0000 0.0000
vn 0.0000 1.0000 0.0000
vn 0.0000 1.0000 0.0000
vn 0.0000 1.0000 0.0000
vn 0.0000 0.0000 -1.0000
vn 0.0000 0.0000 -1.0000
vn 0.0000 0.0000 -1.0000
vn 0.0000 0.0000 -1.0000
vn 0.0000 0.0000 1.0000
vn 0.0000 0.0000 1.0000
vn 0.0000 0.0000 1.0000
vn 0.0000 0.0000 1.0000
vn 0.6863 0.5338 -0.4941
vn -0.5338 0.6863 -0.4941
vn -0.6863 -0.5338 -0.4941
vn 0.5338 -0.6863 -0.4941
vn 0.8103 -0.0540 -0.5835
vn 0.0540 0.8103 -0.5835
vn -0.8103 0.0540 -0.5835
vn -0.0540 -0.8103 -0.5835
vn 0.0000 0.0000 -1.0000
vn 0.0000 0.0000 -1.0000
vn 0.0000 0.0000 -1.0000
vn 0.0000 0.0000 -1.0000
vn 0.0000 0.0000 -1.0000
vn 0.0000 0.0000 1.0000
vn 0.0000 0.0000 1.0000
vn 0.0000 0.0000 1.0000
vn 0.0000 0.0000 1.0000
vn 0.0000 0.0000 1.0000
vn -1.0000 0.0000 0.0000
vn -1.0000 0.0000 0.0000
vn -1.0000 0.0000 0.0000
vn -1.0000 0.0000 0.0000
vn 1.0000 0.0000 0.0000
vn 1.0000 0.0000 0.0000
vn 1.0000 0.0000 0.0000
vn 1.0000 0.0000 0.0000
vn 0.0000 -1.0000 0.0000
vn 0.0000 -1.0000 0.0000
vn 0.0000 -1.0000 0.0000
vn 0.0000 -1.0000 0.0000
vn 0.0000 1.0000 0.0000
vn 0.0000 1.0000 0.0000
vn 0.0000 1.0000 0.0000
vn 0.0000 1.0000 0.0000
vn 0.0000 0.0000 -1.0000
vn 0.0000 0.0000 -1.0000
vn 0.0000 0.0000 -1.0000
vn 0.0000 0.0000 -1.0000
vn 0.0000 0.0000 1.0000
vn 0.0000 0.0000 1.0000
vn 0.0000 0.0000 1.0000
vn 0.0000 0.0000 1.0000
vn 0.6863 0.5338 -0.4941
vn -0.5338 0.6863 -0.4941
vn -0.6863 -0.5338 -0.4941
vn 0.5338 -0.6863 -0.4941
vn 0.8103 -0.0540 -0.5835
vn 0.0540 0.8103 -0.5835
vn -0.8103 0.0540 -0.5835
vn -0.0540 -0.8103 -0.5835
vn 0.0000 0.0000 -1.0000
vn 0.0000 0.0000 -1.0000
vn 0.0000 0.0000 -1.0000
vn 0.0000 0.0000 -1.0000
vn 0.0000 0.0000 -1.0000
vn 0.0000 0.0000 1.0000
vn 0.0000 0.0000 1.0000
vn 0.0000 0.0000 1.0000
vn 0.0000 0.0000 1.0000
vn 0.0000 0.0000 1.0000
f 5939//5939 5940//5940 5941//5941
f 5939//5939 5941//5941 5942//5942
f 5943//5943 5944//5944 5945//5945
f 5943//5943 5945//5945 5946//5946
f 5947//5947 5948//5948 5949//5949
f 5947//5947 5949//5949 5950//5950
f 5951//5951 5952//5952 5953//5953
f 5951//5951 5953//5953 5954//5954
f 5955//5955 5956//5956 5957//5957
f 5955//5955 5957//5957 5958//5958
f 5959//5959 5960//5960 5961//5961
f 5959//5959 5961//5961 5962//5962
f 5963//5963 5964//5964 5968//5968
f 5963//5963 5968//5968 5967//5967
f 5964//5964 5965//5965 5969//5969
f 5964//5964 5969//5969 5968//5968
f 5965//5965 5966//5966 5970//5970
f 5965//5965 5970//5970 5969//5969
f 5966//5966 5963//5963 5967//5967
f 5966//5966 5967//5967 5970//5970
f 5972//5972 5971//5971 5975//5975
f 5973//5973 5972//5972 5975//5975
f 5974//5974 5973//5973 5975//5975
f 5971//5971 5974//5974 5975//5975
f 5976//5976 5977//5977 5980//5980
f 5977//5977 5978//5978 5980//5980
f 5978//5978 5979//5979 5980//5980
f 5979//5979 5976//5976 5980//5980
f 5981//5981 5982//5982 5983//5983
f 5981//5981 5983//5983 5984//5984
f 5985//5985 5986//5986 5987//5987
f 5985//5985 5987//5987 5988//5988
f 5989//5989 5990//5990 5991//5991
f 5989//5989 5991//5991 5992//5992
f 5993//5993 5994//5994 5995//5995
f 5993//5993 5995//5995 5996//5996
f 5997//5997 5998//5998 5999//5999
f 5997//5997 5999//5999 6000//6000
f 6001//6001 6002//6002 6003//6003
f 6001//6001 6003//6003 6004//6004
f 6005//6005 6006//6006 6010//6010
f 6005//6005 6010//6010 6009//6009
f 6006//6006 6007//6007 6011//6011
f 6006//6006 6011//6011 6010//6010
f 6007//6007 6008//6008 6012//6012
f 6007//6007 6012//6012 6011//6011
f 6008//6008 6005//6005 6009//6009
f 6008//6008 6009//6009 6012//6012
f 6014//6014 6013//6013 6017//6017
f 6015//6015 6014//6014 6017//6017
f 6016//6016 6015//6015 6017//6017
f 6013//6013 6016//6016 6017//6017
f 6018//6018 6019//6019 6022//6022
f 6019//6019 6020//6020 6022//6022
f 6020//6020 6021//6021 6022//6022
f 6021//6021 6018//6018 6022//6022
f 6023//6023 6024//6024 6025//6025
f 6023//6023 6025//6025 6026//6026
f 6027//6027 6028//6028 6029//6029
f 6027//6027 6029//6029 6030//6030
f 6031//6031 6032//6032 6033//6033
f 6031//6031 6033//6033 6034//6034
f 6035//6035 6036//6036 6037//6037
f 6035//6035 6037//6037 6038//6038
f 6039//6039 6040//6040 6041//6041
f 6039//6039 6041//6041 6042//6042
f 6043//6043 6044//6044 6045//6045
f 6043//6043 6045//6045 6046//6046
f 6047//6047 6048//6048 6052//6052
f 6047//6047 6052//6052 6051//6051
f 6048//6048 6049//6049 6053//6053
f 6048//6048 6053//6053 6052//6052
f 6049//6049 6050//6050 6054//6054
f 6049//6049 6054//6054 6053//6053
f 6050//6050 6047//6047 6051//6051
f 6050//6050 6051//6051 6054//6054
f 6056//6056 6055//6055 6059//6059
f 6057//6057 6056//6056 6059//6059
f 6058//6058 6057//6057 6059//6059
f 6055//6055 6058//6058 6059//6059
f 6060//6060 6061//6061 6064//6064
f 6061//6061 6062//6062 6064//6064
f 6062//6062 6063//6063 6064//6064
f 6063//6063 6060//6060 6064//6064

o IM_Stockpile_Ore
g 06_Charging
usemtl Ore
s 1
v -44.5000 35.0000 1.0000
v -44.7692 36.6996 1.0000
v -45.5504 38.2328 1.0000
v -46.7672 39.4496 1.0000
v -48.3004 40.2308 1.0000
v -50.0000 40.5000 1.0000
v -51.6996 40.2308 1.0000
v -53.2328 39.4496 1.0000
v -54.4496 38.2328 1.0000
v -55.2308 36.6996 1.0000
v -55.5000 35.0000 1.0000
v -55.2308 33.3004 1.0000
v -54.4496 31.7672 1.0000
v -53.2328 30.5504 1.0000
v -51.6996 29.7692 1.0000
v -50.0000 29.5000 1.0000
v -48.3004 29.7692 1.0000
v -46.7672 30.5504 1.0000
v -45.5504 31.7672 1.0000
v -44.7692 33.3004 1.0000
v -49.6000 35.0000 5.0000
v -49.6196 35.1236 5.0000
v -49.6764 35.2351 5.0000
v -49.7649 35.3236 5.0000
v -49.8764 35.3804 5.0000
v -50.0000 35.4000 5.0000
v -50.1236 35.3804 5.0000
v -50.2351 35.3236 5.0000
v -50.3236 35.2351 5.0000
v -50.3804 35.1236 5.0000
v -50.4000 35.0000 5.0000
v -50.3804 34.8764 5.0000
v -50.3236 34.7649 5.0000
v -50.2351 34.6764 5.0000
v -50.1236 34.6196 5.0000
v -50.0000 34.6000 5.0000
v -49.8764 34.6196 5.0000
v -49.7649 34.6764 5.0000
v -49.6764 34.7649 5.0000
v -49.6196 34.8764 5.0000
v -44.5000 35.0000 1.0000
v -44.7692 36.6996 1.0000
v -45.5504 38.2328 1.0000
v -46.7672 39.4496 1.0000
v -48.3004 40.2308 1.0000
v -50.0000 40.5000 1.0000
v -51.6996 40.2308 1.0000
v -53.2328 39.4496 1.0000
v -54.4496 38.2328 1.0000
v -55.2308 36.6996 1.0000
v -55.5000 35.0000 1.0000
v -55.2308 33.3004 1.0000
v -54.4496 31.7672 1.0000
v -53.2328 30.5504 1.0000
v -51.6996 29.7692 1.0000
v -50.0000 29.5000 1.0000
v -48.3004 29.7692 1.0000
v -46.7672 30.5504 1.0000
v -45.5504 31.7672 1.0000
v -44.7692 33.3004 1.0000
v -50.0000 35.0000 1.0000
v -49.6000 35.0000 5.0000
v -49.6196 35.1236 5.0000
v -49.6764 35.2351 5.0000
v -49.7649 35.3236 5.0000
v -49.8764 35.3804 5.0000
v -50.0000 35.4000 5.0000
v -50.1236 35.3804 5.0000
v -50.2351 35.3236 5.0000
v -50.3236 35.2351 5.0000
v -50.3804 35.1236 5.0000
v -50.4000 35.0000 5.0000
v -50.3804 34.8764 5.0000
v -50.3236 34.7649 5.0000
v -50.2351 34.6764 5.0000
v -50.1236 34.6196 5.0000
v -50.0000 34.6000 5.0000
v -49.8764 34.6196 5.0000
v -49.7649 34.6764 5.0000
v -49.6764 34.7649 5.0000
v -49.6196 34.8764 5.0000
v -50.0000 35.0000 5.0000
vn 0.6171 0.0034 0.7868
vn 0.5859 0.1940 0.7868
vn 0.4973 0.3655 0.7868
vn 0.3600 0.5013 0.7868
vn 0.1874 0.5880 0.7868
vn -0.0034 0.6171 0.7868
vn -0.1940 0.5859 0.7868
vn -0.3655 0.4973 0.7868
vn -0.5013 0.3600 0.7868
vn -0.5880 0.1874 0.7868
vn -0.6171 -0.0034 0.7868
vn -0.5859 -0.1940 0.7868
vn -0.4973 -0.3655 0.7868
vn -0.3600 -0.5013 0.7868
vn -0.1874 -0.5880 0.7868
vn 0.0034 -0.6171 0.7868
vn 0.1940 -0.5859 0.7868
vn 0.3655 -0.4973 0.7868
vn 0.5013 -0.3600 0.7868
vn 0.5880 -0.1874 0.7868
vn 0.6149 -0.0850 0.7840
vn 0.6111 0.1092 0.7840
vn 0.5474 0.2926 0.7840
vn 0.4302 0.4475 0.7840
vn 0.2709 0.5585 0.7840
vn 0.0850 0.6149 0.7840
vn -0.1092 0.6111 0.7840
vn -0.2926 0.5474 0.7840
vn -0.4475 0.4302 0.7840
vn -0.5585 0.2709 0.7840
vn -0.6149 0.0850 0.7840
vn -0.6111 -0.1092 0.7840
vn -0.5474 -0.2926 0.7840
vn -0.4302 -0.4475 0.7840
vn -0.2709 -0.5585 0.7840
vn -0.0850 -0.6149 0.7840
vn 0.1092 -0.6111 0.7840
vn 0.2926 -0.5474 0.7840
vn 0.4475 -0.4302 0.7840
vn 0.5585 -0.2709 0.7840
vn 0.0000 0.0000 -1.0000
vn 0.0000 0.0000 -1.0000
vn 0.0000 0.0000 -1.0000
vn 0.0000 0.0000 -1.0000
vn 0.0000 0.0000 -1.0000
vn 0.0000 0.0000 -1.0000
vn 0.0000 0.0000 -1.0000
vn 0.0000 0.0000 -1.0000
vn 0.0000 0.0000 -1.0000
vn 0.0000 0.0000 -1.0000
vn 0.0000 0.0000 -1.0000
vn 0.0000 0.0000 -1.0000
vn 0.0000 0.0000 -1.0000
vn 0.0000 0.0000 -1.0000
vn 0.0000 0.0000 -1.0000
vn 0.0000 0.0000 -1.0000
vn 0.0000 0.0000 -1.0000
vn 0.0000 0.0000 -1.0000
vn 0.0000 0.0000 -1.0000
vn 0.0000 0.0000 -1.0000
vn 0.0000 0.0000 -1.0000
vn 0.0000 0.0000 1.0000
vn 0.0000 0.0000 1.0000
vn 0.0000 0.0000 1.0000
vn 0.0000 0.0000 1.0000
vn 0.0000 0.0000 1.0000
vn 0.0000 0.0000 1.0000
vn 0.0000 0.0000 1.0000
vn 0.0000 0.0000 1.0000
vn 0.0000 0.0000 1.0000
vn 0.0000 0.0000 1.0000
vn 0.0000 0.0000 1.0000
vn 0.0000 0.0000 1.0000
vn 0.0000 0.0000 1.0000
vn 0.0000 0.0000 1.0000
vn 0.0000 0.0000 1.0000
vn 0.0000 0.0000 1.0000
vn 0.0000 0.0000 1.0000
vn 0.0000 0.0000 1.0000
vn 0.0000 0.0000 1.0000
vn 0.0000 0.0000 1.0000
vn 0.0000 0.0000 1.0000
f 6065//6065 6066//6066 6086//6086
f 6065//6065 6086//6086 6085//6085
f 6066//6066 6067//6067 6087//6087
f 6066//6066 6087//6087 6086//6086
f 6067//6067 6068//6068 6088//6088
f 6067//6067 6088//6088 6087//6087
f 6068//6068 6069//6069 6089//6089
f 6068//6068 6089//6089 6088//6088
f 6069//6069 6070//6070 6090//6090
f 6069//6069 6090//6090 6089//6089
f 6070//6070 6071//6071 6091//6091
f 6070//6070 6091//6091 6090//6090
f 6071//6071 6072//6072 6092//6092
f 6071//6071 6092//6092 6091//6091
f 6072//6072 6073//6073 6093//6093
f 6072//6072 6093//6093 6092//6092
f 6073//6073 6074//6074 6094//6094
f 6073//6073 6094//6094 6093//6093
f 6074//6074 6075//6075 6095//6095
f 6074//6074 6095//6095 6094//6094
f 6075//6075 6076//6076 6096//6096
f 6075//6075 6096//6096 6095//6095
f 6076//6076 6077//6077 6097//6097
f 6076//6076 6097//6097 6096//6096
f 6077//6077 6078//6078 6098//6098
f 6077//6077 6098//6098 6097//6097
f 6078//6078 6079//6079 6099//6099
f 6078//6078 6099//6099 6098//6098
f 6079//6079 6080//6080 6100//6100
f 6079//6079 6100//6100 6099//6099
f 6080//6080 6081//6081 6101//6101
f 6080//6080 6101//6101 6100//6100
f 6081//6081 6082//6082 6102//6102
f 6081//6081 6102//6102 6101//6101
f 6082//6082 6083//6083 6103//6103
f 6082//6082 6103//6103 6102//6102
f 6083//6083 6084//6084 6104//6104
f 6083//6083 6104//6104 6103//6103
f 6084//6084 6065//6065 6085//6085
f 6084//6084 6085//6085 6104//6104
f 6106//6106 6105//6105 6125//6125
f 6107//6107 6106//6106 6125//6125
f 6108//6108 6107//6107 6125//6125
f 6109//6109 6108//6108 6125//6125
f 6110//6110 6109//6109 6125//6125
f 6111//6111 6110//6110 6125//6125
f 6112//6112 6111//6111 6125//6125
f 6113//6113 6112//6112 6125//6125
f 6114//6114 6113//6113 6125//6125
f 6115//6115 6114//6114 6125//6125
f 6116//6116 6115//6115 6125//6125
f 6117//6117 6116//6116 6125//6125
f 6118//6118 6117//6117 6125//6125
f 6119//6119 6118//6118 6125//6125
f 6120//6120 6119//6119 6125//6125
f 6121//6121 6120//6120 6125//6125
f 6122//6122 6121//6121 6125//6125
f 6123//6123 6122//6122 6125//6125
f 6124//6124 6123//6123 6125//6125
f 6105//6105 6124//6124 6125//6125
f 6126//6126 6127//6127 6146//6146
f 6127//6127 6128//6128 6146//6146
f 6128//6128 6129//6129 6146//6146
f 6129//6129 6130//6130 6146//6146
f 6130//6130 6131//6131 6146//6146
f 6131//6131 6132//6132 6146//6146
f 6132//6132 6133//6133 6146//6146
f 6133//6133 6134//6134 6146//6146
f 6134//6134 6135//6135 6146//6146
f 6135//6135 6136//6136 6146//6146
f 6136//6136 6137//6137 6146//6146
f 6137//6137 6138//6138 6146//6146
f 6138//6138 6139//6139 6146//6146
f 6139//6139 6140//6140 6146//6146
f 6140//6140 6141//6141 6146//6146
f 6141//6141 6142//6142 6146//6146
f 6142//6142 6143//6143 6146//6146
f 6143//6143 6144//6144 6146//6146
f 6144//6144 6145//6145 6146//6146
f 6145//6145 6126//6126 6146//6146

o IM_Stockpile_Coal
g 06_Charging
usemtl Coal
s 1
v -45.0000 23.0000 1.0000
v -45.2447 24.5451 1.0000
v -45.9549 25.9389 1.0000
v -47.0611 27.0451 1.0000
v -48.4549 27.7553 1.0000
v -50.0000 28.0000 1.0000
v -51.5451 27.7553 1.0000
v -52.9389 27.0451 1.0000
v -54.0451 25.9389 1.0000
v -54.7553 24.5451 1.0000
v -55.0000 23.0000 1.0000
v -54.7553 21.4549 1.0000
v -54.0451 20.0611 1.0000
v -52.9389 18.9549 1.0000
v -51.5451 18.2447 1.0000
v -50.0000 18.0000 1.0000
v -48.4549 18.2447 1.0000
v -47.0611 18.9549 1.0000
v -45.9549 20.0611 1.0000
v -45.2447 21.4549 1.0000
v -49.6000 23.0000 4.6000
v -49.6196 23.1236 4.6000
v -49.6764 23.2351 4.6000
v -49.7649 23.3236 4.6000
v -49.8764 23.3804 4.6000
v -50.0000 23.4000 4.6000
v -50.1236 23.3804 4.6000
v -50.2351 23.3236 4.6000
v -50.3236 23.2351 4.6000
v -50.3804 23.1236 4.6000
v -50.4000 23.0000 4.6000
v -50.3804 22.8764 4.6000
v -50.3236 22.7649 4.6000
v -50.2351 22.6764 4.6000
v -50.1236 22.6196 4.6000
v -50.0000 22.6000 4.6000
v -49.8764 22.6196 4.6000
v -49.7649 22.6764 4.6000
v -49.6764 22.7649 4.6000
v -49.6196 22.8764 4.6000
v -45.0000 23.0000 1.0000
v -45.2447 24.5451 1.0000
v -45.9549 25.9389 1.0000
v -47.0611 27.0451 1.0000
v -48.4549 27.7553 1.0000
v -50.0000 28.0000 1.0000
v -51.5451 27.7553 1.0000
v -52.9389 27.0451 1.0000
v -54.0451 25.9389 1.0000
v -54.7553 24.5451 1.0000
v -55.0000 23.0000 1.0000
v -54.7553 21.4549 1.0000
v -54.0451 20.0611 1.0000
v -52.9389 18.9549 1.0000
v -51.5451 18.2447 1.0000
v -50.0000 18.0000 1.0000
v -48.4549 18.2447 1.0000
v -47.0611 18.9549 1.0000
v -45.9549 20.0611 1.0000
v -45.2447 21.4549 1.0000
v -50.0000 23.0000 1.0000
v -49.6000 23.0000 4.6000
v -49.6196 23.1236 4.6000
v -49.6764 23.2351 4.6000
v -49.7649 23.3236 4.6000
v -49.8764 23.3804 4.6000
v -50.0000 23.4000 4.6000
v -50.1236 23.3804 4.6000
v -50.2351 23.3236 4.6000
v -50.3236 23.2351 4.6000
v -50.3804 23.1236 4.6000
v -50.4000 23.0000 4.6000
v -50.3804 22.8764 4.6000
v -50.3236 22.7649 4.6000
v -50.2351 22.6764 4.6000
v -50.1236 22.6196 4.6000
v -50.0000 22.6000 4.6000
v -49.8764 22.6196 4.6000
v -49.7649 22.6764 4.6000
v -49.6764 22.7649 4.6000
v -49.6196 22.8764 4.6000
v -50.0000 23.0000 4.6000
vn 0.6163 0.0038 0.7875
vn 0.5850 0.1940 0.7875
vn 0.4964 0.3653 0.7875
vn 0.3592 0.5008 0.7875
vn 0.1869 0.5873 0.7875
vn -0.0038 0.6163 0.7875
vn -0.1940 0.5850 0.7875
vn -0.3653 0.4964 0.7875
vn -0.5008 0.3592 0.7875
vn -0.5873 0.1869 0.7875
vn -0.6163 -0.0038 0.7875
vn -0.5850 -0.1940 0.7875
vn -0.4964 -0.3653 0.7875
vn -0.3592 -0.5008 0.7875
vn -0.1869 -0.5873 0.7875
vn 0.0038 -0.6163 0.7875
vn 0.1940 -0.5850 0.7875
vn 0.3653 -0.4964 0.7875
vn 0.5008 -0.3592 0.7875
vn 0.5873 -0.1869 0.7875
vn 0.6141 -0.0839 0.7847
vn 0.6100 0.1100 0.7847
vn 0.5461 0.2931 0.7847
vn 0.4288 0.4476 0.7847
vn 0.2695 0.5582 0.7847
vn 0.0839 0.6141 0.7847
vn -0.1100 0.6100 0.7847
vn -0.2931 0.5461 0.7847
vn -0.4476 0.4288 0.7847
vn -0.5582 0.2695 0.7847
vn -0.6141 0.0839 0.7847
vn -0.6100 -0.1100 0.7847
vn -0.5461 -0.2931 0.7847
vn -0.4288 -0.4476 0.7847
vn -0.2695 -0.5582 0.7847
vn -0.0839 -0.6141 0.7847
vn 0.1100 -0.6100 0.7847
vn 0.2931 -0.5461 0.7847
vn 0.4476 -0.4288 0.7847
vn 0.5582 -0.2695 0.7847
vn 0.0000 0.0000 -1.0000
vn 0.0000 0.0000 -1.0000
vn 0.0000 0.0000 -1.0000
vn 0.0000 0.0000 -1.0000
vn 0.0000 0.0000 -1.0000
vn 0.0000 0.0000 -1.0000
vn 0.0000 0.0000 -1.0000
vn 0.0000 0.0000 -1.0000
vn 0.0000 0.0000 -1.0000
vn 0.0000 0.0000 -1.0000
vn 0.0000 0.0000 -1.0000
vn 0.0000 0.0000 -1.0000
vn 0.0000 0.0000 -1.0000
vn 0.0000 0.0000 -1.0000
vn 0.0000 0.0000 -1.0000
vn 0.0000 0.0000 -1.0000
vn 0.0000 0.0000 -1.0000
vn 0.0000 0.0000 -1.0000
vn 0.0000 0.0000 -1.0000
vn 0.0000 0.0000 -1.0000
vn 0.0000 0.0000 -1.0000
vn 0.0000 0.0000 1.0000
vn 0.0000 0.0000 1.0000
vn 0.0000 0.0000 1.0000
vn 0.0000 0.0000 1.0000
vn 0.0000 0.0000 1.0000
vn 0.0000 0.0000 1.0000
vn 0.0000 0.0000 1.0000
vn 0.0000 0.0000 1.0000
vn 0.0000 0.0000 1.0000
vn 0.0000 0.0000 1.0000
vn 0.0000 0.0000 1.0000
vn 0.0000 0.0000 1.0000
vn 0.0000 0.0000 1.0000
vn 0.0000 0.0000 1.0000
vn 0.0000 0.0000 1.0000
vn 0.0000 0.0000 1.0000
vn 0.0000 0.0000 1.0000
vn 0.0000 0.0000 1.0000
vn 0.0000 0.0000 1.0000
vn 0.0000 0.0000 1.0000
vn 0.0000 0.0000 1.0000
f 6147//6147 6148//6148 6168//6168
f 6147//6147 6168//6168 6167//6167
f 6148//6148 6149//6149 6169//6169
f 6148//6148 6169//6169 6168//6168
f 6149//6149 6150//6150 6170//6170
f 6149//6149 6170//6170 6169//6169
f 6150//6150 6151//6151 6171//6171
f 6150//6150 6171//6171 6170//6170
f 6151//6151 6152//6152 6172//6172
f 6151//6151 6172//6172 6171//6171
f 6152//6152 6153//6153 6173//6173
f 6152//6152 6173//6173 6172//6172
f 6153//6153 6154//6154 6174//6174
f 6153//6153 6174//6174 6173//6173
f 6154//6154 6155//6155 6175//6175
f 6154//6154 6175//6175 6174//6174
f 6155//6155 6156//6156 6176//6176
f 6155//6155 6176//6176 6175//6175
f 6156//6156 6157//6157 6177//6177
f 6156//6156 6177//6177 6176//6176
f 6157//6157 6158//6158 6178//6178
f 6157//6157 6178//6178 6177//6177
f 6158//6158 6159//6159 6179//6179
f 6158//6158 6179//6179 6178//6178
f 6159//6159 6160//6160 6180//6180
f 6159//6159 6180//6180 6179//6179
f 6160//6160 6161//6161 6181//6181
f 6160//6160 6181//6181 6180//6180
f 6161//6161 6162//6162 6182//6182
f 6161//6161 6182//6182 6181//6181
f 6162//6162 6163//6163 6183//6183
f 6162//6162 6183//6183 6182//6182
f 6163//6163 6164//6164 6184//6184
f 6163//6163 6184//6184 6183//6183
f 6164//6164 6165//6165 6185//6185
f 6164//6164 6185//6185 6184//6184
f 6165//6165 6166//6166 6186//6186
f 6165//6165 6186//6186 6185//6185
f 6166//6166 6147//6147 6167//6167
f 6166//6166 6167//6167 6186//6186
f 6188//6188 6187//6187 6207//6207
f 6189//6189 6188//6188 6207//6207
f 6190//6190 6189//6189 6207//6207
f 6191//6191 6190//6190 6207//6207
f 6192//6192 6191//6191 6207//6207
f 6193//6193 6192//6192 6207//6207
f 6194//6194 6193//6193 6207//6207
f 6195//6195 6194//6194 6207//6207
f 6196//6196 6195//6195 6207//6207
f 6197//6197 6196//6196 6207//6207
f 6198//6198 6197//6197 6207//6207
f 6199//6199 6198//6198 6207//6207
f 6200//6200 6199//6199 6207//6207
f 6201//6201 6200//6200 6207//6207
f 6202//6202 6201//6201 6207//6207
f 6203//6203 6202//6202 6207//6207
f 6204//6204 6203//6203 6207//6207
f 6205//6205 6204//6204 6207//6207
f 6206//6206 6205//6205 6207//6207
f 6187//6187 6206//6206 6207//6207
f 6208//6208 6209//6209 6228//6228
f 6209//6209 6210//6210 6228//6228
f 6210//6210 6211//6211 6228//6228
f 6211//6211 6212//6212 6228//6228
f 6212//6212 6213//6213 6228//6228
f 6213//6213 6214//6214 6228//6228
f 6214//6214 6215//6215 6228//6228
f 6215//6215 6216//6216 6228//6228
f 6216//6216 6217//6217 6228//6228
f 6217//6217 6218//6218 6228//6228
f 6218//6218 6219//6219 6228//6228
f 6219//6219 6220//6220 6228//6228
f 6220//6220 6221//6221 6228//6228
f 6221//6221 6222//6222 6228//6228
f 6222//6222 6223//6223 6228//6228
f 6223//6223 6224//6224 6228//6228
f 6224//6224 6225//6225 6228//6228
f 6225//6225 6226//6226 6228//6228
f 6226//6226 6227//6227 6228//6228
f 6227//6227 6208//6208 6228//6228

o IM_Charging_Conveyor
g 06_Charging
usemtl Steel_Dark
s 1
v -23.0394 32.4003 2.5000
v -23.3577 32.9521 2.9840
v -21.2789 34.1514 2.9840
v -20.9606 33.5997 2.5000
v -8.0394 6.4003 42.0000
v -5.9606 7.5997 42.0000
v -6.2789 8.1514 42.4840
v -8.3577 6.9521 42.4840
v -23.0394 32.4003 2.5000
v -8.0394 6.4003 42.0000
v -8.3577 6.9521 42.4840
v -23.3577 32.9521 2.9840
v -20.9606 33.5997 2.5000
v -21.2789 34.1514 2.9840
v -6.2789 8.1514 42.4840
v -5.9606 7.5997 42.0000
v -23.0394 32.4003 2.5000
v -20.9606 33.5997 2.5000
v -5.9606 7.5997 42.0000
v -8.0394 6.4003 42.0000
v -23.3577 32.9521 2.9840
v -8.3577 6.9521 42.4840
v -6.2789 8.1514 42.4840
v -21.2789 34.1514 2.9840
v -23.3864 32.7517 2.8630
v -23.7445 33.3723 3.4076
v -23.6146 33.4473 3.4076
v -23.2565 32.8266 2.8630
v -8.3864 6.7517 42.3630
v -8.2565 6.8266 42.3630
v -8.6146 7.4473 42.9076
v -8.7445 7.3723 42.9076
v -23.3864 32.7517 2.8630
v -8.3864 6.7517 42.3630
v -8.7445 7.3723 42.9076
v -23.7445 33.3723 3.4076
v -23.2565 32.8266 2.8630
v -23.6146 33.4473 3.4076
v -8.6146 7.4473 42.9076
v -8.2565 6.8266 42.3630
v -23.3864 32.7517 2.8630
v -23.2565 32.8266 2.8630
v -8.2565 6.8266 42.3630
v -8.3864 6.7517 42.3630
v -23.7445 33.3723 3.4076
v -8.7445 7.3723 42.9076
v -8.6146 7.4473 42.9076
v -23.6146 33.4473 3.4076
v -21.2210 34.0010 2.8630
v -21.5790 34.6217 3.4076
v -21.4491 34.6966 3.4076
v -21.0910 34.0759 2.8630
v -6.2210 8.0010 42.3630
v -6.0910 8.0759 42.3630
v -6.4491 8.6966 42.9076
v -6.5790 8.6217 42.9076
v -21.2210 34.0010 2.8630
v -6.2210 8.0010 42.3630
v -6.5790 8.6217 42.9076
v -21.5790 34.6217 3.4076
v -21.0910 34.0759 2.8630
v -21.4491 34.6966 3.4076
v -6.4491 8.6966 42.9076
v -6.0910 8.0759 42.3630
v -21.2210 34.0010 2.8630
v -21.0910 34.0759 2.8630
v -6.0910 8.0759 42.3630
v -6.2210 8.0010 42.3630
v -21.5790 34.6217 3.4076
v -6.5790 8.6217 42.9076
v -6.4491 8.6966 42.9076
v -21.4491 34.6966 3.4076
vn -0.3024 0.5241 -0.7962
vn -0.3024 0.5241 -0.7962
vn -0.3024 0.5241 -0.7962
vn -0.3024 0.5241 -0.7962
vn 0.3024 -0.5241 0.7962
vn 0.3024 -0.5241 0.7962
vn 0.3024 -0.5241 0.7962
vn 0.3024 -0.5241 0.7962
vn -0.8662 -0.4997 0.0000
vn -0.8662 -0.4997 0.0000
vn -0.8662 -0.4997 0.0000
vn -0.8662 -0.4997 0.0000
vn 0.8662 0.4997 -0.0000
vn 0.8662 0.4997 -0.0000
vn 0.8662 0.4997 -0.0000
vn 0.8662 0.4997 -0.0000
vn 0.3979 -0.6897 -0.6050
vn 0.3979 -0.6897 -0.6050
vn 0.3979 -0.6897 -0.6050
vn 0.3979 -0.6897 -0.6050
vn -0.3979 0.6897 0.6050
vn -0.3979 0.6897 0.6050
vn -0.3979 0.6897 0.6050
vn -0.3979 0.6897 0.6050
vn -0.3024 0.5241 -0.7962
vn -0.3024 0.5241 -0.7962
vn -0.3024 0.5241 -0.7962
vn -0.3024 0.5241 -0.7962
vn 0.3024 -0.5241 0.7962
vn 0.3024 -0.5241 0.7962
vn 0.3024 -0.5241 0.7962
vn 0.3024 -0.5241 0.7962
vn -0.8662 -0.4997 -0.0000
vn -0.8662 -0.4997 0.0000
vn -0.8662 -0.4997 -0.0000
vn -0.8662 -0.4997 -0.0000
vn 0.8662 0.4997 -0.0000
vn 0.8662 0.4997 -0.0000
vn 0.8662 0.4997 -0.0000
vn 0.8662 0.4997 0.0000
vn 0.3979 -0.6897 -0.6050
vn 0.3979 -0.6897 -0.6050
vn 0.3979 -0.6897 -0.6050
vn 0.3979 -0.6897 -0.6050
vn -0.3979 0.6897 0.6050
vn -0.3979 0.6897 0.6050
vn -0.3979 0.6897 0.6050
vn -0.3979 0.6897 0.6050
vn -0.3024 0.5241 -0.7962
vn -0.3024 0.5241 -0.7962
vn -0.3024 0.5241 -0.7962
vn -0.3024 0.5241 -0.7962
vn 0.3024 -0.5241 0.7962
vn 0.3024 -0.5241 0.7962
vn 0.3024 -0.5241 0.7962
vn 0.3024 -0.5241 0.7962
vn -0.8662 -0.4997 -0.0000
vn -0.8662 -0.4997 -0.0000
vn -0.8662 -0.4997 -0.0000
vn -0.8662 -0.4997 0.0000
vn 0.8662 0.4997 0.0000
vn 0.8662 0.4997 0.0000
vn 0.8662 0.4997 0.0000
vn 0.8662 0.4997 0.0000
vn 0.3979 -0.6897 -0.6050
vn 0.3979 -0.6897 -0.6050
vn 0.3979 -0.6897 -0.6050
vn 0.3979 -0.6897 -0.6050
vn -0.3979 0.6897 0.6050
vn -0.3979 0.6897 0.6050
vn -0.3979 0.6897 0.6050
vn -0.3979 0.6897 0.6050
f 6229//6229 6230//6230 6231//6231
f 6229//6229 6231//6231 6232//6232
f 6233//6233 6234//6234 6235//6235
f 6233//6233 6235//6235 6236//6236
f 6237//6237 6238//6238 6239//6239
f 6237//6237 6239//6239 6240//6240
f 6241//6241 6242//6242 6243//6243
f 6241//6241 6243//6243 6244//6244
f 6245//6245 6246//6246 6247//6247
f 6245//6245 6247//6247 6248//6248
f 6249//6249 6250//6250 6251//6251
f 6249//6249 6251//6251 6252//6252
f 6253//6253 6254//6254 6255//6255
f 6253//6253 6255//6255 6256//6256
f 6257//6257 6258//6258 6259//6259
f 6257//6257 6259//6259 6260//6260
f 6261//6261 6262//6262 6263//6263
f 6261//6261 6263//6263 6264//6264
f 6265//6265 6266//6266 6267//6267
f 6265//6265 6267//6267 6268//6268
f 6269//6269 6270//6270 6271//6271
f 6269//6269 6271//6271 6272//6272
f 6273//6273 6274//6274 6275//6275
f 6273//6273 6275//6275 6276//6276
f 6277//6277 6278//6278 6279//6279
f 6277//6277 6279//6279 6280//6280
f 6281//6281 6282//6282 6283//6283
f 6281//6281 6283//6283 6284//6284
f 6285//6285 6286//6286 6287//6287
f 6285//6285 6287//6287 6288//6288
f 6289//6289 6290//6290 6291//6291
f 6289//6289 6291//6291 6292//6292
f 6293//6293 6294//6294 6295//6295
f 6293//6293 6295//6295 6296//6296
f 6297//6297 6298//6298 6299//6299
f 6297//6297 6299//6299 6300//6300

o IM_Charging_Supports
g 06_Charging
usemtl Steel_Dark
s 1
v -20.2500 28.6000 1.0000
v -20.2500 28.6000 8.2250
v -20.2500 29.6000 8.2250
v -20.2500 29.6000 1.0000
v -19.2500 28.6000 1.0000
v -19.2500 29.6000 1.0000
v -19.2500 29.6000 8.2250
v -19.2500 28.6000 8.2250
v -20.2500 28.6000 1.0000
v -19.2500 28.6000 1.0000
v -19.2500 28.6000 8.2250
v -20.2500 28.6000 8.2250
v -20.2500 29.6000 1.0000
v -20.2500 29.6000 8.2250
v -19.2500 29.6000 8.2250
v -19.2500 29.6000 1.0000
v -20.2500 28.6000 1.0000
v -20.2500 29.6000 1.0000
v -19.2500 29.6000 1.0000
v -19.2500 28.6000 1.0000
v -20.2500 28.6000 8.2250
v -19.2500 28.6000 8.2250
v -19.2500 29.6000 8.2250
v -20.2500 29.6000 8.2250
v -17.6250 24.0500 1.0000
v -17.6250 24.0500 15.1375
v -17.6250 25.0500 15.1375
v -17.6250 25.0500 1.0000
v -16.6250 24.0500 1.0000
v -16.6250 25.0500 1.0000
v -16.6250 25.0500 15.1375
v -16.6250 24.0500 15.1375
v -17.6250 24.0500 1.0000
v -16.6250 24.0500 1.0000
v -16.6250 24.0500 15.1375
v -17.6250 24.0500 15.1375
v -17.6250 25.0500 1.0000
v -17.6250 25.0500 15.1375
v -16.6250 25.0500 15.1375
v -16.6250 25.0500 1.0000
v -17.6250 24.0500 1.0000
v -17.6250 25.0500 1.0000
v -16.6250 25.0500 1.0000
v -16.6250 24.0500 1.0000
v -17.6250 24.0500 15.1375
v -16.6250 24.0500 15.1375
v -16.6250 25.0500 15.1375
v -17.6250 25.0500 15.1375
v -15.0000 19.5000 1.0000
v -15.0000 19.5000 22.0500
v -15.0000 20.5000 22.0500
v -15.0000 20.5000 1.0000
v -14.0000 19.5000 1.0000
v -14.0000 20.5000 1.0000
v -14.0000 20.5000 22.0500
v -14.0000 19.5000 22.0500
v -15.0000 19.5000 1.0000
v -14.0000 19.5000 1.0000
v -14.0000 19.5000 22.0500
v -15.0000 19.5000 22.0500
v -15.0000 20.5000 1.0000
v -15.0000 20.5000 22.0500
v -14.0000 20.5000 22.0500
v -14.0000 20.5000 1.0000
v -15.0000 19.5000 1.0000
v -15.0000 20.5000 1.0000
v -14.0000 20.5000 1.0000
v -14.0000 19.5000 1.0000
v -15.0000 19.5000 22.0500
v -14.0000 19.5000 22.0500
v -14.0000 20.5000 22.0500
v -15.0000 20.5000 22.0500
v -12.3750 14.9500 1.0000
v -12.3750 14.9500 28.9625
v -12.3750 15.9500 28.9625
v -12.3750 15.9500 1.0000
v -11.3750 14.9500 1.0000
v -11.3750 15.9500 1.0000
v -11.3750 15.9500 28.9625
v -11.3750 14.9500 28.9625
v -12.3750 14.9500 1.0000
v -11.3750 14.9500 1.0000
v -11.3750 14.9500 28.9625
v -12.3750 14.9500 28.9625
v -12.3750 15.9500 1.0000
v -12.3750 15.9500 28.9625
v -11.3750 15.9500 28.9625
v -11.3750 15.9500 1.0000
v -12.3750 14.9500 1.0000
v -12.3750 15.9500 1.0000
v -11.3750 15.9500 1.0000
v -11.3750 14.9500 1.0000
v -12.3750 14.9500 28.9625
v -11.3750 14.9500 28.9625
v -11.3750 15.9500 28.9625
v -12.3750 15.9500 28.9625
v -9.7500 10.4000 1.0000
v -9.7500 10.4000 35.8750
v -9.7500 11.4000 35.8750
v -9.7500 11.4000 1.0000
v -8.7500 10.4000 1.0000
v -8.7500 11.4000 1.0000
v -8.7500 11.4000 35.8750
v -8.7500 10.4000 35.8750
v -9.7500 10.4000 1.0000
v -8.7500 10.4000 1.0000
v -8.7500 10.4000 35.8750
v -9.7500 10.4000 35.8750
v -9.7500 11.4000 1.0000
v -9.7500 11.4000 35.8750
v -8.7500 11.4000 35.8750
v -8.7500 11.4000 1.0000
v -9.7500 10.4000 1.0000
v -9.7500 11.4000 1.0000
v -8.7500 11.4000 1.0000
v -8.7500 10.4000 1.0000
v -9.7500 10.4000 35.8750
v -8.7500 10.4000 35.8750
v -8.7500 11.4000 35.8750
v -9.7500 11.4000 35.8750
vn -1.0000 0.0000 0.0000
vn -1.0000 0.0000 0.0000
vn -1.0000 0.0000 0.0000
vn -1.0000 0.0000 0.0000
vn 1.0000 0.0000 0.0000
vn 1.0000 0.0000 0.0000
vn 1.0000 0.0000 0.0000
vn 1.0000 0.0000 0.0000
vn 0.0000 -1.0000 0.0000
vn 0.0000 -1.0000 0.0000
vn 0.0000 -1.0000 0.0000
vn 0.0000 -1.0000 0.0000
vn 0.0000 1.0000 0.0000
vn 0.0000 1.0000 0.0000
vn 0.0000 1.0000 0.0000
vn 0.0000 1.0000 0.0000
vn 0.0000 0.0000 -1.0000
vn 0.0000 0.0000 -1.0000
vn 0.0000 0.0000 -1.0000
vn 0.0000 0.0000 -1.0000
vn 0.0000 0.0000 1.0000
vn 0.0000 0.0000 1.0000
vn 0.0000 0.0000 1.0000
vn 0.0000 0.0000 1.0000
vn -1.0000 0.0000 0.0000
vn -1.0000 0.0000 0.0000
vn -1.0000 0.0000 0.0000
vn -1.0000 0.0000 0.0000
vn 1.0000 0.0000 0.0000
vn 1.0000 0.0000 0.0000
vn 1.0000 0.0000 0.0000
vn 1.0000 0.0000 0.0000
vn 0.0000 -1.0000 0.0000
vn 0.0000 -1.0000 0.0000
vn 0.0000 -1.0000 0.0000
vn 0.0000 -1.0000 0.0000
vn 0.0000 1.0000 0.0000
vn 0.0000 1.0000 0.0000
vn 0.0000 1.0000 0.0000
vn 0.0000 1.0000 0.0000
vn 0.0000 0.0000 -1.0000
vn 0.0000 0.0000 -1.0000
vn 0.0000 0.0000 -1.0000
vn 0.0000 0.0000 -1.0000
vn 0.0000 0.0000 1.0000
vn 0.0000 0.0000 1.0000
vn 0.0000 0.0000 1.0000
vn 0.0000 0.0000 1.0000
vn -1.0000 0.0000 0.0000
vn -1.0000 0.0000 0.0000
vn -1.0000 0.0000 0.0000
vn -1.0000 0.0000 0.0000
vn 1.0000 0.0000 0.0000
vn 1.0000 0.0000 0.0000
vn 1.0000 0.0000 0.0000
vn 1.0000 0.0000 0.0000
vn 0.0000 -1.0000 0.0000
vn 0.0000 -1.0000 0.0000
vn 0.0000 -1.0000 0.0000
vn 0.0000 -1.0000 0.0000
vn 0.0000 1.0000 0.0000
vn 0.0000 1.0000 0.0000
vn 0.0000 1.0000 0.0000
vn 0.0000 1.0000 0.0000
vn 0.0000 0.0000 -1.0000
vn 0.0000 0.0000 -1.0000
vn 0.0000 0.0000 -1.0000
vn 0.0000 0.0000 -1.0000
vn 0.0000 0.0000 1.0000
vn 0.0000 0.0000 1.0000
vn 0.0000 0.0000 1.0000
vn 0.0000 0.0000 1.0000
vn -1.0000 0.0000 0.0000
vn -1.0000 0.0000 0.0000
vn -1.0000 0.0000 0.0000
vn -1.0000 0.0000 0.0000
vn 1.0000 0.0000 0.0000
vn 1.0000 0.0000 0.0000
vn 1.0000 0.0000 0.0000
vn 1.0000 0.0000 0.0000
vn 0.0000 -1.0000 0.0000
vn 0.0000 -1.0000 0.0000
vn 0.0000 -1.0000 0.0000
vn 0.0000 -1.0000 0.0000
vn 0.0000 1.0000 0.0000
vn 0.0000 1.0000 0.0000
vn 0.0000 1.0000 0.0000
vn 0.0000 1.0000 0.0000
vn 0.0000 0.0000 -1.0000
vn 0.0000 0.0000 -1.0000
vn 0.0000 0.0000 -1.0000
vn 0.0000 0.0000 -1.0000
vn 0.0000 0.0000 1.0000
vn 0.0000 0.0000 1.0000
vn 0.0000 0.0000 1.0000
vn 0.0000 0.0000 1.0000
vn -1.0000 0.0000 0.0000
vn -1.0000 0.0000 0.0000
vn -1.0000 0.0000 0.0000
vn -1.0000 0.0000 0.0000
vn 1.0000 0.0000 0.0000
vn 1.0000 0.0000 0.0000
vn 1.0000 0.0000 0.0000
vn 1.0000 0.0000 0.0000
vn 0.0000 -1.0000 0.0000
vn 0.0000 -1.0000 0.0000
vn 0.0000 -1.0000 0.0000
vn 0.0000 -1.0000 0.0000
vn 0.0000 1.0000 0.0000
vn 0.0000 1.0000 0.0000
vn 0.0000 1.0000 0.0000
vn 0.0000 1.0000 0.0000
vn 0.0000 0.0000 -1.0000
vn 0.0000 0.0000 -1.0000
vn 0.0000 0.0000 -1.0000
vn 0.0000 0.0000 -1.0000
vn 0.0000 0.0000 1.0000
vn 0.0000 0.0000 1.0000
vn 0.0000 0.0000 1.0000
vn 0.0000 0.0000 1.0000
f 6301//6301 6302//6302 6303//6303
f 6301//6301 6303//6303 6304//6304
f 6305//6305 6306//6306 6307//6307
f 6305//6305 6307//6307 6308//6308
f 6309//6309 6310//6310 6311//6311
f 6309//6309 6311//6311 6312//6312
f 6313//6313 6314//6314 6315//6315
f 6313//6313 6315//6315 6316//6316
f 6317//6317 6318//6318 6319//6319
f 6317//6317 6319//6319 6320//6320
f 6321//6321 6322//6322 6323//6323
f 6321//6321 6323//6323 6324//6324
f 6325//6325 6326//6326 6327//6327
f 6325//6325 6327//6327 6328//6328
f 6329//6329 6330//6330 6331//6331
f 6329//6329 6331//6331 6332//6332
f 6333//6333 6334//6334 6335//6335
f 6333//6333 6335//6335 6336//6336
f 6337//6337 6338//6338 6339//6339
f 6337//6337 6339//6339 6340//6340
f 6341//6341 6342//6342 6343//6343
f 6341//6341 6343//6343 6344//6344
f 6345//6345 6346//6346 6347//6347
f 6345//6345 6347//6347 6348//6348
f 6349//6349 6350//6350 6351//6351
f 6349//6349 6351//6351 6352//6352
f 6353//6353 6354//6354 6355//6355
f 6353//6353 6355//6355 6356//6356
f 6357//6357 6358//6358 6359//6359
f 6357//6357 6359//6359 6360//6360
f 6361//6361 6362//6362 6363//6363
f 6361//6361 6363//6363 6364//6364
f 6365//6365 6366//6366 6367//6367
f 6365//6365 6367//6367 6368//6368
f 6369//6369 6370//6370 6371//6371
f 6369//6369 6371//6371 6372//6372
f 6373//6373 6374//6374 6375//6375
f 6373//6373 6375//6375 6376//6376
f 6377//6377 6378//6378 6379//6379
f 6377//6377 6379//6379 6380//6380
f 6381//6381 6382//6382 6383//6383
f 6381//6381 6383//6383 6384//6384
f 6385//6385 6386//6386 6387//6387
f 6385//6385 6387//6387 6388//6388
f 6389//6389 6390//6390 6391//6391
f 6389//6389 6391//6391 6392//6392
f 6393//6393 6394//6394 6395//6395
f 6393//6393 6395//6395 6396//6396
f 6397//6397 6398//6398 6399//6399
f 6397//6397 6399//6399 6400//6400
f 6401//6401 6402//6402 6403//6403
f 6401//6401 6403//6403 6404//6404
f 6405//6405 6406//6406 6407//6407
f 6405//6405 6407//6407 6408//6408
f 6409//6409 6410//6410 6411//6411
f 6409//6409 6411//6411 6412//6412
f 6413//6413 6414//6414 6415//6415
f 6413//6413 6415//6415 6416//6416
f 6417//6417 6418//6418 6419//6419
f 6417//6417 6419//6419 6420//6420

o IM_FINEX_Reactors
g 07_FINEX
usemtl Steel_Matte
s 1
v 57.2000 -4.0000 1.0000
v 57.0434 -3.0111 1.0000
v 56.5889 -2.1191 1.0000
v 55.8809 -1.4111 1.0000
v 54.9889 -0.9566 1.0000
v 54.0000 -0.8000 1.0000
v 53.0111 -0.9566 1.0000
v 52.1191 -1.4111 1.0000
v 51.4111 -2.1191 1.0000
v 50.9566 -3.0111 1.0000
v 50.8000 -4.0000 1.0000
v 50.9566 -4.9889 1.0000
v 51.4111 -5.8809 1.0000
v 52.1191 -6.5889 1.0000
v 53.0111 -7.0434 1.0000
v 54.0000 -7.2000 1.0000
v 54.9889 -7.0434 1.0000
v 55.8809 -6.5889 1.0000
v 56.5889 -5.8809 1.0000
v 57.0434 -4.9889 1.0000
v 57.2000 -4.0000 23.0000
v 57.0434 -3.0111 23.0000
v 56.5889 -2.1191 23.0000
v 55.8809 -1.4111 23.0000
v 54.9889 -0.9566 23.0000
v 54.0000 -0.8000 23.0000
v 53.0111 -0.9566 23.0000
v 52.1191 -1.4111 23.0000
v 51.4111 -2.1191 23.0000
v 50.9566 -3.0111 23.0000
v 50.8000 -4.0000 23.0000
v 50.9566 -4.9889 23.0000
v 51.4111 -5.8809 23.0000
v 52.1191 -6.5889 23.0000
v 53.0111 -7.0434 23.0000
v 54.0000 -7.2000 23.0000
v 54.9889 -7.0434 23.0000
v 55.8809 -6.5889 23.0000
v 56.5889 -5.8809 23.0000
v 57.0434 -4.9889 23.0000
v 57.2000 -4.0000 1.0000
v 57.0434 -3.0111 1.0000
v 56.5889 -2.1191 1.0000
v 55.8809 -1.4111 1.0000
v 54.9889 -0.9566 1.0000
v 54.0000 -0.8000 1.0000
v 53.0111 -0.9566 1.0000
v 52.1191 -1.4111 1.0000
v 51.4111 -2.1191 1.0000
v 50.9566 -3.0111 1.0000
v 50.8000 -4.0000 1.0000
v 50.9566 -4.9889 1.0000
v 51.4111 -5.8809 1.0000
v 52.1191 -6.5889 1.0000
v 53.0111 -7.0434 1.0000
v 54.0000 -7.2000 1.0000
v 54.9889 -7.0434 1.0000
v 55.8809 -6.5889 1.0000
v 56.5889 -5.8809 1.0000
v 57.0434 -4.9889 1.0000
v 54.0000 -4.0000 1.0000
v 57.2000 -4.0000 23.0000
v 57.0434 -3.0111 23.0000
v 56.5889 -2.1191 23.0000
v 55.8809 -1.4111 23.0000
v 54.9889 -0.9566 23.0000
v 54.0000 -0.8000 23.0000
v 53.0111 -0.9566 23.0000
v 52.1191 -1.4111 23.0000
v 51.4111 -2.1191 23.0000
v 50.9566 -3.0111 23.0000
v 50.8000 -4.0000 23.0000
v 50.9566 -4.9889 23.0000
v 51.4111 -5.8809 23.0000
v 52.1191 -6.5889 23.0000
v 53.0111 -7.0434 23.0000
v 54.0000 -7.2000 23.0000
v 54.9889 -7.0434 23.0000
v 55.8809 -6.5889 23.0000
v 56.5889 -5.8809 23.0000
v 57.0434 -4.9889 23.0000
v 54.0000 -4.0000 23.0000
v 57.2000 -4.0000 23.0000
v 57.0434 -3.0111 23.0000
v 56.5889 -2.1191 23.0000
v 55.8809 -1.4111 23.0000
v 54.9889 -0.9566 23.0000
v 54.0000 -0.8000 23.0000
v 53.0111 -0.9566 23.0000
v 52.1191 -1.4111 23.0000
v 51.4111 -2.1191 23.0000
v 50.9566 -3.0111 23.0000
v 50.8000 -4.0000 23.0000
v 50.9566 -4.9889 23.0000
v 51.4111 -5.8809 23.0000
v 52.1191 -6.5889 23.0000
v 53.0111 -7.0434 23.0000
v 54.0000 -7.2000 23.0000
v 54.9889 -7.0434 23.0000
v 55.8809 -6.5889 23.0000
v 56.5889 -5.8809 23.0000
v 57.0434 -4.9889 23.0000
v 55.0000 -4.0000 26.5000
v 54.9511 -3.6910 26.5000
v 54.8090 -3.4122 26.5000
v 54.5878 -3.1910 26.5000
v 54.3090 -3.0489 26.5000
v 54.0000 -3.0000 26.5000
v 53.6910 -3.0489 26.5000
v 53.4122 -3.1910 26.5000
v 53.1910 -3.4122 26.5000
v 53.0489 -3.6910 26.5000
v 53.0000 -4.0000 26.5000
v 53.0489 -4.3090 26.5000
v 53.1910 -4.5878 26.5000
v 53.4122 -4.8090 26.5000
v 53.6910 -4.9511 26.5000
v 54.0000 -5.0000 26.5000
v 54.3090 -4.9511 26.5000
v 54.5878 -4.8090 26.5000
v 54.8090 -4.5878 26.5000
v 54.9511 -4.3090 26.5000
v 57.2000 -4.0000 23.0000
v 57.0434 -3.0111 23.0000
v 56.5889 -2.1191 23.0000
v 55.8809 -1.4111 23.0000
v 54.9889 -0.9566 23.0000
v 54.0000 -0.8000 23.0000
v 53.0111 -0.9566 23.0000
v 52.1191 -1.4111 23.0000
v 51.4111 -2.1191 23.0000
v 50.9566 -3.0111 23.0000
v 50.8000 -4.0000 23.0000
v 50.9566 -4.9889 23.0000
v 51.4111 -5.8809 23.0000
v 52.1191 -6.5889 23.0000
v 53.0111 -7.0434 23.0000
v 54.0000 -7.2000 23.0000
v 54.9889 -7.0434 23.0000
v 55.8809 -6.5889 23.0000
v 56.5889 -5.8809 23.0000
v 57.0434 -4.9889 23.0000
v 54.0000 -4.0000 23.0000
v 55.0000 -4.0000 26.5000
v 54.9511 -3.6910 26.5000
v 54.8090 -3.4122 26.5000
v 54.5878 -3.1910 26.5000
v 54.3090 -3.0489 26.5000
v 54.0000 -3.0000 26.5000
v 53.6910 -3.0489 26.5000
v 53.4122 -3.1910 26.5000
v 53.1910 -3.4122 26.5000
v 53.0489 -3.6910 26.5000
v 53.0000 -4.0000 26.5000
v 53.0489 -4.3090 26.5000
v 53.1910 -4.5878 26.5000
v 53.4122 -4.8090 26.5000
v 53.6910 -4.9511 26.5000
v 54.0000 -5.0000 26.5000
v 54.3090 -4.9511 26.5000
v 54.5878 -4.8090 26.5000
v 54.8090 -4.5878 26.5000
v 54.9511 -4.3090 26.5000
v 54.0000 -4.0000 26.5000
v 49.2000 -4.0000 1.0000
v 49.0434 -3.0111 1.0000
v 48.5889 -2.1191 1.0000
v 47.8809 -1.4111 1.0000
v 46.9889 -0.9566 1.0000
v 46.0000 -0.8000 1.0000
v 45.0111 -0.9566 1.0000
v 44.1191 -1.4111 1.0000
v 43.4111 -2.1191 1.0000
v 42.9566 -3.0111 1.0000
v 42.8000 -4.0000 1.0000
v 42.9566 -4.9889 1.0000
v 43.4111 -5.8809 1.0000
v 44.1191 -6.5889 1.0000
v 45.0111 -7.0434 1.0000
v 46.0000 -7.2000 1.0000
v 46.9889 -7.0434 1.0000
v 47.8809 -6.5889 1.0000
v 48.5889 -5.8809 1.0000
v 49.0434 -4.9889 1.0000
v 49.2000 -4.0000 27.0000
v 49.0434 -3.0111 27.0000
v 48.5889 -2.1191 27.0000
v 47.8809 -1.4111 27.0000
v 46.9889 -0.9566 27.0000
v 46.0000 -0.8000 27.0000
v 45.0111 -0.9566 27.0000
v 44.1191 -1.4111 27.0000
v 43.4111 -2.1191 27.0000
v 42.9566 -3.0111 27.0000
v 42.8000 -4.0000 27.0000
v 42.9566 -4.9889 27.0000
v 43.4111 -5.8809 27.0000
v 44.1191 -6.5889 27.0000
v 45.0111 -7.0434 27.0000
v 46.0000 -7.2000 27.0000
v 46.9889 -7.0434 27.0000
v 47.8809 -6.5889 27.0000
v 48.5889 -5.8809 27.0000
v 49.0434 -4.9889 27.0000
v 49.2000 -4.0000 1.0000
v 49.0434 -3.0111 1.0000
v 48.5889 -2.1191 1.0000
v 47.8809 -1.4111 1.0000
v 46.9889 -0.9566 1.0000
v 46.0000 -0.8000 1.0000
v 45.0111 -0.9566 1.0000
v 44.1191 -1.4111 1.0000
v 43.4111 -2.1191 1.0000
v 42.9566 -3.0111 1.0000
v 42.8000 -4.0000 1.0000
v 42.9566 -4.9889 1.0000
v 43.4111 -5.8809 1.0000
v 44.1191 -6.5889 1.0000
v 45.0111 -7.0434 1.0000
v 46.0000 -7.2000 1.0000
v 46.9889 -7.0434 1.0000
v 47.8809 -6.5889 1.0000
v 48.5889 -5.8809 1.0000
v 49.0434 -4.9889 1.0000
v 46.0000 -4.0000 1.0000
v 49.2000 -4.0000 27.0000
v 49.0434 -3.0111 27.0000
v 48.5889 -2.1191 27.0000
v 47.8809 -1.4111 27.0000
v 46.9889 -0.9566 27.0000
v 46.0000 -0.8000 27.0000
v 45.0111 -0.9566 27.0000
v 44.1191 -1.4111 27.0000
v 43.4111 -2.1191 27.0000
v 42.9566 -3.0111 27.0000
v 42.8000 -4.0000 27.0000
v 42.9566 -4.9889 27.0000
v 43.4111 -5.8809 27.0000
v 44.1191 -6.5889 27.0000
v 45.0111 -7.0434 27.0000
v 46.0000 -7.2000 27.0000
v 46.9889 -7.0434 27.0000
v 47.8809 -6.5889 27.0000
v 48.5889 -5.8809 27.0000
v 49.0434 -4.9889 27.0000
v 46.0000 -4.0000 27.0000
v 49.2000 -4.0000 27.0000
v 49.0434 -3.0111 27.0000
v 48.5889 -2.1191 27.0000
v 47.8809 -1.4111 27.0000
v 46.9889 -0.9566 27.0000
v 46.0000 -0.8000 27.0000
v 45.0111 -0.9566 27.0000
v 44.1191 -1.4111 27.0000
v 43.4111 -2.1191 27.0000
v 42.9566 -3.0111 27.0000
v 42.8000 -4.0000 27.0000
v 42.9566 -4.9889 27.0000
v 43.4111 -5.8809 27.0000
v 44.1191 -6.5889 27.0000
v 45.0111 -7.0434 27.0000
v 46.0000 -7.2000 27.0000
v 46.9889 -7.0434 27.0000
v 47.8809 -6.5889 27.0000
v 48.5889 -5.8809 27.0000
v 49.0434 -4.9889 27.0000
v 47.0000 -4.0000 30.5000
v 46.9511 -3.6910 30.5000
v 46.8090 -3.4122 30.5000
v 46.5878 -3.1910 30.5000
v 46.3090 -3.0489 30.5000
v 46.0000 -3.0000 30.5000
v 45.6910 -3.0489 30.5000
v 45.4122 -3.1910 30.5000
v 45.1910 -3.4122 30.5000
v 45.0489 -3.6910 30.5000
v 45.0000 -4.0000 30.5000
v 45.0489 -4.3090 30.5000
v 45.1910 -4.5878 30.5000
v 45.4122 -4.8090 30.5000
v 45.6910 -4.9511 30.5000
v 46.0000 -5.0000 30.5000
v 46.3090 -4.9511 30.5000
v 46.5878 -4.8090 30.5000
v 46.8090 -4.5878 30.5000
v 46.9511 -4.3090 30.5000
v 49.2000 -4.0000 27.0000
v 49.0434 -3.0111 27.0000
v 48.5889 -2.1191 27.0000
v 47.8809 -1.4111 27.0000
v 46.9889 -0.9566 27.0000
v 46.0000 -0.8000 27.0000
v 45.0111 -0.9566 27.0000
v 44.1191 -1.4111 27.0000
v 43.4111 -2.1191 27.0000
v 42.9566 -3.0111 27.0000
v 42.8000 -4.0000 27.0000
v 42.9566 -4.9889 27.0000
v 43.4111 -5.8809 27.0000
v 44.1191 -6.5889 27.0000
v 45.0111 -7.0434 27.0000
v 46.0000 -7.2000 27.0000
v 46.9889 -7.0434 27.0000
v 47.8809 -6.5889 27.0000
v 48.5889 -5.8809 27.0000
v 49.0434 -4.9889 27.0000
v 46.0000 -4.0000 27.0000
v 47.0000 -4.0000 30.5000
v 46.9511 -3.6910 30.5000
v 46.8090 -3.4122 30.5000
v 46.5878 -3.1910 30.5000
v 46.3090 -3.0489 30.5000
v 46.0000 -3.0000 30.5000
v 45.6910 -3.0489 30.5000
v 45.4122 -3.1910 30.5000
v 45.1910 -3.4122 30.5000
v 45.0489 -3.6910 30.5000
v 45.0000 -4.0000 30.5000
v 45.0489 -4.3090 30.5000
v 45.1910 -4.5878 30.5000
v 45.4122 -4.8090 30.5000
v 45.6910 -4.9511 30.5000
v 46.0000 -5.0000 30.5000
v 46.3090 -4.9511 30.5000
v 46.5878 -4.8090 30.5000
v 46.8090 -4.5878 30.5000
v 46.9511 -4.3090 30.5000
v 46.0000 -4.0000 30.5000
v 41.2000 -4.0000 1.0000
v 41.0434 -3.0111 1.0000
v 40.5889 -2.1191 1.0000
v 39.8809 -1.4111 1.0000
v 38.9889 -0.9566 1.0000
v 38.0000 -0.8000 1.0000
v 37.0111 -0.9566 1.0000
v 36.1191 -1.4111 1.0000
v 35.4111 -2.1191 1.0000
v 34.9566 -3.0111 1.0000
v 34.8000 -4.0000 1.0000
v 34.9566 -4.9889 1.0000
v 35.4111 -5.8809 1.0000
v 36.1191 -6.5889 1.0000
v 37.0111 -7.0434 1.0000
v 38.0000 -7.2000 1.0000
v 38.9889 -7.0434 1.0000
v 39.8809 -6.5889 1.0000
v 40.5889 -5.8809 1.0000
v 41.0434 -4.9889 1.0000
v 41.2000 -4.0000 31.0000
v 41.0434 -3.0111 31.0000
v 40.5889 -2.1191 31.0000
v 39.8809 -1.4111 31.0000
v 38.9889 -0.9566 31.0000
v 38.0000 -0.8000 31.0000
v 37.0111 -0.9566 31.0000
v 36.1191 -1.4111 31.0000
v 35.4111 -2.1191 31.0000
v 34.9566 -3.0111 31.0000
v 34.8000 -4.0000 31.0000
v 34.9566 -4.9889 31.0000
v 35.4111 -5.8809 31.0000
v 36.1191 -6.5889 31.0000
v 37.0111 -7.0434 31.0000
v 38.0000 -7.2000 31.0000
v 38.9889 -7.0434 31.0000
v 39.8809 -6.5889 31.0000
v 40.5889 -5.8809 31.0000
v 41.0434 -4.9889 31.0000
v 41.2000 -4.0000 1.0000
v 41.0434 -3.0111 1.0000
v 40.5889 -2.1191 1.0000
v 39.8809 -1.4111 1.0000
v 38.9889 -0.9566 1.0000
v 38.0000 -0.8000 1.0000
v 37.0111 -0.9566 1.0000
v 36.1191 -1.4111 1.0000
v 35.4111 -2.1191 1.0000
v 34.9566 -3.0111 1.0000
v 34.8000 -4.0000 1.0000
v 34.9566 -4.9889 1.0000
v 35.4111 -5.8809 1.0000
v 36.1191 -6.5889 1.0000
v 37.0111 -7.0434 1.0000
v 38.0000 -7.2000 1.0000
v 38.9889 -7.0434 1.0000
v 39.8809 -6.5889 1.0000
v 40.5889 -5.8809 1.0000
v 41.0434 -4.9889 1.0000
v 38.0000 -4.0000 1.0000
v 41.2000 -4.0000 31.0000
v 41.0434 -3.0111 31.0000
v 40.5889 -2.1191 31.0000
v 39.8809 -1.4111 31.0000
v 38.9889 -0.9566 31.0000
v 38.0000 -0.8000 31.0000
v 37.0111 -0.9566 31.0000
v 36.1191 -1.4111 31.0000
v 35.4111 -2.1191 31.0000
v 34.9566 -3.0111 31.0000
v 34.8000 -4.0000 31.0000
v 34.9566 -4.9889 31.0000
v 35.4111 -5.8809 31.0000
v 36.1191 -6.5889 31.0000
v 37.0111 -7.0434 31.0000
v 38.0000 -7.2000 31.0000
v 38.9889 -7.0434 31.0000
v 39.8809 -6.5889 31.0000
v 40.5889 -5.8809 31.0000
v 41.0434 -4.9889 31.0000
v 38.0000 -4.0000 31.0000
v 41.2000 -4.0000 31.0000
v 41.0434 -3.0111 31.0000
v 40.5889 -2.1191 31.0000
v 39.8809 -1.4111 31.0000
v 38.9889 -0.9566 31.0000
v 38.0000 -0.8000 31.0000
v 37.0111 -0.9566 31.0000
v 36.1191 -1.4111 31.0000
v 35.4111 -2.1191 31.0000
v 34.9566 -3.0111 31.0000
v 34.8000 -4.0000 31.0000
v 34.9566 -4.9889 31.0000
v 35.4111 -5.8809 31.0000
v 36.1191 -6.5889 31.0000
v 37.0111 -7.0434 31.0000
v 38.0000 -7.2000 31.0000
v 38.9889 -7.0434 31.0000
v 39.8809 -6.5889 31.0000
v 40.5889 -5.8809 31.0000
v 41.0434 -4.9889 31.0000
v 39.0000 -4.0000 34.5000
v 38.9511 -3.6910 34.5000
v 38.8090 -3.4122 34.5000
v 38.5878 -3.1910 34.5000
v 38.3090 -3.0489 34.5000
v 38.0000 -3.0000 34.5000
v 37.6910 -3.0489 34.5000
v 37.4122 -3.1910 34.5000
v 37.1910 -3.4122 34.5000
v 37.0489 -3.6910 34.5000
v 37.0000 -4.0000 34.5000
v 37.0489 -4.3090 34.5000
v 37.1910 -4.5878 34.5000
v 37.4122 -4.8090 34.5000
v 37.6910 -4.9511 34.5000
v 38.0000 -5.0000 34.5000
v 38.3090 -4.9511 34.5000
v 38.5878 -4.8090 34.5000
v 38.8090 -4.5878 34.5000
v 38.9511 -4.3090 34.5000
v 41.2000 -4.0000 31.0000
v 41.0434 -3.0111 31.0000
v 40.5889 -2.1191 31.0000
v 39.8809 -1.4111 31.0000
v 38.9889 -0.9566 31.0000
v 38.0000 -0.8000 31.0000
v 37.0111 -0.9566 31.0000
v 36.1191 -1.4111 31.0000
v 35.4111 -2.1191 31.0000
v 34.9566 -3.0111 31.0000
v 34.8000 -4.0000 31.0000
v 34.9566 -4.9889 31.0000
v 35.4111 -5.8809 31.0000
v 36.1191 -6.5889 31.0000
v 37.0111 -7.0434 31.0000
v 38.0000 -7.2000 31.0000
v 38.9889 -7.0434 31.0000
v 39.8809 -6.5889 31.0000
v 40.5889 -5.8809 31.0000
v 41.0434 -4.9889 31.0000
v 38.0000 -4.0000 31.0000
v 39.0000 -4.0000 34.5000
v 38.9511 -3.6910 34.5000
v 38.8090 -3.4122 34.5000
v 38.5878 -3.1910 34.5000
v 38.3090 -3.0489 34.5000
v 38.0000 -3.0000 34.5000
v 37.6910 -3.0489 34.5000
v 37.4122 -3.1910 34.5000
v 37.1910 -3.4122 34.5000
v 37.0489 -3.6910 34.5000
v 37.0000 -4.0000 34.5000
v 37.0489 -4.3090 34.5000
v 37.1910 -4.5878 34.5000
v 37.4122 -4.8090 34.5000
v 37.6910 -4.9511 34.5000
v 38.0000 -5.0000 34.5000
v 38.3090 -4.9511 34.5000
v 38.5878 -4.8090 34.5000
v 38.8090 -4.5878 34.5000
v 38.9511 -4.3090 34.5000
v 38.0000 -4.0000 34.5000
vn 0.9986 0.0527 0.0000
vn 0.9334 0.3587 0.0000
vn 0.7769 0.6296 0.0000
vn 0.5443 0.8389 0.0000
vn 0.2584 0.9660 0.0000
vn -0.0527 0.9986 0.0000
vn -0.3587 0.9334 0.0000
vn -0.6296 0.7769 0.0000
vn -0.8389 0.5443 0.0000
vn -0.9660 0.2584 0.0000
vn -0.9986 -0.0527 0.0000
vn -0.9334 -0.3587 0.0000
vn -0.7769 -0.6296 0.0000
vn -0.5443 -0.8389 0.0000
vn -0.2584 -0.9660 0.0000
vn 0.0527 -0.9986 0.0000
vn 0.3587 -0.9334 0.0000
vn 0.6296 -0.7769 0.0000
vn 0.8389 -0.5443 0.0000
vn 0.9660 -0.2584 0.0000
vn 0.9986 -0.0527 0.0000
vn 0.9660 0.2584 0.0000
vn 0.8389 0.5443 0.0000
vn 0.6296 0.7769 0.0000
vn 0.3587 0.9334 0.0000
vn 0.0527 0.9986 0.0000
vn -0.2584 0.9660 0.0000
vn -0.5443 0.8389 0.0000
vn -0.7769 0.6296 0.0000
vn -0.9334 0.3587 0.0000
vn -0.9986 0.0527 0.0000
vn -0.9660 -0.2584 0.0000
vn -0.8389 -0.5443 0.0000
vn -0.6296 -0.7769 0.0000
vn -0.3587 -0.9334 0.0000
vn -0.0527 -0.9986 0.0000
vn 0.2584 -0.9660 0.0000
vn 0.5443 -0.8389 0.0000
vn 0.7769 -0.6296 0.0000
vn 0.9334 -0.3587 0.0000
vn 0.0000 0.0000 -1.0000
vn 0.0000 0.0000 -1.0000
vn 0.0000 0.0000 -1.0000
vn 0.0000 0.0000 -1.0000
vn 0.0000 0.0000 -1.0000
vn 0.0000 0.0000 -1.0000
vn 0.0000 0.0000 -1.0000
vn 0.0000 0.0000 -1.0000
vn 0.0000 0.0000 -1.0000
vn 0.0000 0.0000 -1.0000
vn 0.0000 0.0000 -1.0000
vn 0.0000 0.0000 -1.0000
vn 0.0000 0.0000 -1.0000
vn 0.0000 0.0000 -1.0000
vn 0.0000 0.0000 -1.0000
vn 0.0000 0.0000 -1.0000
vn 0.0000 0.0000 -1.0000
vn 0.0000 0.0000 -1.0000
vn 0.0000 0.0000 -1.0000
vn 0.0000 0.0000 -1.0000
vn 0.0000 0.0000 -1.0000
vn 0.0000 0.0000 1.0000
vn 0.0000 0.0000 1.0000
vn 0.0000 0.0000 1.0000
vn 0.0000 0.0000 1.0000
vn 0.0000 0.0000 1.0000
vn 0.0000 0.0000 1.0000
vn 0.0000 0.0000 1.0000
vn 0.0000 0.0000 1.0000
vn 0.0000 0.0000 1.0000
vn 0.0000 0.0000 1.0000
vn 0.0000 0.0000 1.0000
vn 0.0000 0.0000 1.0000
vn 0.0000 0.0000 1.0000
vn 0.0000 0.0000 1.0000
vn 0.0000 0.0000 1.0000
vn 0.0000 0.0000 1.0000
vn 0.0000 0.0000 1.0000
vn 0.0000 0.0000 1.0000
vn 0.0000 0.0000 1.0000
vn 0.0000 0.0000 1.0000
vn 0.0000 0.0000 1.0000
vn 0.8465 0.0181 0.5321
vn 0.7995 0.2788 0.5321
vn 0.6742 0.5122 0.5321
vn 0.4829 0.6955 0.5321
vn 0.2444 0.8107 0.5321
vn -0.0181 0.8465 0.5321
vn -0.2788 0.7995 0.5321
vn -0.5122 0.6742 0.5321
vn -0.6955 0.4829 0.5321
vn -0.8107 0.2444 0.5321
vn -0.8465 -0.0181 0.5321
vn -0.7995 -0.2788 0.5321
vn -0.6742 -0.5122 0.5321
vn -0.4829 -0.6955 0.5321
vn -0.2444 -0.8107 0.5321
vn 0.0181 -0.8465 0.5321
vn 0.2788 -0.7995 0.5321
vn 0.5122 -0.6742 0.5321
vn 0.6955 -0.4829 0.5321
vn 0.8107 -0.2444 0.5321
vn 0.8438 -0.0822 0.5304
vn 0.8279 0.1825 0.5304
vn 0.7310 0.4294 0.5304
vn 0.5625 0.6343 0.5304
vn 0.3390 0.7771 0.5304
vn 0.0822 0.8438 0.5304
vn -0.1825 0.8279 0.5304
vn -0.4294 0.7310 0.5304
vn -0.6343 0.5625 0.5304
vn -0.7771 0.3390 0.5304
vn -0.8438 0.0822 0.5304
vn -0.8279 -0.1825 0.5304
vn -0.7310 -0.4294 0.5304
vn -0.5625 -0.6343 0.5304
vn -0.3390 -0.7771 0.5304
vn -0.0822 -0.8438 0.5304
vn 0.1825 -0.8279 0.5304
vn 0.4294 -0.7310 0.5304
vn 0.6343 -0.5625 0.5304
vn 0.7771 -0.3390 0.5304
vn 0.0000 0.0000 -1.0000
vn 0.0000 0.0000 -1.0000
vn 0.0000 0.0000 -1.0000
vn 0.0000 0.0000 -1.0000
vn 0.0000 0.0000 -1.0000
vn 0.0000 0.0000 -1.0000
vn 0.0000 0.0000 -1.0000
vn 0.0000 0.0000 -1.0000
vn 0.0000 0.0000 -1.0000
vn 0.0000 0.0000 -1.0000
vn 0.0000 0.0000 -1.0000
vn 0.0000 0.0000 -1.0000
vn 0.0000 0.0000 -1.0000
vn 0.0000 0.0000 -1.0000
vn 0.0000 0.0000 -1.0000
vn 0.0000 0.0000 -1.0000
vn 0.0000 0.0000 -1.0000
vn 0.0000 0.0000 -1.0000
vn 0.0000 0.0000 -1.0000
vn 0.0000 0.0000 -1.0000
vn 0.0000 0.0000 -1.0000
vn 0.0000 0.0000 1.0000
vn 0.0000 0.0000 1.0000
vn 0.0000 0.0000 1.0000
vn 0.0000 0.0000 1.0000
vn 0.0000 0.0000 1.0000
vn 0.0000 0.0000 1.0000
vn 0.0000 0.0000 1.0000
vn 0.0000 0.0000 1.0000
vn 0.0000 0.0000 1.0000
vn 0.0000 0.0000 1.0000
vn 0.0000 0.0000 1.0000
vn 0.0000 0.0000 1.0000
vn 0.0000 0.0000 1.0000
vn 0.0000 0.0000 1.0000
vn 0.0000 0.0000 1.0000
vn 0.0000 0.0000 1.0000
vn 0.0000 0.0000 1.0000
vn 0.0000 0.0000 1.0000
vn 0.0000 0.0000 1.0000
vn 0.0000 0.0000 1.0000
vn 0.0000 0.0000 1.0000
vn 0.9986 0.0527 0.0000
vn 0.9334 0.3587 0.0000
vn 0.7769 0.6296 0.0000
vn 0.5443 0.8389 0.0000
vn 0.2584 0.9660 0.0000
vn -0.0527 0.9986 0.0000
vn -0.3587 0.9334 0.0000
vn -0.6296 0.7769 0.0000
vn -0.8389 0.5443 0.0000
vn -0.9660 0.2584 0.0000
vn -0.9986 -0.0527 0.0000
vn -0.9334 -0.3587 0.0000
vn -0.7769 -0.6296 0.0000
vn -0.5443 -0.8389 0.0000
vn -0.2584 -0.9660 0.0000
vn 0.0527 -0.9986 0.0000
vn 0.3587 -0.9334 0.0000
vn 0.6296 -0.7769 0.0000
vn 0.8389 -0.5443 0.0000
vn 0.9660 -0.2584 0.0000
vn 0.9986 -0.0527 0.0000
vn 0.9660 0.2584 0.0000
vn 0.8389 0.5443 0.0000
vn 0.6296 0.7769 0.0000
vn 0.3587 0.9334 0.0000
vn 0.0527 0.9986 0.0000
vn -0.2584 0.9660 0.0000
vn -0.5443 0.8389 0.0000
vn -0.7769 0.6296 0.0000
vn -0.9334 0.3587 0.0000
vn -0.9986 0.0527 0.0000
vn -0.9660 -0.2584 0.0000
vn -0.8389 -0.5443 0.0000
vn -0.6296 -0.7769 0.0000
vn -0.3587 -0.9334 0.0000
vn -0.0527 -0.9986 0.0000
vn 0.2584 -0.9660 0.0000
vn 0.5443 -0.8389 0.0000
vn 0.7769 -0.6296 0.0000
vn 0.9334 -0.3587 0.0000
vn 0.0000 0.0000 -1.0000
vn 0.0000 0.0000 -1.0000
vn 0.0000 0.0000 -1.0000
vn 0.0000 0.0000 -1.0000
vn 0.0000 0.0000 -1.0000
vn 0.0000 0.0000 -1.0000
vn 0.0000 0.0000 -1.0000
vn 0.0000 0.0000 -1.0000
vn 0.0000 0.0000 -1.0000
vn 0.0000 0.0000 -1.0000
vn 0.0000 0.0000 -1.0000
vn 0.0000 0.0000 -1.0000
vn 0.0000 0.0000 -1.0000
vn 0.0000 0.0000 -1.0000
vn 0.0000 0.0000 -1.0000
vn 0.0000 0.0000 -1.0000
vn 0.0000 0.0000 -1.0000
vn 0.0000 0.0000 -1.0000
vn 0.0000 0.0000 -1.0000
vn 0.0000 0.0000 -1.0000
vn 0.0000 0.0000 -1.0000
vn 0.0000 0.0000 1.0000
vn 0.0000 0.0000 1.0000
vn 0.0000 0.0000 1.0000
vn 0.0000 0.0000 1.0000
vn 0.0000 0.0000 1.0000
vn 0.0000 0.0000 1.0000
vn 0.0000 0.0000 1.0000
vn 0.0000 0.0000 1.0000
vn 0.0000 0.0000 1.0000
vn 0.0000 0.0000 1.0000
vn 0.0000 0.0000 1.0000
vn 0.0000 0.0000 1.0000
vn 0.0000 0.0000 1.0000
vn 0.0000 0.0000 1.0000
vn 0.0000 0.0000 1.0000
vn 0.0000 0.0000 1.0000
vn 0.0000 0.0000 1.0000
vn 0.0000 0.0000 1.0000
vn 0.0000 0.0000 1.0000
vn 0.0000 0.0000 1.0000
vn 0.0000 0.0000 1.0000
vn 0.8465 0.0181 0.5321
vn 0.7995 0.2788 0.5321
vn 0.6742 0.5122 0.5321
vn 0.4829 0.6955 0.5321
vn 0.2444 0.8107 0.5321
vn -0.0181 0.8465 0.5321
vn -0.2788 0.7995 0.5321
vn -0.5122 0.6742 0.5321
vn -0.6955 0.4829 0.5321
vn -0.8107 0.2444 0.5321
vn -0.8465 -0.0181 0.5321
vn -0.7995 -0.2788 0.5321
vn -0.6742 -0.5122 0.5321
vn -0.4829 -0.6955 0.5321
vn -0.2444 -0.8107 0.5321
vn 0.0181 -0.8465 0.5321
vn 0.2788 -0.7995 0.5321
vn 0.5122 -0.6742 0.5321
vn 0.6955 -0.4829 0.5321
vn 0.8107 -0.2444 0.5321
vn 0.8438 -0.0822 0.5304
vn 0.8279 0.1825 0.5304
vn 0.7310 0.4294 0.5304
vn 0.5625 0.6343 0.5304
vn 0.3390 0.7771 0.5304
vn 0.0822 0.8438 0.5304
vn -0.1825 0.8279 0.5304
vn -0.4294 0.7310 0.5304
vn -0.6343 0.5625 0.5304
vn -0.7771 0.3390 0.5304
vn -0.8438 0.0822 0.5304
vn -0.8279 -0.1825 0.5304
vn -0.7310 -0.4294 0.5304
vn -0.5625 -0.6343 0.5304
vn -0.3390 -0.7771 0.5304
vn -0.0822 -0.8438 0.5304
vn 0.1825 -0.8279 0.5304
vn 0.4294 -0.7310 0.5304
vn 0.6343 -0.5625 0.5304
vn 0.7771 -0.3390 0.5304
vn 0.0000 0.0000 -1.0000
vn 0.0000 0.0000 -1.0000
vn 0.0000 0.0000 -1.0000
vn 0.0000 0.0000 -1.0000
vn 0.0000 0.0000 -1.0000
vn 0.0000 0.0000 -1.0000
vn 0.0000 0.0000 -1.0000
vn 0.0000 0.0000 -1.0000
vn 0.0000 0.0000 -1.0000
vn 0.0000 0.0000 -1.0000
vn 0.0000 0.0000 -1.0000
vn 0.0000 0.0000 -1.0000
vn 0.0000 0.0000 -1.0000
vn 0.0000 0.0000 -1.0000
vn 0.0000 0.0000 -1.0000
vn 0.0000 0.0000 -1.0000
vn 0.0000 0.0000 -1.0000
vn 0.0000 0.0000 -1.0000
vn 0.0000 0.0000 -1.0000
vn 0.0000 0.0000 -1.0000
vn 0.0000 0.0000 -1.0000
vn 0.0000 0.0000 1.0000
vn 0.0000 0.0000 1.0000
vn 0.0000 0.0000 1.0000
vn 0.0000 0.0000 1.0000
vn 0.0000 0.0000 1.0000
vn 0.0000 0.0000 1.0000
vn 0.0000 0.0000 1.0000
vn 0.0000 0.0000 1.0000
vn 0.0000 0.0000 1.0000
vn 0.0000 0.0000 1.0000
vn 0.0000 0.0000 1.0000
vn 0.0000 0.0000 1.0000
vn 0.0000 0.0000 1.0000
vn 0.0000 0.0000 1.0000
vn 0.0000 0.0000 1.0000
vn 0.0000 0.0000 1.0000
vn 0.0000 0.0000 1.0000
vn 0.0000 0.0000 1.0000
vn 0.0000 0.0000 1.0000
vn 0.0000 0.0000 1.0000
vn 0.0000 0.0000 1.0000
vn 0.9986 0.0527 0.0000
vn 0.9334 0.3587 0.0000
vn 0.7769 0.6296 0.0000
vn 0.5443 0.8389 0.0000
vn 0.2584 0.9660 0.0000
vn -0.0527 0.9986 0.0000
vn -0.3587 0.9334 0.0000
vn -0.6296 0.7769 0.0000
vn -0.8389 0.5443 0.0000
vn -0.9660 0.2584 0.0000
vn -0.9986 -0.0527 0.0000
vn -0.9334 -0.3587 0.0000
vn -0.7769 -0.6296 0.0000
vn -0.5443 -0.8389 0.0000
vn -0.2584 -0.9660 0.0000
vn 0.0527 -0.9986 0.0000
vn 0.3587 -0.9334 0.0000
vn 0.6296 -0.7769 0.0000
vn 0.8389 -0.5443 0.0000
vn 0.9660 -0.2584 0.0000
vn 0.9986 -0.0527 0.0000
vn 0.9660 0.2584 0.0000
vn 0.8389 0.5443 0.0000
vn 0.6296 0.7769 0.0000
vn 0.3587 0.9334 0.0000
vn 0.0527 0.9986 0.0000
vn -0.2584 0.9660 0.0000
vn -0.5443 0.8389 0.0000
vn -0.7769 0.6296 0.0000
vn -0.9334 0.3587 0.0000
vn -0.9986 0.0527 0.0000
vn -0.9660 -0.2584 0.0000
vn -0.8389 -0.5443 0.0000
vn -0.6296 -0.7769 0.0000
vn -0.3587 -0.9334 0.0000
vn -0.0527 -0.9986 0.0000
vn 0.2584 -0.9660 0.0000
vn 0.5443 -0.8389 0.0000
vn 0.7769 -0.6296 0.0000
vn 0.9334 -0.3587 0.0000
vn 0.0000 0.0000 -1.0000
vn 0.0000 0.0000 -1.0000
vn 0.0000 0.0000 -1.0000
vn 0.0000 0.0000 -1.0000
vn 0.0000 0.0000 -1.0000
vn 0.0000 0.0000 -1.0000
vn 0.0000 0.0000 -1.0000
vn 0.0000 0.0000 -1.0000
vn 0.0000 0.0000 -1.0000
vn 0.0000 0.0000 -1.0000
vn 0.0000 0.0000 -1.0000
vn 0.0000 0.0000 -1.0000
vn 0.0000 0.0000 -1.0000
vn 0.0000 0.0000 -1.0000
vn 0.0000 0.0000 -1.0000
vn 0.0000 0.0000 -1.0000
vn 0.0000 0.0000 -1.0000
vn 0.0000 0.0000 -1.0000
vn 0.0000 0.0000 -1.0000
vn 0.0000 0.0000 -1.0000
vn 0.0000 0.0000 -1.0000
vn 0.0000 0.0000 1.0000
vn 0.0000 0.0000 1.0000
vn 0.0000 0.0000 1.0000
vn 0.0000 0.0000 1.0000
vn 0.0000 0.0000 1.0000
vn 0.0000 0.0000 1.0000
vn 0.0000 0.0000 1.0000
vn 0.0000 0.0000 1.0000
vn 0.0000 0.0000 1.0000
vn 0.0000 0.0000 1.0000
vn 0.0000 0.0000 1.0000
vn 0.0000 0.0000 1.0000
vn 0.0000 0.0000 1.0000
vn 0.0000 0.0000 1.0000
vn 0.0000 0.0000 1.0000
vn 0.0000 0.0000 1.0000
vn 0.0000 0.0000 1.0000
vn 0.0000 0.0000 1.0000
vn 0.0000 0.0000 1.0000
vn 0.0000 0.0000 1.0000
vn 0.0000 0.0000 1.0000
vn 0.8465 0.0181 0.5321
vn 0.7995 0.2788 0.5321
vn 0.6742 0.5122 0.5321
vn 0.4829 0.6955 0.5321
vn 0.2444 0.8107 0.5321
vn -0.0181 0.8465 0.5321
vn -0.2788 0.7995 0.5321
vn -0.5122 0.6742 0.5321
vn -0.6955 0.4829 0.5321
vn -0.8107 0.2444 0.5321
vn -0.8465 -0.0181 0.5321
vn -0.7995 -0.2788 0.5321
vn -0.6742 -0.5122 0.5321
vn -0.4829 -0.6955 0.5321
vn -0.2444 -0.8107 0.5321
vn 0.0181 -0.8465 0.5321
vn 0.2788 -0.7995 0.5321
vn 0.5122 -0.6742 0.5321
vn 0.6955 -0.4829 0.5321
vn 0.8107 -0.2444 0.5321
vn 0.8438 -0.0822 0.5304
vn 0.8279 0.1825 0.5304
vn 0.7310 0.4294 0.5304
vn 0.5625 0.6343 0.5304
vn 0.3390 0.7771 0.5304
vn 0.0822 0.8438 0.5304
vn -0.1825 0.8279 0.5304
vn -0.4294 0.7310 0.5304
vn -0.6343 0.5625 0.5304
vn -0.7771 0.3390 0.5304
vn -0.8438 0.0822 0.5304
vn -0.8279 -0.1825 0.5304
vn -0.7310 -0.4294 0.5304
vn -0.5625 -0.6343 0.5304
vn -0.3390 -0.7771 0.5304
vn -0.0822 -0.8438 0.5304
vn 0.1825 -0.8279 0.5304
vn 0.4294 -0.7310 0.5304
vn 0.6343 -0.5625 0.5304
vn 0.7771 -0.3390 0.5304
vn 0.0000 0.0000 -1.0000
vn 0.0000 0.0000 -1.0000
vn 0.0000 0.0000 -1.0000
vn 0.0000 0.0000 -1.0000
vn 0.0000 0.0000 -1.0000
vn 0.0000 0.0000 -1.0000
vn 0.0000 0.0000 -1.0000
vn 0.0000 0.0000 -1.0000
vn 0.0000 0.0000 -1.0000
vn 0.0000 0.0000 -1.0000
vn 0.0000 0.0000 -1.0000
vn 0.0000 0.0000 -1.0000
vn 0.0000 0.0000 -1.0000
vn 0.0000 0.0000 -1.0000
vn 0.0000 0.0000 -1.0000
vn 0.0000 0.0000 -1.0000
vn 0.0000 0.0000 -1.0000
vn 0.0000 0.0000 -1.0000
vn 0.0000 0.0000 -1.0000
vn 0.0000 0.0000 -1.0000
vn 0.0000 0.0000 -1.0000
vn 0.0000 0.0000 1.0000
vn 0.0000 0.0000 1.0000
vn 0.0000 0.0000 1.0000
vn 0.0000 0.0000 1.0000
vn 0.0000 0.0000 1.0000
vn 0.0000 0.0000 1.0000
vn 0.0000 0.0000 1.0000
vn 0.0000 0.0000 1.0000
vn 0.0000 0.0000 1.0000
vn 0.0000 0.0000 1.0000
vn 0.0000 0.0000 1.0000
vn 0.0000 0.0000 1.0000
vn 0.0000 0.0000 1.0000
vn 0.0000 0.0000 1.0000
vn 0.0000 0.0000 1.0000
vn 0.0000 0.0000 1.0000
vn 0.0000 0.0000 1.0000
vn 0.0000 0.0000 1.0000
vn 0.0000 0.0000 1.0000
vn 0.0000 0.0000 1.0000
vn 0.0000 0.0000 1.0000
f 6421//6421 6422//6422 6442//6442
f 6421//6421 6442//6442 6441//6441
f 6422//6422 6423//6423 6443//6443
f 6422//6422 6443//6443 6442//6442
f 6423//6423 6424//6424 6444//6444
f 6423//6423 6444//6444 6443//6443
f 6424//6424 6425//6425 6445//6445
f 6424//6424 6445//6445 6444//6444
f 6425//6425 6426//6426 6446//6446
f 6425//6425 6446//6446 6445//6445
f 6426//6426 6427//6427 6447//6447
f 6426//6426 6447//6447 6446//6446
f 6427//6427 6428//6428 6448//6448
f 6427//6427 6448//6448 6447//6447
f 6428//6428 6429//6429 6449//6449
f 6428//6428 6449//6449 6448//6448
f 6429//6429 6430//6430 6450//6450
f 6429//6429 6450//6450 6449//6449
f 6430//6430 6431//6431 6451//6451
f 6430//6430 6451//6451 6450//6450
f 6431//6431 6432//6432 6452//6452
f 6431//6431 6452//6452 6451//6451
f 6432//6432 6433//6433 6453//6453
f 6432//6432 6453//6453 6452//6452
f 6433//6433 6434//6434 6454//6454
f 6433//6433 6454//6454 6453//6453
f 6434//6434 6435//6435 6455//6455
f 6434//6434 6455//6455 6454//6454
f 6435//6435 6436//6436 6456//6456
f 6435//6435 6456//6456 6455//6455
f 6436//6436 6437//6437 6457//6457
f 6436//6436 6457//6457 6456//6456
f 6437//6437 6438//6438 6458//6458
f 6437//6437 6458//6458 6457//6457
f 6438//6438 6439//6439 6459//6459
f 6438//6438 6459//6459 6458//6458
f 6439//6439 6440//6440 6460//6460
f 6439//6439 6460//6460 6459//6459
f 6440//6440 6421//6421 6441//6441
f 6440//6440 6441//6441 6460//6460
f 6462//6462 6461//6461 6481//6481
f 6463//6463 6462//6462 6481//6481
f 6464//6464 6463//6463 6481//6481
f 6465//6465 6464//6464 6481//6481
f 6466//6466 6465//6465 6481//6481
f 6467//6467 6466//6466 6481//6481
f 6468//6468 6467//6467 6481//6481
f 6469//6469 6468//6468 6481//6481
f 6470//6470 6469//6469 6481//6481
f 6471//6471 6470//6470 6481//6481
f 6472//6472 6471//6471 6481//6481
f 6473//6473 6472//6472 6481//6481
f 6474//6474 6473//6473 6481//6481
f 6475//6475 6474//6474 6481//6481
f 6476//6476 6475//6475 6481//6481
f 6477//6477 6476//6476 6481//6481
f 6478//6478 6477//6477 6481//6481
f 6479//6479 6478//6478 6481//6481
f 6480//6480 6479//6479 6481//6481
f 6461//6461 6480//6480 6481//6481
f 6482//6482 6483//6483 6502//6502
f 6483//6483 6484//6484 6502//6502
f 6484//6484 6485//6485 6502//6502
f 6485//6485 6486//6486 6502//6502
f 6486//6486 6487//6487 6502//6502
f 6487//6487 6488//6488 6502//6502
f 6488//6488 6489//6489 6502//6502
f 6489//6489 6490//6490 6502//6502
f 6490//6490 6491//6491 6502//6502
f 6491//6491 6492//6492 6502//6502
f 6492//6492 6493//6493 6502//6502
f 6493//6493 6494//6494 6502//6502
f 6494//6494 6495//6495 6502//6502
f 6495//6495 6496//6496 6502//6502
f 6496//6496 6497//6497 6502//6502
f 6497//6497 6498//6498 6502//6502
f 6498//6498 6499//6499 6502//6502
f 6499//6499 6500//6500 6502//6502
f 6500//6500 6501//6501 6502//6502
f 6501//6501 6482//6482 6502//6502
f 6503//6503 6504//6504 6524//6524
f 6503//6503 6524//6524 6523//6523
f 6504//6504 6505//6505 6525//6525
f 6504//6504 6525//6525 6524//6524
f 6505//6505 6506//6506 6526//6526
f 6505//6505 6526//6526 6525//6525
f 6506//6506 6507//6507 6527//6527
f 6506//6506 6527//6527 6526//6526
f 6507//6507 6508//6508 6528//6528
f 6507//6507 6528//6528 6527//6527
f 6508//6508 6509//6509 6529//6529
f 6508//6508 6529//6529 6528//6528
f 6509//6509 6510//6510 6530//6530
f 6509//6509 6530//6530 6529//6529
f 6510//6510 6511//6511 6531//6531
f 6510//6510 6531//6531 6530//6530
f 6511//6511 6512//6512 6532//6532
f 6511//6511 6532//6532 6531//6531
f 6512//6512 6513//6513 6533//6533
f 6512//6512 6533//6533 6532//6532
f 6513//6513 6514//6514 6534//6534
f 6513//6513 6534//6534 6533//6533
f 6514//6514 6515//6515 6535//6535
f 6514//6514 6535//6535 6534//6534
f 6515//6515 6516//6516 6536//6536
f 6515//6515 6536//6536 6535//6535
f 6516//6516 6517//6517 6537//6537
f 6516//6516 6537//6537 6536//6536
f 6517//6517 6518//6518 6538//6538
f 6517//6517 6538//6538 6537//6537
f 6518//6518 6519//6519 6539//6539
f 6518//6518 6539//6539 6538//6538
f 6519//6519 6520//6520 6540//6540
f 6519//6519 6540//6540 6539//6539
f 6520//6520 6521//6521 6541//6541
f 6520//6520 6541//6541 6540//6540
f 6521//6521 6522//6522 6542//6542
f 6521//6521 6542//6542 6541//6541
f 6522//6522 6503//6503 6523//6523
f 6522//6522 6523//6523 6542//6542
f 6544//6544 6543//6543 6563//6563
f 6545//6545 6544//6544 6563//6563
f 6546//6546 6545//6545 6563//6563
f 6547//6547 6546//6546 6563//6563
f 6548//6548 6547//6547 6563//6563
f 6549//6549 6548//6548 6563//6563
f 6550//6550 6549//6549 6563//6563
f 6551//6551 6550//6550 6563//6563
f 6552//6552 6551//6551 6563//6563
f 6553//6553 6552//6552 6563//6563
f 6554//6554 6553//6553 6563//6563
f 6555//6555 6554//6554 6563//6563
f 6556//6556 6555//6555 6563//6563
f 6557//6557 6556//6556 6563//6563
f 6558//6558 6557//6557 6563//6563
f 6559//6559 6558//6558 6563//6563
f 6560//6560 6559//6559 6563//6563
f 6561//6561 6560//6560 6563//6563
f 6562//6562 6561//6561 6563//6563
f 6543//6543 6562//6562 6563//6563
f 6564//6564 6565//6565 6584//6584
f 6565//6565 6566//6566 6584//6584
f 6566//6566 6567//6567 6584//6584
f 6567//6567 6568//6568 6584//6584
f 6568//6568 6569//6569 6584//6584
f 6569//6569 6570//6570 6584//6584
f 6570//6570 6571//6571 6584//6584
f 6571//6571 6572//6572 6584//6584
f 6572//6572 6573//6573 6584//6584
f 6573//6573 6574//6574 6584//6584
f 6574//6574 6575//6575 6584//6584
f 6575//6575 6576//6576 6584//6584
f 6576//6576 6577//6577 6584//6584
f 6577//6577 6578//6578 6584//6584
f 6578//6578 6579//6579 6584//6584
f 6579//6579 6580//6580 6584//6584
f 6580//6580 6581//6581 6584//6584
f 6581//6581 6582//6582 6584//6584
f 6582//6582 6583//6583 6584//6584
f 6583//6583 6564//6564 6584//6584
f 6585//6585 6586//6586 6606//6606
f 6585//6585 6606//6606 6605//6605
f 6586//6586 6587//6587 6607//6607
f 6586//6586 6607//6607 6606//6606
f 6587//6587 6588//6588 6608//6608
f 6587//6587 6608//6608 6607//6607
f 6588//6588 6589//6589 6609//6609
f 6588//6588 6609//6609 6608//6608
f 6589//6589 6590//6590 6610//6610
f 6589//6589 6610//6610 6609//6609
f 6590//6590 6591//6591 6611//6611
f 6590//6590 6611//6611 6610//6610
f 6591//6591 6592//6592 6612//6612
f 6591//6591 6612//6612 6611//6611
f 6592//6592 6593//6593 6613//6613
f 6592//6592 6613//6613 6612//6612
f 6593//6593 6594//6594 6614//6614
f 6593//6593 6614//6614 6613//6613
f 6594//6594 6595//6595 6615//6615
f 6594//6594 6615//6615 6614//6614
f 6595//6595 6596//6596 6616//6616
f 6595//6595 6616//6616 6615//6615
f 6596//6596 6597//6597 6617//6617
f 6596//6596 6617//6617 6616//6616
f 6597//6597 6598//6598 6618//6618
f 6597//6597 6618//6618 6617//6617
f 6598//6598 6599//6599 6619//6619
f 6598//6598 6619//6619 6618//6618
f 6599//6599 6600//6600 6620//6620
f 6599//6599 6620//6620 6619//6619
f 6600//6600 6601//6601 6621//6621
f 6600//6600 6621//6621 6620//6620
f 6601//6601 6602//6602 6622//6622
f 6601//6601 6622//6622 6621//6621
f 6602//6602 6603//6603 6623//6623
f 6602//6602 6623//6623 6622//6622
f 6603//6603 6604//6604 6624//6624
f 6603//6603 6624//6624 6623//6623
f 6604//6604 6585//6585 6605//6605
f 6604//6604 6605//6605 6624//6624
f 6626//6626 6625//6625 6645//6645
f 6627//6627 6626//6626 6645//6645
f 6628//6628 6627//6627 6645//6645
f 6629//6629 6628//6628 6645//6645
f 6630//6630 6629//6629 6645//6645
f 6631//6631 6630//6630 6645//6645
f 6632//6632 6631//6631 6645//6645
f 6633//6633 6632//6632 6645//6645
f 6634//6634 6633//6633 6645//6645
f 6635//6635 6634//6634 6645//6645
f 6636//6636 6635//6635 6645//6645
f 6637//6637 6636//6636 6645//6645
f 6638//6638 6637//6637 6645//6645
f 6639//6639 6638//6638 6645//6645
f 6640//6640 6639//6639 6645//6645
f 6641//6641 6640//6640 6645//6645
f 6642//6642 6641//6641 6645//6645
f 6643//6643 6642//6642 6645//6645
f 6644//6644 6643//6643 6645//6645
f 6625//6625 6644//6644 6645//6645
f 6646//6646 6647//6647 6666//6666
f 6647//6647 6648//6648 6666//6666
f 6648//6648 6649//6649 6666//6666
f 6649//6649 6650//6650 6666//6666
f 6650//6650 6651//6651 6666//6666
f 6651//6651 6652//6652 6666//6666
f 6652//6652 6653//6653 6666//6666
f 6653//6653 6654//6654 6666//6666
f 6654//6654 6655//6655 6666//6666
f 6655//6655 6656//6656 6666//6666
f 6656//6656 6657//6657 6666//6666
f 6657//6657 6658//6658 6666//6666
f 6658//6658 6659//6659 6666//6666
f 6659//6659 6660//6660 6666//6666
f 6660//6660 6661//6661 6666//6666
f 6661//6661 6662//6662 6666//6666
f 6662//6662 6663//6663 6666//6666
f 6663//6663 6664//6664 6666//6666
f 6664//6664 6665//6665 6666//6666
f 6665//6665 6646//6646 6666//6666
f 6667//6667 6668//6668 6688//6688
f 6667//6667 6688//6688 6687//6687
f 6668//6668 6669//6669 6689//6689
f 6668//6668 6689//6689 6688//6688
f 6669//6669 6670//6670 6690//6690
f 6669//6669 6690//6690 6689//6689
f 6670//6670 6671//6671 6691//6691
f 6670//6670 6691//6691 6690//6690
f 6671//6671 6672//6672 6692//6692
f 6671//6671 6692//6692 6691//6691
f 6672//6672 6673//6673 6693//6693
f 6672//6672 6693//6693 6692//6692
f 6673//6673 6674//6674 6694//6694
f 6673//6673 6694//6694 6693//6693
f 6674//6674 6675//6675 6695//6695
f 6674//6674 6695//6695 6694//6694
f 6675//6675 6676//6676 6696//6696
f 6675//6675 6696//6696 6695//6695
f 6676//6676 6677//6677 6697//6697
f 6676//6676 6697//6697 6696//6696
f 6677//6677 6678//6678 6698//6698
f 6677//6677 6698//6698 6697//6697
f 6678//6678 6679//6679 6699//6699
f 6678//6678 6699//6699 6698//6698
f 6679//6679 6680//6680 6700//6700
f 6679//6679 6700//6700 6699//6699
f 6680//6680 6681//6681 6701//6701
f 6680//6680 6701//6701 6700//6700
f 6681//6681 6682//6682 6702//6702
f 6681//6681 6702//6702 6701//6701
f 6682//6682 6683//6683 6703//6703
f 6682//6682 6703//6703 6702//6702
f 6683//6683 6684//6684 6704//6704
f 6683//6683 6704//6704 6703//6703
f 6684//6684 6685//6685 6705//6705
f 6684//6684 6705//6705 6704//6704
f 6685//6685 6686//6686 6706//6706
f 6685//6685 6706//6706 6705//6705
f 6686//6686 6667//6667 6687//6687
f 6686//6686 6687//6687 6706//6706
f 6708//6708 6707//6707 6727//6727
f 6709//6709 6708//6708 6727//6727
f 6710//6710 6709//6709 6727//6727
f 6711//6711 6710//6710 6727//6727
f 6712//6712 6711//6711 6727//6727
f 6713//6713 6712//6712 6727//6727
f 6714//6714 6713//6713 6727//6727
f 6715//6715 6714//6714 6727//6727
f 6716//6716 6715//6715 6727//6727
f 6717//6717 6716//6716 6727//6727
f 6718//6718 6717//6717 6727//6727
f 6719//6719 6718//6718 6727//6727
f 6720//6720 6719//6719 6727//6727
f 6721//6721 6720//6720 6727//6727
f 6722//6722 6721//6721 6727//6727
f 6723//6723 6722//6722 6727//6727
f 6724//6724 6723//6723 6727//6727
f 6725//6725 6724//6724 6727//6727
f 6726//6726 6725//6725 6727//6727
f 6707//6707 6726//6726 6727//6727
f 6728//6728 6729//6729 6748//6748
f 6729//6729 6730//6730 6748//6748
f 6730//6730 6731//6731 6748//6748
f 6731//6731 6732//6732 6748//6748
f 6732//6732 6733//6733 6748//6748
f 6733//6733 6734//6734 6748//6748
f 6734//6734 6735//6735 6748//6748
f 6735//6735 6736//6736 6748//6748
f 6736//6736 6737//6737 6748//6748
f 6737//6737 6738//6738 6748//6748
f 6738//6738 6739//6739 6748//6748
f 6739//6739 6740//6740 6748//6748
f 6740//6740 6741//6741 6748//6748
f 6741//6741 6742//6742 6748//6748
f 6742//6742 6743//6743 6748//6748
f 6743//6743 6744//6744 6748//6748
f 6744//6744 6745//6745 6748//6748
f 6745//6745 6746//6746 6748//6748
f 6746//6746 6747//6747 6748//6748
f 6747//6747 6728//6728 6748//6748
f 6749//6749 6750//6750 6770//6770
f 6749//6749 6770//6770 6769//6769
f 6750//6750 6751//6751 6771//6771
f 6750//6750 6771//6771 6770//6770
f 6751//6751 6752//6752 6772//6772
f 6751//6751 6772//6772 6771//6771
f 6752//6752 6753//6753 6773//6773
f 6752//6752 6773//6773 6772//6772
f 6753//6753 6754//6754 6774//6774
f 6753//6753 6774//6774 6773//6773
f 6754//6754 6755//6755 6775//6775
f 6754//6754 6775//6775 6774//6774
f 6755//6755 6756//6756 6776//6776
f 6755//6755 6776//6776 6775//6775
f 6756//6756 6757//6757 6777//6777
f 6756//6756 6777//6777 6776//6776
f 6757//6757 6758//6758 6778//6778
f 6757//6757 6778//6778 6777//6777
f 6758//6758 6759//6759 6779//6779
f 6758//6758 6779//6779 6778//6778
f 6759//6759 6760//6760 6780//6780
f 6759//6759 6780//6780 6779//6779
f 6760//6760 6761//6761 6781//6781
f 6760//6760 6781//6781 6780//6780
f 6761//6761 6762//6762 6782//6782
f 6761//6761 6782//6782 6781//6781
f 6762//6762 6763//6763 6783//6783
f 6762//6762 6783//6783 6782//6782
f 6763//6763 6764//6764 6784//6784
f 6763//6763 6784//6784 6783//6783
f 6764//6764 6765//6765 6785//6785
f 6764//6764 6785//6785 6784//6784
f 6765//6765 6766//6766 6786//6786
f 6765//6765 6786//6786 6785//6785
f 6766//6766 6767//6767 6787//6787
f 6766//6766 6787//6787 6786//6786
f 6767//6767 6768//6768 6788//6788
f 6767//6767 6788//6788 6787//6787
f 6768//6768 6749//6749 6769//6769
f 6768//6768 6769//6769 6788//6788
f 6790//6790 6789//6789 6809//6809
f 6791//6791 6790//6790 6809//6809
f 6792//6792 6791//6791 6809//6809
f 6793//6793 6792//6792 6809//6809
f 6794//6794 6793//6793 6809//6809
f 6795//6795 6794//6794 6809//6809
f 6796//6796 6795//6795 6809//6809
f 6797//6797 6796//6796 6809//6809
f 6798//6798 6797//6797 6809//6809
f 6799//6799 6798//6798 6809//6809
f 6800//6800 6799//6799 6809//6809
f 6801//6801 6800//6800 6809//6809
f 6802//6802 6801//6801 6809//6809
f 6803//6803 6802//6802 6809//6809
f 6804//6804 6803//6803 6809//6809
f 6805//6805 6804//6804 6809//6809
f 6806//6806 6805//6805 6809//6809
f 6807//6807 6806//6806 6809//6809
f 6808//6808 6807//6807 6809//6809
f 6789//6789 6808//6808 6809//6809
f 6810//6810 6811//6811 6830//6830
f 6811//6811 6812//6812 6830//6830
f 6812//6812 6813//6813 6830//6830
f 6813//6813 6814//6814 6830//6830
f 6814//6814 6815//6815 6830//6830
f 6815//6815 6816//6816 6830//6830
f 6816//6816 6817//6817 6830//6830
f 6817//6817 6818//6818 6830//6830
f 6818//6818 6819//6819 6830//6830
f 6819//6819 6820//6820 6830//6830
f 6820//6820 6821//6821 6830//6830
f 6821//6821 6822//6822 6830//6830
f 6822//6822 6823//6823 6830//6830
f 6823//6823 6824//6824 6830//6830
f 6824//6824 6825//6825 6830//6830
f 6825//6825 6826//6826 6830//6830
f 6826//6826 6827//6827 6830//6830
f 6827//6827 6828//6828 6830//6830
f 6828//6828 6829//6829 6830//6830
f 6829//6829 6810//6810 6830//6830
f 6831//6831 6832//6832 6852//6852
f 6831//6831 6852//6852 6851//6851
f 6832//6832 6833//6833 6853//6853
f 6832//6832 6853//6853 6852//6852
f 6833//6833 6834//6834 6854//6854
f 6833//6833 6854//6854 6853//6853
f 6834//6834 6835//6835 6855//6855
f 6834//6834 6855//6855 6854//6854
f 6835//6835 6836//6836 6856//6856
f 6835//6835 6856//6856 6855//6855
f 6836//6836 6837//6837 6857//6857
f 6836//6836 6857//6857 6856//6856
f 6837//6837 6838//6838 6858//6858
f 6837//6837 6858//6858 6857//6857
f 6838//6838 6839//6839 6859//6859
f 6838//6838 6859//6859 6858//6858
f 6839//6839 6840//6840 6860//6860
f 6839//6839 6860//6860 6859//6859
f 6840//6840 6841//6841 6861//6861
f 6840//6840 6861//6861 6860//6860
f 6841//6841 6842//6842 6862//6862
f 6841//6841 6862//6862 6861//6861
f 6842//6842 6843//6843 6863//6863
f 6842//6842 6863//6863 6862//6862
f 6843//6843 6844//6844 6864//6864
f 6843//6843 6864//6864 6863//6863
f 6844//6844 6845//6845 6865//6865
f 6844//6844 6865//6865 6864//6864
f 6845//6845 6846//6846 6866//6866
f 6845//6845 6866//6866 6865//6865
f 6846//6846 6847//6847 6867//6867
f 6846//6846 6867//6867 6866//6866
f 6847//6847 6848//6848 6868//6868
f 6847//6847 6868//6868 6867//6867
f 6848//6848 6849//6849 6869//6869
f 6848//6848 6869//6869 6868//6868
f 6849//6849 6850//6850 6870//6870
f 6849//6849 6870//6870 6869//6869
f 6850//6850 6831//6831 6851//6851
f 6850//6850 6851//6851 6870//6870
f 6872//6872 6871//6871 6891//6891
f 6873//6873 6872//6872 6891//6891
f 6874//6874 6873//6873 6891//6891
f 6875//6875 6874//6874 6891//6891
f 6876//6876 6875//6875 6891//6891
f 6877//6877 6876//6876 6891//6891
f 6878//6878 6877//6877 6891//6891
f 6879//6879 6878//6878 6891//6891
f 6880//6880 6879//6879 6891//6891
f 6881//6881 6880//6880 6891//6891
f 6882//6882 6881//6881 6891//6891
f 6883//6883 6882//6882 6891//6891
f 6884//6884 6883//6883 6891//6891
f 6885//6885 6884//6884 6891//6891
f 6886//6886 6885//6885 6891//6891
f 6887//6887 6886//6886 6891//6891
f 6888//6888 6887//6887 6891//6891
f 6889//6889 6888//6888 6891//6891
f 6890//6890 6889//6889 6891//6891
f 6871//6871 6890//6890 6891//6891
f 6892//6892 6893//6893 6912//6912
f 6893//6893 6894//6894 6912//6912
f 6894//6894 6895//6895 6912//6912
f 6895//6895 6896//6896 6912//6912
f 6896//6896 6897//6897 6912//6912
f 6897//6897 6898//6898 6912//6912
f 6898//6898 6899//6899 6912//6912
f 6899//6899 6900//6900 6912//6912
f 6900//6900 6901//6901 6912//6912
f 6901//6901 6902//6902 6912//6912
f 6902//6902 6903//6903 6912//6912
f 6903//6903 6904//6904 6912//6912
f 6904//6904 6905//6905 6912//6912
f 6905//6905 6906//6906 6912//6912
f 6906//6906 6907//6907 6912//6912
f 6907//6907 6908//6908 6912//6912
f 6908//6908 6909//6909 6912//6912
f 6909//6909 6910//6910 6912//6912
f 6910//6910 6911//6911 6912//6912
f 6911//6911 6892//6892 6912//6912

o IM_FINEX_Reactor_Pipes
g 07_FINEX
usemtl Steel_Matte
s 1
v 45.5000 -4.0000 20.2000
v 45.5000 -3.6000 20.3072
v 45.5000 -3.3072 20.6000
v 45.5000 -3.2000 21.0000
v 45.5000 -3.3072 21.4000
v 45.5000 -3.6000 21.6928
v 45.5000 -4.0000 21.8000
v 45.5000 -4.4000 21.6928
v 45.5000 -4.6928 21.4000
v 45.5000 -4.8000 21.0000
v 45.5000 -4.6928 20.6000
v 45.5000 -4.4000 20.3072
v 54.0000 -4.0000 20.2000
v 54.0000 -3.6000 20.3072
v 54.0000 -3.3072 20.6000
v 54.0000 -3.2000 21.0000
v 54.0000 -3.3072 21.4000
v 54.0000 -3.6000 21.6928
v 54.0000 -4.0000 21.8000
v 54.0000 -4.4000 21.6928
v 54.0000 -4.6928 21.4000
v 54.0000 -4.8000 21.0000
v 54.0000 -4.6928 20.6000
v 54.0000 -4.4000 20.3072
v 45.5000 -4.0000 20.2000
v 45.5000 -3.6000 20.3072
v 45.5000 -3.3072 20.6000
v 45.5000 -3.2000 21.0000
v 45.5000 -3.3072 21.4000
v 45.5000 -3.6000 21.6928
v 45.5000 -4.0000 21.8000
v 45.5000 -4.4000 21.6928
v 45.5000 -4.6928 21.4000
v 45.5000 -4.8000 21.0000
v 45.5000 -4.6928 20.6000
v 45.5000 -4.4000 20.3072
v 45.5000 -4.0000 21.0000
v 54.0000 -4.0000 20.2000
v 54.0000 -3.6000 20.3072
v 54.0000 -3.3072 20.6000
v 54.0000 -3.2000 21.0000
v 54.0000 -3.3072 21.4000
v 54.0000 -3.6000 21.6928
v 54.0000 -4.0000 21.8000
v 54.0000 -4.4000 21.6928
v 54.0000 -4.6928 21.4000
v 54.0000 -4.8000 21.0000
v 54.0000 -4.6928 20.6000
v 54.0000 -4.4000 20.3072
v 54.0000 -4.0000 21.0000
v 37.5000 -4.0000 24.2000
v 37.5000 -3.6000 24.3072
v 37.5000 -3.3072 24.6000
v 37.5000 -3.2000 25.0000
v 37.5000 -3.3072 25.4000
v 37.5000 -3.6000 25.6928
v 37.5000 -4.0000 25.8000
v 37.5000 -4.4000 25.6928
v 37.5000 -4.6928 25.4000
v 37.5000 -4.8000 25.0000
v 37.5000 -4.6928 24.6000
v 37.5000 -4.4000 24.3072
v 46.0000 -4.0000 24.2000
v 46.0000 -3.6000 24.3072
v 46.0000 -3.3072 24.6000
v 46.0000 -3.2000 25.0000
v 46.0000 -3.3072 25.4000
v 46.0000 -3.6000 25.6928
v 46.0000 -4.0000 25.8000
v 46.0000 -4.4000 25.6928
v 46.0000 -4.6928 25.4000
v 46.0000 -4.8000 25.0000
v 46.0000 -4.6928 24.6000
v 46.0000 -4.4000 24.3072
v 37.5000 -4.0000 24.2000
v 37.5000 -3.6000 24.3072
v 37.5000 -3.3072 24.6000
v 37.5000 -3.2000 25.0000
v 37.5000 -3.3072 25.4000
v 37.5000 -3.6000 25.6928
v 37.5000 -4.0000 25.8000
v 37.5000 -4.4000 25.6928
v 37.5000 -4.6928 25.4000
v 37.5000 -4.8000 25.0000
v 37.5000 -4.6928 24.6000
v 37.5000 -4.4000 24.3072
v 37.5000 -4.0000 25.0000
v 46.0000 -4.0000 24.2000
v 46.0000 -3.6000 24.3072
v 46.0000 -3.3072 24.6000
v 46.0000 -3.2000 25.0000
v 46.0000 -3.3072 25.4000
v 46.0000 -3.6000 25.6928
v 46.0000 -4.0000 25.8000
v 46.0000 -4.4000 25.6928
v 46.0000 -4.6928 25.4000
v 46.0000 -4.8000 25.0000
v 46.0000 -4.6928 24.6000
v 46.0000 -4.4000 24.3072
v 46.0000 -4.0000 25.0000
v 29.5000 -4.0000 28.2000
v 29.5000 -3.6000 28.3072
v 29.5000 -3.3072 28.6000
v 29.5000 -3.2000 29.0000
v 29.5000 -3.3072 29.4000
v 29.5000 -3.6000 29.6928
v 29.5000 -4.0000 29.8000
v 29.5000 -4.4000 29.6928
v 29.5000 -4.6928 29.4000
v 29.5000 -4.8000 29.0000
v 29.5000 -4.6928 28.6000
v 29.5000 -4.4000 28.3072
v 38.0000 -4.0000 28.2000
v 38.0000 -3.6000 28.3072
v 38.0000 -3.3072 28.6000
v 38.0000 -3.2000 29.0000
v 38.0000 -3.3072 29.4000
v 38.0000 -3.6000 29.6928
v 38.0000 -4.0000 29.8000
v 38.0000 -4.4000 29.6928
v 38.0000 -4.6928 29.4000
v 38.0000 -4.8000 29.0000
v 38.0000 -4.6928 28.6000
v 38.0000 -4.4000 28.3072
v 29.5000 -4.0000 28.2000
v 29.5000 -3.6000 28.3072
v 29.5000 -3.3072 28.6000
v 29.5000 -3.2000 29.0000
v 29.5000 -3.3072 29.4000
v 29.5000 -3.6000 29.6928
v 29.5000 -4.0000 29.8000
v 29.5000 -4.4000 29.6928
v 29.5000 -4.6928 29.4000
v 29.5000 -4.8000 29.0000
v 29.5000 -4.6928 28.6000
v 29.5000 -4.4000 28.3072
v 29.5000 -4.0000 29.0000
v 38.0000 -4.0000 28.2000
v 38.0000 -3.6000 28.3072
v 38.0000 -3.3072 28.6000
v 38.0000 -3.2000 29.0000
v 38.0000 -3.3072 29.4000
v 38.0000 -3.6000 29.6928
v 38.0000 -4.0000 29.8000
v 38.0000 -4.4000 29.6928
v 38.0000 -4.6928 29.4000
v 38.0000 -4.8000 29.0000
v 38.0000 -4.6928 28.6000
v 38.0000 -4.4000 28.3072
v 38.0000 -4.0000 29.0000
vn 0.0000 0.0890 -0.9960
vn 0.0000 0.5751 -0.8181
vn 0.0000 0.9071 -0.4210
vn 0.0000 0.9960 0.0890
vn 0.0000 0.8181 0.5751
vn 0.0000 0.4210 0.9071
vn 0.0000 -0.0890 0.9960
vn 0.0000 -0.5751 0.8181
vn 0.0000 -0.9071 0.4210
vn 0.0000 -0.9960 -0.0890
vn 0.0000 -0.8181 -0.5751
vn 0.0000 -0.4210 -0.9071
vn 0.0000 -0.0890 -0.9960
vn 0.0000 0.4210 -0.9071
vn 0.0000 0.8181 -0.5751
vn 0.0000 0.9960 -0.0890
vn 0.0000 0.9071 0.4210
vn 0.0000 0.5751 0.8181
vn 0.0000 0.0890 0.9960
vn 0.0000 -0.4210 0.9071
vn 0.0000 -0.8181 0.5751
vn 0.0000 -0.9960 0.0890
vn 0.0000 -0.9071 -0.4210
vn 0.0000 -0.5751 -0.8181
vn -1.0000 0.0000 0.0000
vn -1.0000 0.0000 0.0000
vn -1.0000 0.0000 0.0000
vn -1.0000 0.0000 0.0000
vn -1.0000 0.0000 0.0000
vn -1.0000 0.0000 0.0000
vn -1.0000 0.0000 0.0000
vn -1.0000 0.0000 0.0000
vn -1.0000 0.0000 0.0000
vn -1.0000 0.0000 0.0000
vn -1.0000 0.0000 0.0000
vn -1.0000 0.0000 0.0000
vn -1.0000 0.0000 0.0000
vn 1.0000 0.0000 0.0000
vn 1.0000 0.0000 0.0000
vn 1.0000 0.0000 0.0000
vn 1.0000 0.0000 0.0000
vn 1.0000 0.0000 0.0000
vn 1.0000 0.0000 0.0000
vn 1.0000 0.0000 0.0000
vn 1.0000 0.0000 0.0000
vn 1.0000 0.0000 0.0000
vn 1.0000 0.0000 0.0000
vn 1.0000 0.0000 0.0000
vn 1.0000 0.0000 0.0000
vn 1.0000 0.0000 0.0000
vn 0.0000 0.0890 -0.9960
vn 0.0000 0.5751 -0.8181
vn 0.0000 0.9071 -0.4210
vn 0.0000 0.9960 0.0890
vn 0.0000 0.8181 0.5751
vn 0.0000 0.4210 0.9071
vn 0.0000 -0.0890 0.9960
vn 0.0000 -0.5751 0.8181
vn 0.0000 -0.9071 0.4210
vn 0.0000 -0.9960 -0.0890
vn 0.0000 -0.8181 -0.5751
vn 0.0000 -0.4210 -0.9071
vn 0.0000 -0.0890 -0.9960
vn 0.0000 0.4210 -0.9071
vn 0.0000 0.8181 -0.5751
vn 0.0000 0.9960 -0.0890
vn 0.0000 0.9071 0.4210
vn 0.0000 0.5751 0.8181
vn 0.0000 0.0890 0.9960
vn 0.0000 -0.4210 0.9071
vn 0.0000 -0.8181 0.5751
vn 0.0000 -0.9960 0.0890
vn 0.0000 -0.9071 -0.4210
vn 0.0000 -0.5751 -0.8181
vn -1.0000 0.0000 0.0000
vn -1.0000 0.0000 0.0000
vn -1.0000 0.0000 0.0000
vn -1.0000 0.0000 0.0000
vn -1.0000 0.0000 0.0000
vn -1.0000 0.0000 0.0000
vn -1.0000 0.0000 0.0000
vn -1.0000 0.0000 0.0000
vn -1.0000 0.0000 0.0000
vn -1.0000 0.0000 0.0000
vn -1.0000 0.0000 0.0000
vn -1.0000 0.0000 0.0000
vn -1.0000 0.0000 0.0000
vn 1.0000 0.0000 0.0000
vn 1.0000 0.0000 0.0000
vn 1.0000 0.0000 0.0000
vn 1.0000 0.0000 0.0000
vn 1.0000 0.0000 0.0000
vn 1.0000 0.0000 0.0000
vn 1.0000 0.0000 0.0000
vn 1.0000 0.0000 0.0000
vn 1.0000 0.0000 0.0000
vn 1.0000 0.0000 0.0000
vn 1.0000 0.0000 0.0000
vn 1.0000 0.0000 0.0000
vn 1.0000 0.0000 0.0000
vn 0.0000 0.0890 -0.9960
vn 0.0000 0.5751 -0.8181
vn 0.0000 0.9071 -0.4210
vn 0.0000 0.9960 0.0890
vn 0.0000 0.8181 0.5751
vn 0.0000 0.4210 0.9071
vn 0.0000 -0.0890 0.9960
vn 0.0000 -0.5751 0.8181
vn 0.0000 -0.9071 0.4210
vn 0.0000 -0.9960 -0.0890
vn 0.0000 -0.8181 -0.5751
vn 0.0000 -0.4210 -0.9071
vn 0.0000 -0.0890 -0.9960
vn 0.0000 0.4210 -0.9071
vn 0.0000 0.8181 -0.5751
vn 0.0000 0.9960 -0.0890
vn 0.0000 0.9071 0.4210
vn 0.0000 0.5751 0.8181
vn 0.0000 0.0890 0.9960
vn 0.0000 -0.4210 0.9071
vn 0.0000 -0.8181 0.5751
vn 0.0000 -0.9960 0.0890
vn 0.0000 -0.9071 -0.4210
vn 0.0000 -0.5751 -0.8181
vn -1.0000 0.0000 0.0000
vn -1.0000 0.0000 0.0000
vn -1.0000 0.0000 0.0000
vn -1.0000 0.0000 0.0000
vn -1.0000 0.0000 0.0000
vn -1.0000 0.0000 0.0000
vn -1.0000 0.0000 0.0000
vn -1.0000 0.0000 0.0000
vn -1.0000 0.0000 0.0000
vn -1.0000 0.0000 0.0000
vn -1.0000 0.0000 0.0000
vn -1.0000 0.0000 0.0000
vn -1.0000 0.0000 0.0000
vn 1.0000 0.0000 0.0000
vn 1.0000 0.0000 0.0000
vn 1.0000 0.0000 0.0000
vn 1.0000 0.0000 0.0000
vn 1.0000 0.0000 0.0000
vn 1.0000 0.0000 0.0000
vn 1.0000 0.0000 0.0000
vn 1.0000 0.0000 0.0000
vn 1.0000 0.0000 0.0000
vn 1.0000 0.0000 0.0000
vn 1.0000 0.0000 0.0000
vn 1.0000 0.0000 0.0000
vn 1.0000 0.0000 0.0000
f 6913//6913 6914//6914 6926//6926
f 6913//6913 6926//6926 6925//6925
f 6914//6914 6915//6915 6927//6927
f 6914//6914 6927//6927 6926//6926
f 6915//6915 6916//6916 6928//6928
f 6915//6915 6928//6928 6927//6927
f 6916//6916 6917//6917 6929//6929
f 6916//6916 6929//6929 6928//6928
f 6917//6917 6918//6918 6930//6930
f 6917//6917 6930//6930 6929//6929
f 6918//6918 6919//6919 6931//6931
f 6918//6918 6931//6931 6930//6930
f 6919//6919 6920//6920 6932//6932
f 6919//6919 6932//6932 6931//6931
f 6920//6920 6921//6921 6933//6933
f 6920//6920 6933//6933 6932//6932
f 6921//6921 6922//6922 6934//6934
f 6921//6921 6934//6934 6933//6933
f 6922//6922 6923//6923 6935//6935
f 6922//6922 6935//6935 6934//6934
f 6923//6923 6924//6924 6936//6936
f 6923//6923 6936//6936 6935//6935
f 6924//6924 6913//6913 6925//6925
f 6924//6924 6925//6925 6936//6936
f 6938//6938 6937//6937 6949//6949
f 6939//6939 6938//6938 6949//6949
f 6940//6940 6939//6939 6949//6949
f 6941//6941 6940//6940 6949//6949
f 6942//6942 6941//6941 6949//6949
f 6943//6943 6942//6942 6949//6949
f 6944//6944 6943//6943 6949//6949
f 6945//6945 6944//6944 6949//6949
f 6946//6946 6945//6945 6949//6949
f 6947//6947 6946//6946 6949//6949
f 6948//6948 6947//6947 6949//6949
f 6937//6937 6948//6948 6949//6949
f 6950//6950 6951//6951 6962//6962
f 6951//6951 6952//6952 6962//6962
f 6952//6952 6953//6953 6962//6962
f 6953//6953 6954//6954 6962//6962
f 6954//6954 6955//6955 6962//6962
f 6955//6955 6956//6956 6962//6962
f 6956//6956 6957//6957 6962//6962
f 6957//6957 6958//6958 6962//6962
f 6958//6958 6959//6959 6962//6962
f 6959//6959 6960//6960 6962//6962
f 6960//6960 6961//6961 6962//6962
f 6961//6961 6950//6950 6962//6962
f 6963//6963 6964//6964 6976//6976
f 6963//6963 6976//6976 6975//6975
f 6964//6964 6965//6965 6977//6977
f 6964//6964 6977//6977 6976//6976
f 6965//6965 6966//6966 6978//6978
f 6965//6965 6978//6978 6977//6977
f 6966//6966 6967//6967 6979//6979
f 6966//6966 6979//6979 6978//6978
f 6967//6967 6968//6968 6980//6980
f 6967//6967 6980//6980 6979//6979
f 6968//6968 6969//6969 6981//6981
f 6968//6968 6981//6981 6980//6980
f 6969//6969 6970//6970 6982//6982
f 6969//6969 6982//6982 6981//6981
f 6970//6970 6971//6971 6983//6983
f 6970//6970 6983//6983 6982//6982
f 6971//6971 6972//6972 6984//6984
f 6971//6971 6984//6984 6983//6983
f 6972//6972 6973//6973 6985//6985
f 6972//6972 6985//6985 6984//6984
f 6973//6973 6974//6974 6986//6986
f 6973//6973 6986//6986 6985//6985
f 6974//6974 6963//6963 6975//6975
f 6974//6974 6975//6975 6986//6986
f 6988//6988 6987//6987 6999//6999
f 6989//6989 6988//6988 6999//6999
f 6990//6990 6989//6989 6999//6999
f 6991//6991 6990//6990 6999//6999
f 6992//6992 6991//6991 6999//6999
f 6993//6993 6992//6992 6999//6999
f 6994//6994 6993//6993 6999//6999
f 6995//6995 6994//6994 6999//6999
f 6996//6996 6995//6995 6999//6999
f 6997//6997 6996//6996 6999//6999
f 6998//6998 6997//6997 6999//6999
f 6987//6987 6998//6998 6999//6999
f 7000//7000 7001//7001 7012//7012
f 7001//7001 7002//7002 7012//7012
f 7002//7002 7003//7003 7012//7012
f 7003//7003 7004//7004 7012//7012
f 7004//7004 7005//7005 7012//7012
f 7005//7005 7006//7006 7012//7012
f 7006//7006 7007//7007 7012//7012
f 7007//7007 7008//7008 7012//7012
f 7008//7008 7009//7009 7012//7012
f 7009//7009 7010//7010 7012//7012
f 7010//7010 7011//7011 7012//7012
f 7011//7011 7000//7000 7012//7012
f 7013//7013 7014//7014 7026//7026
f 7013//7013 7026//7026 7025//7025
f 7014//7014 7015//7015 7027//7027
f 7014//7014 7027//7027 7026//7026
f 7015//7015 7016//7016 7028//7028
f 7015//7015 7028//7028 7027//7027
f 7016//7016 7017//7017 7029//7029
f 7016//7016 7029//7029 7028//7028
f 7017//7017 7018//7018 7030//7030
f 7017//7017 7030//7030 7029//7029
f 7018//7018 7019//7019 7031//7031
f 7018//7018 7031//7031 7030//7030
f 7019//7019 7020//7020 7032//7032
f 7019//7019 7032//7032 7031//7031
f 7020//7020 7021//7021 7033//7033
f 7020//7020 7033//7033 7032//7032
f 7021//7021 7022//7022 7034//7034
f 7021//7021 7034//7034 7033//7033
f 7022//7022 7023//7023 7035//7035
f 7022//7022 7035//7035 7034//7034
f 7023//7023 7024//7024 7036//7036
f 7023//7023 7036//7036 7035//7035
f 7024//7024 7013//7013 7025//7025
f 7024//7024 7025//7025 7036//7036
f 7038//7038 7037//7037 7049//7049
f 7039//7039 7038//7038 7049//7049
f 7040//7040 7039//7039 7049//7049
f 7041//7041 7040//7040 7049//7049
f 7042//7042 7041//7041 7049//7049
f 7043//7043 7042//7042 7049//7049
f 7044//7044 7043//7043 7049//7049
f 7045//7045 7044//7044 7049//7049
f 7046//7046 7045//7045 7049//7049
f 7047//7047 7046//7046 7049//7049
f 7048//7048 7047//7047 7049//7049
f 7037//7037 7048//7048 7049//7049
f 7050//7050 7051//7051 7062//7062
f 7051//7051 7052//7052 7062//7062
f 7052//7052 7053//7053 7062//7062
f 7053//7053 7054//7054 7062//7062
f 7054//7054 7055//7055 7062//7062
f 7055//7055 7056//7056 7062//7062
f 7056//7056 7057//7057 7062//7062
f 7057//7057 7058//7058 7062//7062
f 7058//7058 7059//7059 7062//7062
f 7059//7059 7060//7060 7062//7062
f 7060//7060 7061//7061 7062//7062
f 7061//7061 7050//7050 7062//7062

o IM_FINEX_Reactor_Frame
g 07_FINEX
usemtl Steel_Dark
s 1
v 33.6000 -9.4000 1.0000
v 33.6000 -9.4000 25.0000
v 33.6000 -8.6000 25.0000
v 33.6000 -8.6000 1.0000
v 34.4000 -9.4000 1.0000
v 34.4000 -8.6000 1.0000
v 34.4000 -8.6000 25.0000
v 34.4000 -9.4000 25.0000
v 33.6000 -9.4000 1.0000
v 34.4000 -9.4000 1.0000
v 34.4000 -9.4000 25.0000
v 33.6000 -9.4000 25.0000
v 33.6000 -8.6000 1.0000
v 33.6000 -8.6000 25.0000
v 34.4000 -8.6000 25.0000
v 34.4000 -8.6000 1.0000
v 33.6000 -9.4000 1.0000
v 33.6000 -8.6000 1.0000
v 34.4000 -8.6000 1.0000
v 34.4000 -9.4000 1.0000
v 33.6000 -9.4000 25.0000
v 34.4000 -9.4000 25.0000
v 34.4000 -8.6000 25.0000
v 33.6000 -8.6000 25.0000
v 57.6000 -9.4000 1.0000
v 57.6000 -9.4000 25.0000
v 57.6000 -8.6000 25.0000
v 57.6000 -8.6000 1.0000
v 58.4000 -9.4000 1.0000
v 58.4000 -8.6000 1.0000
v 58.4000 -8.6000 25.0000
v 58.4000 -9.4000 25.0000
v 57.6000 -9.4000 1.0000
v 58.4000 -9.4000 1.0000
v 58.4000 -9.4000 25.0000
v 57.6000 -9.4000 25.0000
v 57.6000 -8.6000 1.0000
v 57.6000 -8.6000 25.0000
v 58.4000 -8.6000 25.0000
v 58.4000 -8.6000 1.0000
v 57.6000 -9.4000 1.0000
v 57.6000 -8.6000 1.0000
v 58.4000 -8.6000 1.0000
v 58.4000 -9.4000 1.0000
v 57.6000 -9.4000 25.0000
v 58.4000 -9.4000 25.0000
v 58.4000 -8.6000 25.0000
v 57.6000 -8.6000 25.0000
v 57.6000 0.6000 1.0000
v 57.6000 0.6000 25.0000
v 57.6000 1.4000 25.0000
v 57.6000 1.4000 1.0000
v 58.4000 0.6000 1.0000
v 58.4000 1.4000 1.0000
v 58.4000 1.4000 25.0000
v 58.4000 0.6000 25.0000
v 57.6000 0.6000 1.0000
v 58.4000 0.6000 1.0000
v 58.4000 0.6000 25.0000
v 57.6000 0.6000 25.0000
v 57.6000 1.4000 1.0000
v 57.6000 1.4000 25.0000
v 58.4000 1.4000 25.0000
v 58.4000 1.4000 1.0000
v 57.6000 0.6000 1.0000
v 57.6000 1.4000 1.0000
v 58.4000 1.4000 1.0000
v 58.4000 0.6000 1.0000
v 57.6000 0.6000 25.0000
v 58.4000 0.6000 25.0000
v 58.4000 1.4000 25.0000
v 57.6000 1.4000 25.0000
v 33.6000 0.6000 1.0000
v 33.6000 0.6000 25.0000
v 33.6000 1.4000 25.0000
v 33.6000 1.4000 1.0000
v 34.4000 0.6000 1.0000
v 34.4000 1.4000 1.0000
v 34.4000 1.4000 25.0000
v 34.4000 0.6000 25.0000
v 33.6000 0.6000 1.0000
v 34.4000 0.6000 1.0000
v 34.4000 0.6000 25.0000
v 33.6000 0.6000 25.0000
v 33.6000 1.4000 1.0000
v 33.6000 1.4000 25.0000
v 34.4000 1.4000 25.0000
v 34.4000 1.4000 1.0000
v 33.6000 0.6000 1.0000
v 33.6000 1.4000 1.0000
v 34.4000 1.4000 1.0000
v 34.4000 0.6000 1.0000
v 33.6000 0.6000 25.0000
v 34.4000 0.6000 25.0000
v 34.4000 1.4000 25.0000
v 33.6000 1.4000 25.0000
v 33.6000 -9.3000 13.0000
v 33.6000 -9.3000 13.6000
v 33.6000 -8.7000 13.6000
v 33.6000 -8.7000 13.0000
v 58.4000 -9.3000 13.0000
v 58.4000 -8.7000 13.0000
v 58.4000 -8.7000 13.6000
v 58.4000 -9.3000 13.6000
v 33.6000 -9.3000 13.0000
v 58.4000 -9.3000 13.0000
v 58.4000 -9.3000 13.6000
v 33.6000 -9.3000 13.6000
v 33.6000 -8.7000 13.0000
v 33.6000 -8.7000 13.6000
v 58.4000 -8.7000 13.6000
v 58.4000 -8.7000 13.0000
v 33.6000 -9.3000 13.0000
v 33.6000 -8.7000 13.0000
v 58.4000 -8.7000 13.0000
v 58.4000 -9.3000 13.0000
v 33.6000 -9.3000 13.6000
v 58.4000 -9.3000 13.6000
v 58.4000 -8.7000 13.6000
v 33.6000 -8.7000 13.6000
v 33.6000 -9.3000 25.0000
v 33.6000 -9.3000 25.6000
v 33.6000 -8.7000 25.6000
v 33.6000 -8.7000 25.0000
v 58.4000 -9.3000 25.0000
v 58.4000 -8.7000 25.0000
v 58.4000 -8.7000 25.6000
v 58.4000 -9.3000 25.6000
v 33.6000 -9.3000 25.0000
v 58.4000 -9.3000 25.0000
v 58.4000 -9.3000 25.6000
v 33.6000 -9.3000 25.6000
v 33.6000 -8.7000 25.0000
v 33.6000 -8.7000 25.6000
v 58.4000 -8.7000 25.6000
v 58.4000 -8.7000 25.0000
v 33.6000 -9.3000 25.0000
v 33.6000 -8.7000 25.0000
v 58.4000 -8.7000 25.0000
v 58.4000 -9.3000 25.0000
v 33.6000 -9.3000 25.6000
v 58.4000 -9.3000 25.6000
v 58.4000 -8.7000 25.6000
v 33.6000 -8.7000 25.6000
v 33.6000 0.7000 13.0000
v 33.6000 0.7000 13.6000
v 33.6000 1.3000 13.6000
v 33.6000 1.3000 13.0000
v 58.4000 0.7000 13.0000
v 58.4000 1.3000 13.0000
v 58.4000 1.3000 13.6000
v 58.4000 0.7000 13.6000
v 33.6000 0.7000 13.0000
v 58.4000 0.7000 13.0000
v 58.4000 0.7000 13.6000
v 33.6000 0.7000 13.6000
v 33.6000 1.3000 13.0000
v 33.6000 1.3000 13.6000
v 58.4000 1.3000 13.6000
v 58.4000 1.3000 13.0000
v 33.6000 0.7000 13.0000
v 33.6000 1.3000 13.0000
v 58.4000 1.3000 13.0000
v 58.4000 0.7000 13.0000
v 33.6000 0.7000 13.6000
v 58.4000 0.7000 13.6000
v 58.4000 1.3000 13.6000
v 33.6000 1.3000 13.6000
v 33.6000 0.7000 25.0000
v 33.6000 0.7000 25.6000
v 33.6000 1.3000 25.6000
v 33.6000 1.3000 25.0000
v 58.4000 0.7000 25.0000
v 58.4000 1.3000 25.0000
v 58.4000 1.3000 25.6000
v 58.4000 0.7000 25.6000
v 33.6000 0.7000 25.0000
v 58.4000 0.7000 25.0000
v 58.4000 0.7000 25.6000
v 33.6000 0.7000 25.6000
v 33.6000 1.3000 25.0000
v 33.6000 1.3000 25.6000
v 58.4000 1.3000 25.6000
v 58.4000 1.3000 25.0000
v 33.6000 0.7000 25.0000
v 33.6000 1.3000 25.0000
v 58.4000 1.3000 25.0000
v 58.4000 0.7000 25.0000
v 33.6000 0.7000 25.6000
v 58.4000 0.7000 25.6000
v 58.4000 1.3000 25.6000
v 33.6000 1.3000 25.6000
vn -1.0000 0.0000 0.0000
vn -1.0000 0.0000 0.0000
vn -1.0000 0.0000 0.0000
vn -1.0000 0.0000 0.0000
vn 1.0000 0.0000 0.0000
vn 1.0000 0.0000 0.0000
vn 1.0000 0.0000 0.0000
vn 1.0000 0.0000 0.0000
vn 0.0000 -1.0000 0.0000
vn 0.0000 -1.0000 0.0000
vn 0.0000 -1.0000 0.0000
vn 0.0000 -1.0000 0.0000
vn 0.0000 1.0000 0.0000
vn 0.0000 1.0000 0.0000
vn 0.0000 1.0000 0.0000
vn 0.0000 1.0000 0.0000
vn 0.0000 0.0000 -1.0000
vn 0.0000 0.0000 -1.0000
vn 0.0000 0.0000 -1.0000
vn 0.0000 0.0000 -1.0000
vn 0.0000 0.0000 1.0000
vn 0.0000 0.0000 1.0000
vn 0.0000 0.0000 1.0000
vn 0.0000 0.0000 1.0000
vn -1.0000 0.0000 0.0000
vn -1.0000 0.0000 0.0000
vn -1.0000 0.0000 0.0000
vn -1.0000 0.0000 0.0000
vn 1.0000 0.0000 0.0000
vn 1.0000 0.0000 0.0000
vn 1.0000 0.0000 0.0000
vn 1.0000 0.0000 0.0000
vn 0.0000 -1.0000 0.0000
vn 0.0000 -1.0000 0.0000
vn 0.0000 -1.0000 0.0000
vn 0.0000 -1.0000 0.0000
vn 0.0000 1.0000 0.0000
vn 0.0000 1.0000 0.0000
vn 0.0000 1.0000 0.0000
vn 0.0000 1.0000 0.0000
vn 0.0000 0.0000 -1.0000
vn 0.0000 0.0000 -1.0000
vn 0.0000 0.0000 -1.0000
vn 0.0000 0.0000 -1.0000
vn 0.0000 0.0000 1.0000
vn 0.0000 0.0000 1.0000
vn 0.0000 0.0000 1.0000
vn 0.0000 0.0000 1.0000
vn -1.0000 0.0000 0.0000
vn -1.0000 0.0000 0.0000
vn -1.0000 0.0000 0.0000
vn -1.0000 0.0000 0.0000
vn 1.0000 0.0000 0.0000
vn 1.0000 0.0000 0.0000
vn 1.0000 0.0000 0.0000
vn 1.0000 0.0000 0.0000
vn 0.0000 -1.0000 0.0000
vn 0.0000 -1.0000 0.0000
vn 0.0000 -1.0000 0.0000
vn 0.0000 -1.0000 0.0000
vn 0.0000 1.0000 0.0000
vn 0.0000 1.0000 0.0000
vn 0.0000 1.0000 0.0000
vn 0.0000 1.0000 0.0000
vn 0.0000 0.0000 -1.0000
vn 0.0000 0.0000 -1.0000
vn 0.0000 0.0000 -1.0000
vn 0.0000 0.0000 -1.0000
vn 0.0000 0.0000 1.0000
vn 0.0000 0.0000 1.0000
vn 0.0000 0.0000 1.0000
vn 0.0000 0.0000 1.0000
vn -1.0000 0.0000 0.0000
vn -1.0000 0.0000 0.0000
vn -1.0000 0.0000 0.0000
vn -1.0000 0.0000 0.0000
vn 1.0000 0.0000 0.0000
vn 1.0000 0.0000 0.0000
vn 1.0000 0.0000 0.0000
vn 1.0000 0.0000 0.0000
vn 0.0000 -1.0000 0.0000
vn 0.0000 -1.0000 0.0000
vn 0.0000 -1.0000 0.0000
vn 0.0000 -1.0000 0.0000
vn 0.0000 1.0000 0.0000
vn 0.0000 1.0000 0.0000
vn 0.0000 1.0000 0.0000
vn 0.0000 1.0000 0.0000
vn 0.0000 0.0000 -1.0000
vn 0.0000 0.0000 -1.0000
vn 0.0000 0.0000 -1.0000
vn 0.0000 0.0000 -1.0000
vn 0.0000 0.0000 1.0000
vn 0.0000 0.0000 1.0000
vn 0.0000 0.0000 1.0000
vn 0.0000 0.0000 1.0000
vn -1.0000 0.0000 0.0000
vn -1.0000 0.0000 0.0000
vn -1.0000 0.0000 0.0000
vn -1.0000 0.0000 0.0000
vn 1.0000 0.0000 0.0000
vn 1.0000 0.0000 0.0000
vn 1.0000 0.0000 0.0000
vn 1.0000 0.0000 0.0000
vn 0.0000 -1.0000 0.0000
vn 0.0000 -1.0000 0.0000
vn 0.0000 -1.0000 0.0000
vn 0.0000 -1.0000 0.0000
vn 0.0000 1.0000 0.0000
vn 0.0000 1.0000 0.0000
vn 0.0000 1.0000 0.0000
vn 0.0000 1.0000 0.0000
vn 0.0000 0.0000 -1.0000
vn 0.0000 0.0000 -1.0000
vn 0.0000 0.0000 -1.0000
vn 0.0000 0.0000 -1.0000
vn 0.0000 0.0000 1.0000
vn 0.0000 0.0000 1.0000
vn 0.0000 0.0000 1.0000
vn 0.0000 0.0000 1.0000
vn -1.0000 0.0000 0.0000
vn -1.0000 0.0000 0.0000
vn -1.0000 0.0000 0.0000
vn -1.0000 0.0000 0.0000
vn 1.0000 0.0000 0.0000
vn 1.0000 0.0000 0.0000
vn 1.0000 0.0000 0.0000
vn 1.0000 0.0000 0.0000
vn 0.0000 -1.0000 0.0000
vn 0.0000 -1.0000 0.0000
vn 0.0000 -1.0000 0.0000
vn 0.0000 -1.0000 0.0000
vn 0.0000 1.0000 0.0000
vn 0.0000 1.0000 0.0000
vn 0.0000 1.0000 0.0000
vn 0.0000 1.0000 0.0000
vn 0.0000 0.0000 -1.0000
vn 0.0000 0.0000 -1.0000
vn 0.0000 0.0000 -1.0000
vn 0.0000 0.0000 -1.0000
vn 0.0000 0.0000 1.0000
vn 0.0000 0.0000 1.0000
vn 0.0000 0.0000 1.0000
vn 0.0000 0.0000 1.0000
vn -1.0000 0.0000 0.0000
vn -1.0000 0.0000 0.0000
vn -1.0000 0.0000 0.0000
vn -1.0000 0.0000 0.0000
vn 1.0000 0.0000 0.0000
vn 1.0000 0.0000 0.0000
vn 1.0000 0.0000 0.0000
vn 1.0000 0.0000 0.0000
vn 0.0000 -1.0000 0.0000
vn 0.0000 -1.0000 0.0000
vn 0.0000 -1.0000 0.0000
vn 0.0000 -1.0000 0.0000
vn 0.0000 1.0000 0.0000
vn 0.0000 1.0000 0.0000
vn 0.0000 1.0000 0.0000
vn 0.0000 1.0000 0.0000
vn 0.0000 0.0000 -1.0000
vn 0.0000 0.0000 -1.0000
vn 0.0000 0.0000 -1.0000
vn 0.0000 0.0000 -1.0000
vn 0.0000 0.0000 1.0000
vn 0.0000 0.0000 1.0000
vn 0.0000 0.0000 1.0000
vn 0.0000 0.0000 1.0000
vn -1.0000 0.0000 0.0000
vn -1.0000 0.0000 0.0000
vn -1.0000 0.0000 0.0000
vn -1.0000 0.0000 0.0000
vn 1.0000 0.0000 0.0000
vn 1.0000 0.0000 0.0000
vn 1.0000 0.0000 0.0000
vn 1.0000 0.0000 0.0000
vn 0.0000 -1.0000 0.0000
vn 0.0000 -1.0000 0.0000
vn 0.0000 -1.0000 0.0000
vn 0.0000 -1.0000 0.0000
vn 0.0000 1.0000 0.0000
vn 0.0000 1.0000 0.0000
vn 0.0000 1.0000 0.0000
vn 0.0000 1.0000 0.0000
vn 0.0000 0.0000 -1.0000
vn 0.0000 0.0000 -1.0000
vn 0.0000 0.0000 -1.0000
vn 0.0000 0.0000 -1.0000
vn 0.0000 0.0000 1.0000
vn 0.0000 0.0000 1.0000
vn 0.0000 0.0000 1.0000
vn 0.0000 0.0000 1.0000
f 7063//7063 7064//7064 7065//7065
f 7063//7063 7065//7065 7066//7066
f 7067//7067 7068//7068 7069//7069
f 7067//7067 7069//7069 7070//7070
f 7071//7071 7072//7072 7073//7073
f 7071//7071 7073//7073 7074//7074
f 7075//7075 7076//7076 7077//7077
f 7075//7075 7077//7077 7078//7078
f 7079//7079 7080//7080 7081//7081
f 7079//7079 7081//7081 7082//7082
f 7083//7083 7084//7084 7085//7085
f 7083//7083 7085//7085 7086//7086
f 7087//7087 7088//7088 7089//7089
f 7087//7087 7089//7089 7090//7090
f 7091//7091 7092//7092 7093//7093
f 7091//7091 7093//7093 7094//7094
f 7095//7095 7096//7096 7097//7097
f 7095//7095 7097//7097 7098//7098
f 7099//7099 7100//7100 7101//7101
f 7099//7099 7101//7101 7102//7102
f 7103//7103 7104//7104 7105//7105
f 7103//7103 7105//7105 7106//7106
f 7107//7107 7108//7108 7109//7109
f 7107//7107 7109//7109 7110//7110
f 7111//7111 7112//7112 7113//7113
f 7111//7111 7113//7113 7114//7114
f 7115//7115 7116//7116 7117//7117
f 7115//7115 7117//7117 7118//7118
f 7119//7119 7120//7120 7121//7121
f 7119//7119 7121//7121 7122//7122
f 7123//7123 7124//7124 7125//7125
f 7123//7123 7125//7125 7126//7126
f 7127//7127 7128//7128 7129//7129
f 7127//7127 7129//7129 7130//7130
f 7131//7131 7132//7132 7133//7133
f 7131//7131 7133//7133 7134//7134
f 7135//7135 7136//7136 7137//7137
f 7135//7135 7137//7137 7138//7138
f 7139//7139 7140//7140 7141//7141
f 7139//7139 7141//7141 7142//7142
f 7143//7143 7144//7144 7145//7145
f 7143//7143 7145//7145 7146//7146
f 7147//7147 7148//7148 7149//7149
f 7147//7147 7149//7149 7150//7150
f 7151//7151 7152//7152 7153//7153
f 7151//7151 7153//7153 7154//7154
f 7155//7155 7156//7156 7157//7157
f 7155//7155 7157//7157 7158//7158
f 7159//7159 7160//7160 7161//7161
f 7159//7159 7161//7161 7162//7162
f 7163//7163 7164//7164 7165//7165
f 7163//7163 7165//7165 7166//7166
f 7167//7167 7168//7168 7169//7169
f 7167//7167 7169//7169 7170//7170
f 7171//7171 7172//7172 7173//7173
f 7171//7171 7173//7173 7174//7174
f 7175//7175 7176//7176 7177//7177
f 7175//7175 7177//7177 7178//7178
f 7179//7179 7180//7180 7181//7181
f 7179//7179 7181//7181 7182//7182
f 7183//7183 7184//7184 7185//7185
f 7183//7183 7185//7185 7186//7186
f 7187//7187 7188//7188 7189//7189
f 7187//7187 7189//7189 7190//7190
f 7191//7191 7192//7192 7193//7193
f 7191//7191 7193//7193 7194//7194
f 7195//7195 7196//7196 7197//7197
f 7195//7195 7197//7197 7198//7198
f 7199//7199 7200//7200 7201//7201
f 7199//7199 7201//7201 7202//7202
f 7203//7203 7204//7204 7205//7205
f 7203//7203 7205//7205 7206//7206
f 7207//7207 7208//7208 7209//7209
f 7207//7207 7209//7209 7210//7210
f 7211//7211 7212//7212 7213//7213
f 7211//7211 7213//7213 7214//7214
f 7215//7215 7216//7216 7217//7217
f 7215//7215 7217//7217 7218//7218
f 7219//7219 7220//7220 7221//7221
f 7219//7219 7221//7221 7222//7222
f 7223//7223 7224//7224 7225//7225
f 7223//7223 7225//7225 7226//7226
f 7227//7227 7228//7228 7229//7229
f 7227//7227 7229//7229 7230//7230
f 7231//7231 7232//7232 7233//7233
f 7231//7231 7233//7233 7234//7234
f 7235//7235 7236//7236 7237//7237
f 7235//7235 7237//7237 7238//7238
f 7239//7239 7240//7240 7241//7241
f 7239//7239 7241//7241 7242//7242
f 7243//7243 7244//7244 7245//7245
f 7243//7243 7245//7245 7246//7246
f 7247//7247 7248//7248 7249//7249
f 7247//7247 7249//7249 7250//7250
f 7251//7251 7252//7252 7253//7253
f 7251//7251 7253//7253 7254//7254

o IM_FINEX_MelterGasifier
g 07_FINEX
usemtl Steel_Matte
s 1
v 33.0000 -16.0000 1.0000
v 32.8245 -14.4424 1.0000
v 32.3068 -12.9628 1.0000
v 31.4728 -11.6356 1.0000
v 30.3644 -10.5272 1.0000
v 29.0372 -9.6932 1.0000
v 27.5576 -9.1755 1.0000
v 26.0000 -9.0000 1.0000
v 24.4424 -9.1755 1.0000
v 22.9628 -9.6932 1.0000
v 21.6356 -10.5272 1.0000
v 20.5272 -11.6356 1.0000
v 19.6932 -12.9628 1.0000
v 19.1755 -14.4424 1.0000
v 19.0000 -16.0000 1.0000
v 19.1755 -17.5576 1.0000
v 19.6932 -19.0372 1.0000
v 20.5272 -20.3644 1.0000
v 21.6356 -21.4728 1.0000
v 22.9628 -22.3068 1.0000
v 24.4424 -22.8245 1.0000
v 26.0000 -23.0000 1.0000
v 27.5576 -22.8245 1.0000
v 29.0372 -22.3068 1.0000
v 30.3644 -21.4728 1.0000
v 31.4728 -20.3644 1.0000
v 32.3068 -19.0372 1.0000
v 32.8245 -17.5576 1.0000
v 33.0000 -16.0000 17.0000
v 32.8245 -14.4424 17.0000
v 32.3068 -12.9628 17.0000
v 31.4728 -11.6356 17.0000
v 30.3644 -10.5272 17.0000
v 29.0372 -9.6932 17.0000
v 27.5576 -9.1755 17.0000
v 26.0000 -9.0000 17.0000
v 24.4424 -9.1755 17.0000
v 22.9628 -9.6932 17.0000
v 21.6356 -10.5272 17.0000
v 20.5272 -11.6356 17.0000
v 19.6932 -12.9628 17.0000
v 19.1755 -14.4424 17.0000
v 19.0000 -16.0000 17.0000
v 19.1755 -17.5576 17.0000
v 19.6932 -19.0372 17.0000
v 20.5272 -20.3644 17.0000
v 21.6356 -21.4728 17.0000
v 22.9628 -22.3068 17.0000
v 24.4424 -22.8245 17.0000
v 26.0000 -23.0000 17.0000
v 27.5576 -22.8245 17.0000
v 29.0372 -22.3068 17.0000
v 30.3644 -21.4728 17.0000
v 31.4728 -20.3644 17.0000
v 32.3068 -19.0372 17.0000
v 32.8245 -17.5576 17.0000
v 33.0000 -16.0000 1.0000
v 32.8245 -14.4424 1.0000
v 32.3068 -12.9628 1.0000
v 31.4728 -11.6356 1.0000
v 30.3644 -10.5272 1.0000
v 29.0372 -9.6932 1.0000
v 27.5576 -9.1755 1.0000
v 26.0000 -9.0000 1.0000
v 24.4424 -9.1755 1.0000
v 22.9628 -9.6932 1.0000
v 21.6356 -10.5272 1.0000
v 20.5272 -11.6356 1.0000
v 19.6932 -12.9628 1.0000
v 19.1755 -14.4424 1.0000
v 19.0000 -16.0000 1.0000
v 19.1755 -17.5576 1.0000
v 19.6932 -19.0372 1.0000
v 20.5272 -20.3644 1.0000
v 21.6356 -21.4728 1.0000
v 22.9628 -22.3068 1.0000
v 24.4424 -22.8245 1.0000
v 26.0000 -23.0000 1.0000
v 27.5576 -22.8245 1.0000
v 29.0372 -22.3068 1.0000
v 30.3644 -21.4728 1.0000
v 31.4728 -20.3644 1.0000
v 32.3068 -19.0372 1.0000
v 32.8245 -17.5576 1.0000
v 26.0000 -16.0000 1.0000
v 33.0000 -16.0000 17.0000
v 32.8245 -14.4424 17.0000
v 32.3068 -12.9628 17.0000
v 31.4728 -11.6356 17.0000
v 30.3644 -10.5272 17.0000
v 29.0372 -9.6932 17.0000
v 27.5576 -9.1755 17.0000
v 26.0000 -9.0000 17.0000
v 24.4424 -9.1755 17.0000
v 22.9628 -9.6932 17.0000
v 21.6356 -10.5272 17.0000
v 20.5272 -11.6356 17.0000
v 19.6932 -12.9628 17.0000
v 19.1755 -14.4424 17.0000
v 19.0000 -16.0000 17.0000
v 19.1755 -17.5576 17.0000
v 19.6932 -19.0372 17.0000
v 20.5272 -20.3644 17.0000
v 21.6356 -21.4728 17.0000
v 22.9628 -22.3068 17.0000
v 24.4424 -22.8245 17.0000
v 26.0000 -23.0000 17.0000
v 27.5576 -22.8245 17.0000
v 29.0372 -22.3068 17.0000
v 30.3644 -21.4728 17.0000
v 31.4728 -20.3644 17.0000
v 32.3068 -19.0372 17.0000
v 32.8245 -17.5576 17.0000
v 26.0000 -16.0000 17.0000
v 33.0000 -16.0000 17.0000
v 32.8245 -14.4424 17.0000
v 32.3068 -12.9628 17.0000
v 31.4728 -11.6356 17.0000
v 30.3644 -10.5272 17.0000
v 29.0372 -9.6932 17.0000
v 27.5576 -9.1755 17.0000
v 26.0000 -9.0000 17.0000
v 24.4424 -9.1755 17.0000
v 22.9628 -9.6932 17.0000
v 21.6356 -10.5272 17.0000
v 20.5272 -11.6356 17.0000
v 19.6932 -12.9628 17.0000
v 19.1755 -14.4424 17.0000
v 19.0000 -16.0000 17.0000
v 19.1755 -17.5576 17.0000
v 19.6932 -19.0372 17.0000
v 20.5272 -20.3644 17.0000
v 21.6356 -21.4728 17.0000
v 22.9628 -22.3068 17.0000
v 24.4424 -22.8245 17.0000
v 26.0000 -23.0000 17.0000
v 27.5576 -22.8245 17.0000
v 29.0372 -22.3068 17.0000
v 30.3644 -21.4728 17.0000
v 31.4728 -20.3644 17.0000
v 32.3068 -19.0372 17.0000
v 32.8245 -17.5576 17.0000
v 29.5000 -16.0000 22.0000
v 29.4122 -15.2212 22.0000
v 29.1534 -14.4814 22.0000
v 28.7364 -13.8178 22.0000
v 28.1822 -13.2636 22.0000
v 27.5186 -12.8466 22.0000
v 26.7788 -12.5878 22.0000
v 26.0000 -12.5000 22.0000
v 25.2212 -12.5878 22.0000
v 24.4814 -12.8466 22.0000
v 23.8178 -13.2636 22.0000
v 23.2636 -13.8178 22.0000
v 22.8466 -14.4814 22.0000
v 22.5878 -15.2212 22.0000
v 22.5000 -16.0000 22.0000
v 22.5878 -16.7788 22.0000
v 22.8466 -17.5186 22.0000
v 23.2636 -18.1822 22.0000
v 23.8178 -18.7364 22.0000
v 24.4814 -19.1534 22.0000
v 25.2212 -19.4122 22.0000
v 26.0000 -19.5000 22.0000
v 26.7788 -19.4122 22.0000
v 27.5186 -19.1534 22.0000
v 28.1822 -18.7364 22.0000
v 28.7364 -18.1822 22.0000
v 29.1534 -17.5186 22.0000
v 29.4122 -16.7788 22.0000
v 33.0000 -16.0000 17.0000
v 32.8245 -14.4424 17.0000
v 32.3068 -12.9628 17.0000
v 31.4728 -11.6356 17.0000
v 30.3644 -10.5272 17.0000
v 29.0372 -9.6932 17.0000
v 27.5576 -9.1755 17.0000
v 26.0000 -9.0000 17.0000
v 24.4424 -9.1755 17.0000
v 22.9628 -9.6932 17.0000
v 21.6356 -10.5272 17.0000
v 20.5272 -11.6356 17.0000
v 19.6932 -12.9628 17.0000
v 19.1755 -14.4424 17.0000
v 19.0000 -16.0000 17.0000
v 19.1755 -17.5576 17.0000
v 19.6932 -19.0372 17.0000
v 20.5272 -20.3644 17.0000
v 21.6356 -21.4728 17.0000
v 22.9628 -22.3068 17.0000
v 24.4424 -22.8245 17.0000
v 26.0000 -23.0000 17.0000
v 27.5576 -22.8245 17.0000
v 29.0372 -22.3068 17.0000
v 30.3644 -21.4728 17.0000
v 31.4728 -20.3644 17.0000
v 32.3068 -19.0372 17.0000
v 32.8245 -17.5576 17.0000
v 26.0000 -16.0000 17.0000
v 29.5000 -16.0000 22.0000
v 29.4122 -15.2212 22.0000
v 29.1534 -14.4814 22.0000
v 28.7364 -13.8178 22.0000
v 28.1822 -13.2636 22.0000
v 27.5186 -12.8466 22.0000
v 26.7788 -12.5878 22.0000
v 26.0000 -12.5000 22.0000
v 25.2212 -12.5878 22.0000
v 24.4814 -12.8466 22.0000
v 23.8178 -13.2636 22.0000
v 23.2636 -13.8178 22.0000
v 22.8466 -14.4814 22.0000
v 22.5878 -15.2212 22.0000
v 22.5000 -16.0000 22.0000
v 22.5878 -16.7788 22.0000
v 22.8466 -17.5186 22.0000
v 23.2636 -18.1822 22.0000
v 23.8178 -18.7364 22.0000
v 24.4814 -19.1534 22.0000
v 25.2212 -19.4122 22.0000
v 26.0000 -19.5000 22.0000
v 26.7788 -19.4122 22.0000
v 27.5186 -19.1534 22.0000
v 28.1822 -18.7364 22.0000
v 28.7364 -18.1822 22.0000
v 29.1534 -17.5186 22.0000
v 29.4122 -16.7788 22.0000
v 26.0000 -16.0000 22.0000
v 29.5000 -16.0000 22.0000
v 29.4122 -15.2212 22.0000
v 29.1534 -14.4814 22.0000
v 28.7364 -13.8178 22.0000
v 28.1822 -13.2636 22.0000
v 27.5186 -12.8466 22.0000
v 26.7788 -12.5878 22.0000
v 26.0000 -12.5000 22.0000
v 25.2212 -12.5878 22.0000
v 24.4814 -12.8466 22.0000
v 23.8178 -13.2636 22.0000
v 23.2636 -13.8178 22.0000
v 22.8466 -14.4814 22.0000
v 22.5878 -15.2212 22.0000
v 22.5000 -16.0000 22.0000
v 22.5878 -16.7788 22.0000
v 22.8466 -17.5186 22.0000
v 23.2636 -18.1822 22.0000
v 23.8178 -18.7364 22.0000
v 24.4814 -19.1534 22.0000
v 25.2212 -19.4122 22.0000
v 26.0000 -19.5000 22.0000
v 26.7788 -19.4122 22.0000
v 27.5186 -19.1534 22.0000
v 28.1822 -18.7364 22.0000
v 28.7364 -18.1822 22.0000
v 29.1534 -17.5186 22.0000
v 29.4122 -16.7788 22.0000
v 29.5000 -16.0000 28.0000
v 29.4122 -15.2212 28.0000
v 29.1534 -14.4814 28.0000
v 28.7364 -13.8178 28.0000
v 28.1822 -13.2636 28.0000
v 27.5186 -12.8466 28.0000
v 26.7788 -12.5878 28.0000
v 26.0000 -12.5000 28.0000
v 25.2212 -12.5878 28.0000
v 24.4814 -12.8466 28.0000
v 23.8178 -13.2636 28.0000
v 23.2636 -13.8178 28.0000
v 22.8466 -14.4814 28.0000
v 22.5878 -15.2212 28.0000
v 22.5000 -16.0000 28.0000
v 22.5878 -16.7788 28.0000
v 22.8466 -17.5186 28.0000
v 23.2636 -18.1822 28.0000
v 23.8178 -18.7364 28.0000
v 24.4814 -19.1534 28.0000
v 25.2212 -19.4122 28.0000
v 26.0000 -19.5000 28.0000
v 26.7788 -19.4122 28.0000
v 27.5186 -19.1534 28.0000
v 28.1822 -18.7364 28.0000
v 28.7364 -18.1822 28.0000
v 29.1534 -17.5186 28.0000
v 29.4122 -16.7788 28.0000
v 29.5000 -16.0000 22.0000
v 29.4122 -15.2212 22.0000
v 29.1534 -14.4814 22.0000
v 28.7364 -13.8178 22.0000
v 28.1822 -13.2636 22.0000
v 27.5186 -12.8466 22.0000
v 26.7788 -12.5878 22.0000
v 26.0000 -12.5000 22.0000
v 25.2212 -12.5878 22.0000
v 24.4814 -12.8466 22.0000
v 23.8178 -13.2636 22.0000
v 23.2636 -13.8178 22.0000
v 22.8466 -14.4814 22.0000
v 22.5878 -15.2212 22.0000
v 22.5000 -16.0000 22.0000
v 22.5878 -16.7788 22.0000
v 22.8466 -17.5186 22.0000
v 23.2636 -18.1822 22.0000
v 23.8178 -18.7364 22.0000
v 24.4814 -19.1534 22.0000
v 25.2212 -19.4122 22.0000
v 26.0000 -19.5000 22.0000
v 26.7788 -19.4122 22.0000
v 27.5186 -19.1534 22.0000
v 28.1822 -18.7364 22.0000
v 28.7364 -18.1822 22.0000
v 29.1534 -17.5186 22.0000
v 29.4122 -16.7788 22.0000
v 26.0000 -16.0000 22.0000
v 29.5000 -16.0000 28.0000
v 29.4122 -15.2212 28.0000
v 29.1534 -14.4814 28.0000
v 28.7364 -13.8178 28.0000
v 28.1822 -13.2636 28.0000
v 27.5186 -12.8466 28.0000
v 26.7788 -12.5878 28.0000
v 26.0000 -12.5000 28.0000
v 25.2212 -12.5878 28.0000
v 24.4814 -12.8466 28.0000
v 23.8178 -13.2636 28.0000
v 23.2636 -13.8178 28.0000
v 22.8466 -14.4814 28.0000
v 22.5878 -15.2212 28.0000
v 22.5000 -16.0000 28.0000
v 22.5878 -16.7788 28.0000
v 22.8466 -17.5186 28.0000
v 23.2636 -18.1822 28.0000
v 23.8178 -18.7364 28.0000
v 24.4814 -19.1534 28.0000
v 25.2212 -19.4122 28.0000
v 26.0000 -19.5000 28.0000
v 26.7788 -19.4122 28.0000
v 27.5186 -19.1534 28.0000
v 28.1822 -18.7364 28.0000
v 28.7364 -18.1822 28.0000
v 29.1534 -17.5186 28.0000
v 29.4122 -16.7788 28.0000
v 26.0000 -16.0000 28.0000
v 29.5000 -16.0000 28.0000
v 29.4122 -15.2212 28.0000
v 29.1534 -14.4814 28.0000
v 28.7364 -13.8178 28.0000
v 28.1822 -13.2636 28.0000
v 27.5186 -12.8466 28.0000
v 26.7788 -12.5878 28.0000
v 26.0000 -12.5000 28.0000
v 25.2212 -12.5878 28.0000
v 24.4814 -12.8466 28.0000
v 23.8178 -13.2636 28.0000
v 23.2636 -13.8178 28.0000
v 22.8466 -14.4814 28.0000
v 22.5878 -15.2212 28.0000
v 22.5000 -16.0000 28.0000
v 22.5878 -16.7788 28.0000
v 22.8466 -17.5186 28.0000
v 23.2636 -18.1822 28.0000
v 23.8178 -18.7364 28.0000
v 24.4814 -19.1534 28.0000
v 25.2212 -19.4122 28.0000
v 26.0000 -19.5000 28.0000
v 26.7788 -19.4122 28.0000
v 27.5186 -19.1534 28.0000
v 28.1822 -18.7364 28.0000
v 28.7364 -18.1822 28.0000
v 29.1534 -17.5186 28.0000
v 29.4122 -16.7788 28.0000
v 26.6000 -16.0000 31.0000
v 26.5850 -15.8665 31.0000
v 26.5406 -15.7397 31.0000
v 26.4691 -15.6259 31.0000
v 26.3741 -15.5309 31.0000
v 26.2603 -15.4594 31.0000
v 26.1335 -15.4150 31.0000
v 26.0000 -15.4000 31.0000
v 25.8665 -15.4150 31.0000
v 25.7397 -15.4594 31.0000
v 25.6259 -15.5309 31.0000
v 25.5309 -15.6259 31.0000
v 25.4594 -15.7397 31.0000
v 25.4150 -15.8665 31.0000
v 25.4000 -16.0000 31.0000
v 25.4150 -16.1335 31.0000
v 25.4594 -16.2603 31.0000
v 25.5309 -16.3741 31.0000
v 25.6259 -16.4691 31.0000
v 25.7397 -16.5406 31.0000
v 25.8665 -16.5850 31.0000
v 26.0000 -16.6000 31.0000
v 26.1335 -16.5850 31.0000
v 26.2603 -16.5406 31.0000
v 26.3741 -16.4691 31.0000
v 26.4691 -16.3741 31.0000
v 26.5406 -16.2603 31.0000
v 26.5850 -16.1335 31.0000
v 29.5000 -16.0000 28.0000
v 29.4122 -15.2212 28.0000
v 29.1534 -14.4814 28.0000
v 28.7364 -13.8178 28.0000
v 28.1822 -13.2636 28.0000
v 27.5186 -12.8466 28.0000
v 26.7788 -12.5878 28.0000
v 26.0000 -12.5000 28.0000
v 25.2212 -12.5878 28.0000
v 24.4814 -12.8466 28.0000
v 23.8178 -13.2636 28.0000
v 23.2636 -13.8178 28.0000
v 22.8466 -14.4814 28.0000
v 22.5878 -15.2212 28.0000
v 22.5000 -16.0000 28.0000
v 22.5878 -16.7788 28.0000
v 22.8466 -17.5186 28.0000
v 23.2636 -18.1822 28.0000
v 23.8178 -18.7364 28.0000
v 24.4814 -19.1534 28.0000
v 25.2212 -19.4122 28.0000
v 26.0000 -19.5000 28.0000
v 26.7788 -19.4122 28.0000
v 27.5186 -19.1534 28.0000
v 28.1822 -18.7364 28.0000
v 28.7364 -18.1822 28.0000
v 29.1534 -17.5186 28.0000
v 29.4122 -16.7788 28.0000
v 26.0000 -16.0000 28.0000
v 26.6000 -16.0000 31.0000
v 26.5850 -15.8665 31.0000
v 26.5406 -15.7397 31.0000
v 26.4691 -15.6259 31.0000
v 26.3741 -15.5309 31.0000
v 26.2603 -15.4594 31.0000
v 26.1335 -15.4150 31.0000
v 26.0000 -15.4000 31.0000
v 25.8665 -15.4150 31.0000
v 25.7397 -15.4594 31.0000
v 25.6259 -15.5309 31.0000
v 25.5309 -15.6259 31.0000
v 25.4594 -15.7397 31.0000
v 25.4150 -15.8665 31.0000
v 25.4000 -16.0000 31.0000
v 25.4150 -16.1335 31.0000
v 25.4594 -16.2603 31.0000
v 25.5309 -16.3741 31.0000
v 25.6259 -16.4691 31.0000
v 25.7397 -16.5406 31.0000
v 25.8665 -16.5850 31.0000
v 26.0000 -16.6000 31.0000
v 26.1335 -16.5850 31.0000
v 26.2603 -16.5406 31.0000
v 26.3741 -16.4691 31.0000
v 26.4691 -16.3741 31.0000
v 26.5406 -16.2603 31.0000
v 26.5850 -16.1335 31.0000
v 26.0000 -16.0000 31.0000
vn 0.9993 0.0375 0.0000
vn 0.9659 0.2590 0.0000
vn 0.8840 0.4674 0.0000
vn 0.7579 0.6524 0.0000
vn 0.5937 0.8047 0.0000
vn 0.3998 0.9166 0.0000
vn 0.1858 0.9826 0.0000
vn -0.0375 0.9993 0.0000
vn -0.2590 0.9659 0.0000
vn -0.4674 0.8840 0.0000
vn -0.6524 0.7579 0.0000
vn -0.8047 0.5937 0.0000
vn -0.9166 0.3998 0.0000
vn -0.9826 0.1858 0.0000
vn -0.9993 -0.0375 0.0000
vn -0.9659 -0.2590 0.0000
vn -0.8840 -0.4674 0.0000
vn -0.7579 -0.6524 0.0000
vn -0.5937 -0.8047 0.0000
vn -0.3998 -0.9166 0.0000
vn -0.1858 -0.9826 0.0000
vn 0.0375 -0.9993 0.0000
vn 0.2590 -0.9659 0.0000
vn 0.4674 -0.8840 0.0000
vn 0.6524 -0.7579 0.0000
vn 0.8047 -0.5937 0.0000
vn 0.9166 -0.3998 0.0000
vn 0.9826 -0.1858 0.0000
vn 0.9993 -0.0375 0.0000
vn 0.9826 0.1858 0.0000
vn 0.9166 0.3998 0.0000
vn 0.8047 0.5937 0.0000
vn 0.6524 0.7579 0.0000
vn 0.4674 0.8840 0.0000
vn 0.2590 0.9659 0.0000
vn 0.0375 0.9993 0.0000
vn -0.1858 0.9826 0.0000
vn -0.3998 0.9166 0.0000
vn -0.5937 0.8047 0.0000
vn -0.7579 0.6524 0.0000
vn -0.8840 0.4674 0.0000
vn -0.9659 0.2590 0.0000
vn -0.9993 0.0375 0.0000
vn -0.9826 -0.1858 0.0000
vn -0.9166 -0.3998 0.0000
vn -0.8047 -0.5937 0.0000
vn -0.6524 -0.7579 0.0000
vn -0.4674 -0.8840 0.0000
vn -0.2590 -0.9659 0.0000
vn -0.0375 -0.9993 0.0000
vn 0.1858 -0.9826 0.0000
vn 0.3998 -0.9166 0.0000
vn 0.5937 -0.8047 0.0000
vn 0.7579 -0.6524 0.0000
vn 0.8840 -0.4674 0.0000
vn 0.9659 -0.2590 0.0000
vn 0.0000 0.0000 -1.0000
vn 0.0000 0.0000 -1.0000
vn 0.0000 0.0000 -1.0000
vn 0.0000 0.0000 -1.0000
vn 0.0000 0.0000 -1.0000
vn 0.0000 0.0000 -1.0000
vn 0.0000 0.0000 -1.0000
vn 0.0000 0.0000 -1.0000
vn 0.0000 0.0000 -1.0000
vn 0.0000 0.0000 -1.0000
vn 0.0000 0.0000 -1.0000
vn 0.0000 0.0000 -1.0000
vn 0.0000 0.0000 -1.0000
vn 0.0000 0.0000 -1.0000
vn 0.0000 0.0000 -1.0000
vn 0.0000 0.0000 -1.0000
vn 0.0000 0.0000 -1.0000
vn 0.0000 0.0000 -1.0000
vn 0.0000 0.0000 -1.0000
vn 0.0000 0.0000 -1.0000
vn 0.0000 0.0000 -1.0000
vn 0.0000 0.0000 -1.0000
vn 0.0000 0.0000 -1.0000
vn 0.0000 0.0000 -1.0000
vn 0.0000 0.0000 -1.0000
vn 0.0000 0.0000 -1.0000
vn 0.0000 0.0000 -1.0000
vn 0.0000 0.0000 -1.0000
vn 0.0000 0.0000 -1.0000
vn 0.0000 0.0000 1.0000
vn 0.0000 0.0000 1.0000
vn 0.0000 0.0000 1.0000
vn 0.0000 0.0000 1.0000
vn 0.0000 0.0000 1.0000
vn 0.0000 0.0000 1.0000
vn 0.0000 0.0000 1.0000
vn 0.0000 0.0000 1.0000
vn 0.0000 0.0000 1.0000
vn 0.0000 0.0000 1.0000
vn 0.0000 0.0000 1.0000
vn 0.0000 0.0000 1.0000
vn 0.0000 0.0000 1.0000
vn 0.0000 0.0000 1.0000
vn 0.0000 0.0000 1.0000
vn 0.0000 0.0000 1.0000
vn 0.0000 0.0000 1.0000
vn 0.0000 0.0000 1.0000
vn 0.0000 0.0000 1.0000
vn 0.0000 0.0000 1.0000
vn 0.0000 0.0000 1.0000
vn 0.0000 0.0000 1.0000
vn 0.0000 0.0000 1.0000
vn 0.0000 0.0000 1.0000
vn 0.0000 0.0000 1.0000
vn 0.0000 0.0000 1.0000
vn 0.0000 0.0000 1.0000
vn 0.0000 0.0000 1.0000
vn 0.0000 0.0000 1.0000
vn 0.8191 0.0185 0.5734
vn 0.7944 0.2003 0.5734
vn 0.7300 0.3720 0.5734
vn 0.6289 0.5251 0.5734
vn 0.4963 0.6519 0.5734
vn 0.3388 0.7460 0.5734
vn 0.1643 0.8027 0.5734
vn -0.0185 0.8191 0.5734
vn -0.2003 0.7944 0.5734
vn -0.3720 0.7300 0.5734
vn -0.5251 0.6289 0.5734
vn -0.6519 0.4963 0.5734
vn -0.7460 0.3388 0.5734
vn -0.8027 0.1643 0.5734
vn -0.8191 -0.0185 0.5734
vn -0.7944 -0.2003 0.5734
vn -0.7300 -0.3720 0.5734
vn -0.6289 -0.5251 0.5734
vn -0.4963 -0.6519 0.5734
vn -0.3388 -0.7460 0.5734
vn -0.1643 -0.8027 0.5734
vn 0.0185 -0.8191 0.5734
vn 0.2003 -0.7944 0.5734
vn 0.3720 -0.7300 0.5734
vn 0.5251 -0.6289 0.5734
vn 0.6519 -0.4963 0.5734
vn 0.7460 -0.3388 0.5734
vn 0.8027 -0.1643 0.5734
vn 0.8184 -0.0461 0.5729
vn 0.8081 0.1372 0.5729
vn 0.7573 0.3135 0.5729
vn 0.6686 0.4742 0.5729
vn 0.5463 0.6111 0.5729
vn 0.3966 0.7173 0.5729
vn 0.2271 0.7876 0.5729
vn 0.0461 0.8184 0.5729
vn -0.1372 0.8081 0.5729
vn -0.3135 0.7573 0.5729
vn -0.4742 0.6686 0.5729
vn -0.6111 0.5463 0.5729
vn -0.7173 0.3966 0.5729
vn -0.7876 0.2271 0.5729
vn -0.8184 0.0461 0.5729
vn -0.8081 -0.1372 0.5729
vn -0.7573 -0.3135 0.5729
vn -0.6686 -0.4742 0.5729
vn -0.5463 -0.6111 0.5729
vn -0.3966 -0.7173 0.5729
vn -0.2271 -0.7876 0.5729
vn -0.0461 -0.8184 0.5729
vn 0.1372 -0.8081 0.5729
vn 0.3135 -0.7573 0.5729
vn 0.4742 -0.6686 0.5729
vn 0.6111 -0.5463 0.5729
vn 0.7173 -0.3966 0.5729
vn 0.7876 -0.2271 0.5729
vn 0.0000 0.0000 -1.0000
vn 0.0000 0.0000 -1.0000
vn 0.0000 0.0000 -1.0000
vn 0.0000 0.0000 -1.0000
vn 0.0000 0.0000 -1.0000
vn 0.0000 0.0000 -1.0000
vn 0.0000 0.0000 -1.0000
vn 0.0000 0.0000 -1.0000
vn 0.0000 0.0000 -1.0000
vn 0.0000 0.0000 -1.0000
vn 0.0000 0.0000 -1.0000
vn 0.0000 0.0000 -1.0000
vn 0.0000 0.0000 -1.0000
vn 0.0000 0.0000 -1.0000
vn 0.0000 0.0000 -1.0000
vn 0.0000 0.0000 -1.0000
vn 0.0000 0.0000 -1.0000
vn 0.0000 0.0000 -1.0000
vn 0.0000 0.0000 -1.0000
vn 0.0000 0.0000 -1.0000
vn 0.0000 0.0000 -1.0000
vn 0.0000 0.0000 -1.0000
vn 0.0000 0.0000 -1.0000
vn 0.0000 0.0000 -1.0000
vn 0.0000 0.0000 -1.0000
vn 0.0000 0.0000 -1.0000
vn 0.0000 0.0000 -1.0000
vn 0.0000 0.0000 -1.0000
vn 0.0000 0.0000 -1.0000
vn 0.0000 0.0000 1.0000
vn 0.0000 0.0000 1.0000
vn 0.0000 0.0000 1.0000
vn 0.0000 0.0000 1.0000
vn 0.0000 0.0000 1.0000
vn 0.0000 0.0000 1.0000
vn 0.0000 0.0000 1.0000
vn 0.0000 0.0000 1.0000
vn 0.0000 0.0000 1.0000
vn 0.0000 0.0000 1.0000
vn 0.0000 0.0000 1.0000
vn 0.0000 0.0000 1.0000
vn 0.0000 0.0000 1.0000
vn 0.0000 0.0000 1.0000
vn 0.0000 0.0000 1.0000
vn 0.0000 0.0000 1.0000
vn 0.0000 0.0000 1.0000
vn 0.0000 0.0000 1.0000
vn 0.0000 0.0000 1.0000
vn 0.0000 0.0000 1.0000
vn 0.0000 0.0000 1.0000
vn 0.0000 0.0000 1.0000
vn 0.0000 0.0000 1.0000
vn 0.0000 0.0000 1.0000
vn 0.0000 0.0000 1.0000
vn 0.0000 0.0000 1.0000
vn 0.0000 0.0000 1.0000
vn 0.0000 0.0000 1.0000
vn 0.0000 0.0000 1.0000
vn 0.9993 0.0375 0.0000
vn 0.9659 0.2590 0.0000
vn 0.8840 0.4674 0.0000
vn 0.7579 0.6524 0.0000
vn 0.5937 0.8047 0.0000
vn 0.3998 0.9166 0.0000
vn 0.1858 0.9826 0.0000
vn -0.0375 0.9993 0.0000
vn -0.2590 0.9659 0.0000
vn -0.4674 0.8840 0.0000
vn -0.6524 0.7579 0.0000
vn -0.8047 0.5937 0.0000
vn -0.9166 0.3998 0.0000
vn -0.9826 0.1858 0.0000
vn -0.9993 -0.0375 0.0000
vn -0.9659 -0.2590 0.0000
vn -0.8840 -0.4674 0.0000
vn -0.7579 -0.6524 0.0000
vn -0.5937 -0.8047 0.0000
vn -0.3998 -0.9166 0.0000
vn -0.1858 -0.9826 0.0000
vn 0.0375 -0.9993 0.0000
vn 0.2590 -0.9659 0.0000
vn 0.4674 -0.8840 0.0000
vn 0.6524 -0.7579 0.0000
vn 0.8047 -0.5937 0.0000
vn 0.9166 -0.3998 0.0000
vn 0.9826 -0.1858 0.0000
vn 0.9993 -0.0375 0.0000
vn 0.9826 0.1858 0.0000
vn 0.9166 0.3998 0.0000
vn 0.8047 0.5937 0.0000
vn 0.6524 0.7579 0.0000
vn 0.4674 0.8840 0.0000
vn 0.2590 0.9659 0.0000
vn 0.0375 0.9993 0.0000
vn -0.1858 0.9826 0.0000
vn -0.3998 0.9166 0.0000
vn -0.5937 0.8047 0.0000
vn -0.7579 0.6524 0.0000
vn -0.8840 0.4674 0.0000
vn -0.9659 0.2590 0.0000
vn -0.9993 0.0375 0.0000
vn -0.9826 -0.1858 0.0000
vn -0.9166 -0.3998 0.0000
vn -0.8047 -0.5937 0.0000
vn -0.6524 -0.7579 0.0000
vn -0.4674 -0.8840 0.0000
vn -0.2590 -0.9659 0.0000
vn -0.0375 -0.9993 0.0000
vn 0.1858 -0.9826 0.0000
vn 0.3998 -0.9166 0.0000
vn 0.5937 -0.8047 0.0000
vn 0.7579 -0.6524 0.0000
vn 0.8840 -0.4674 0.0000
vn 0.9659 -0.2590 0.0000
vn 0.0000 0.0000 -1.0000
vn 0.0000 0.0000 -1.0000
vn 0.0000 0.0000 -1.0000
vn 0.0000 0.0000 -1.0000
vn 0.0000 0.0000 -1.0000
vn 0.0000 0.0000 -1.0000
vn 0.0000 0.0000 -1.0000
vn 0.0000 0.0000 -1.0000
vn 0.0000 0.0000 -1.0000
vn 0.0000 0.0000 -1.0000
vn 0.0000 0.0000 -1.0000
vn 0.0000 0.0000 -1.0000
vn 0.0000 0.0000 -1.0000
vn 0.0000 0.0000 -1.0000
vn 0.0000 0.0000 -1.0000
vn 0.0000 0.0000 -1.0000
vn 0.0000 0.0000 -1.0000
vn 0.0000 0.0000 -1.0000
vn 0.0000 0.0000 -1.0000
vn 0.0000 0.0000 -1.0000
vn 0.0000 0.0000 -1.0000
vn 0.0000 0.0000 -1.0000
vn 0.0000 0.0000 -1.0000
vn 0.0000 0.0000 -1.0000
vn 0.0000 0.0000 -1.0000
vn 0.0000 0.0000 -1.0000
vn 0.0000 0.0000 -1.0000
vn 0.0000 0.0000 -1.0000
vn 0.0000 0.0000 -1.0000
vn 0.0000 0.0000 1.0000
vn 0.0000 0.0000 1.0000
vn 0.0000 0.0000 1.0000
vn 0.0000 0.0000 1.0000
vn 0.0000 0.0000 1.0000
vn 0.0000 0.0000 1.0000
vn 0.0000 0.0000 1.0000
vn 0.0000 0.0000 1.0000
vn 0.0000 0.0000 1.0000
vn 0.0000 0.0000 1.0000
vn 0.0000 0.0000 1.0000
vn 0.0000 0.0000 1.0000
vn 0.0000 0.0000 1.0000
vn 0.0000 0.0000 1.0000
vn 0.0000 0.0000 1.0000
vn 0.0000 0.0000 1.0000
vn 0.0000 0.0000 1.0000
vn 0.0000 0.0000 1.0000
vn 0.0000 0.0000 1.0000
vn 0.0000 0.0000 1.0000
vn 0.0000 0.0000 1.0000
vn 0.0000 0.0000 1.0000
vn 0.0000 0.0000 1.0000
vn 0.0000 0.0000 1.0000
vn 0.0000 0.0000 1.0000
vn 0.0000 0.0000 1.0000
vn 0.0000 0.0000 1.0000
vn 0.0000 0.0000 1.0000
vn 0.0000 0.0000 1.0000
vn 0.7190 0.0064 0.6950
vn 0.6995 0.1662 0.6950
vn 0.6450 0.3177 0.6950
vn 0.5581 0.4533 0.6950
vn 0.4433 0.5661 0.6950
vn 0.3062 0.6505 0.6950
vn 0.1538 0.7024 0.6950
vn -0.0064 0.7190 0.6950
vn -0.1662 0.6995 0.6950
vn -0.3177 0.6450 0.6950
vn -0.4533 0.5581 0.6950
vn -0.5661 0.4433 0.6950
vn -0.6505 0.3062 0.6950
vn -0.7024 0.1538 0.6950
vn -0.7190 -0.0064 0.6950
vn -0.6995 -0.1662 0.6950
vn -0.6450 -0.3177 0.6950
vn -0.5581 -0.4533 0.6950
vn -0.4433 -0.5661 0.6950
vn -0.3062 -0.6505 0.6950
vn -0.1538 -0.7024 0.6950
vn 0.0064 -0.7190 0.6950
vn 0.1662 -0.6995 0.6950
vn 0.3177 -0.6450 0.6950
vn 0.4533 -0.5581 0.6950
vn 0.5661 -0.4433 0.6950
vn 0.6505 -0.3062 0.6950
vn 0.7024 -0.1538 0.6950
vn 0.7177 -0.0602 0.6938
vn 0.7131 0.1010 0.6938
vn 0.6727 0.2571 0.6938
vn 0.5987 0.4004 0.6938
vn 0.4945 0.5236 0.6938
vn 0.3656 0.6205 0.6938
vn 0.2184 0.6863 0.6938
vn 0.0602 0.7177 0.6938
vn -0.1010 0.7131 0.6938
vn -0.2571 0.6727 0.6938
vn -0.4004 0.5987 0.6938
vn -0.5236 0.4945 0.6938
vn -0.6205 0.3656 0.6938
vn -0.6863 0.2184 0.6938
vn -0.7177 0.0602 0.6938
vn -0.7131 -0.1010 0.6938
vn -0.6727 -0.2571 0.6938
vn -0.5987 -0.4004 0.6938
vn -0.4945 -0.5236 0.6938
vn -0.3656 -0.6205 0.6938
vn -0.2184 -0.6863 0.6938
vn -0.0602 -0.7177 0.6938
vn 0.1010 -0.7131 0.6938
vn 0.2571 -0.6727 0.6938
vn 0.4004 -0.5987 0.6938
vn 0.5236 -0.4945 0.6938
vn 0.6205 -0.3656 0.6938
vn 0.6863 -0.2184 0.6938
vn 0.0000 0.0000 -1.0000
vn 0.0000 0.0000 -1.0000
vn 0.0000 0.0000 -1.0000
vn 0.0000 0.0000 -1.0000
vn 0.0000 0.0000 -1.0000
vn 0.0000 0.0000 -1.0000
vn 0.0000 0.0000 -1.0000
vn 0.0000 0.0000 -1.0000
vn 0.0000 0.0000 -1.0000
vn 0.0000 0.0000 -1.0000
vn 0.0000 0.0000 -1.0000
vn 0.0000 0.0000 -1.0000
vn 0.0000 0.0000 -1.0000
vn 0.0000 0.0000 -1.0000
vn 0.0000 0.0000 -1.0000
vn 0.0000 0.0000 -1.0000
vn 0.0000 0.0000 -1.0000
vn 0.0000 0.0000 -1.0000
vn 0.0000 0.0000 -1.0000
vn 0.0000 0.0000 -1.0000
vn 0.0000 0.0000 -1.0000
vn 0.0000 0.0000 -1.0000
vn 0.0000 0.0000 -1.0000
vn 0.0000 0.0000 -1.0000
vn 0.0000 0.0000 -1.0000
vn 0.0000 0.0000 -1.0000
vn 0.0000 0.0000 -1.0000
vn 0.0000 0.0000 -1.0000
vn 0.0000 0.0000 -1.0000
vn 0.0000 0.0000 1.0000
vn 0.0000 0.0000 1.0000
vn 0.0000 0.0000 1.0000
vn 0.0000 0.0000 1.0000
vn 0.0000 0.0000 1.0000
vn 0.0000 0.0000 1.0000
vn 0.0000 0.0000 1.0000
vn 0.0000 0.0000 1.0000
vn 0.0000 0.0000 1.0000
vn 0.0000 0.0000 1.0000
vn 0.0000 0.0000 1.0000
vn 0.0000 0.0000 1.0000
vn 0.0000 0.0000 1.0000
vn 0.0000 0.0000 1.0000
vn 0.0000 0.0000 1.0000
vn 0.0000 0.0000 1.0000
vn 0.0000 0.0000 1.0000
vn 0.0000 0.0000 1.0000
vn 0.0000 0.0000 1.0000
vn 0.0000 0.0000 1.0000
vn 0.0000 0.0000 1.0000
vn 0.0000 0.0000 1.0000
vn 0.0000 0.0000 1.0000
vn 0.0000 0.0000 1.0000
vn 0.0000 0.0000 1.0000
vn 0.0000 0.0000 1.0000
vn 0.0000 0.0000 1.0000
vn 0.0000 0.0000 1.0000
vn 0.0000 0.0000 1.0000
f 7255//7255 7256//7256 7284//7284
f 7255//7255 7284//7284 7283//7283
f 7256//7256 7257//7257 7285//7285
f 7256//7256 7285//7285 7284//7284
f 7257//7257 7258//7258 7286//7286
f 7257//7257 7286//7286 7285//7285
f 7258//7258 7259//7259 7287//7287
f 7258//7258 7287//7287 7286//7286
f 7259//7259 7260//7260 7288//7288
f 7259//7259 7288//7288 7287//7287
f 7260//7260 7261//7261 7289//7289
f 7260//7260 7289//7289 7288//7288
f 7261//7261 7262//7262 7290//7290
f 7261//7261 7290//7290 7289//7289
f 7262//7262 7263//7263 7291//7291
f 7262//7262 7291//7291 7290//7290
f 7263//7263 7264//7264 7292//7292
f 7263//7263 7292//7292 7291//7291
f 7264//7264 7265//7265 7293//7293
f 7264//7264 7293//7293 7292//7292
f 7265//7265 7266//7266 7294//7294
f 7265//7265 7294//7294 7293//7293
f 7266//7266 7267//7267 7295//7295
f 7266//7266 7295//7295 7294//7294
f 7267//7267 7268//7268 7296//7296
f 7267//7267 7296//7296 7295//7295
f 7268//7268 7269//7269 7297//7297
f 7268//7268 7297//7297 7296//7296
f 7269//7269 7270//7270 7298//7298
f 7269//7269 7298//7298 7297//7297
f 7270//7270 7271//7271 7299//7299
f 7270//7270 7299//7299 7298//7298
f 7271//7271 7272//7272 7300//7300
f 7271//7271 7300//7300 7299//7299
f 7272//7272 7273//7273 7301//7301
f 7272//7272 7301//7301 7300//7300
f 7273//7273 7274//7274 7302//7302
f 7273//7273 7302//7302 7301//7301
f 7274//7274 7275//7275 7303//7303
f 7274//7274 7303//7303 7302//7302
f 7275//7275 7276//7276 7304//7304
f 7275//7275 7304//7304 7303//7303
f 7276//7276 7277//7277 7305//7305
f 7276//7276 7305//7305 7304//7304
f 7277//7277 7278//7278 7306//7306
f 7277//7277 7306//7306 7305//7305
f 7278//7278 7279//7279 7307//7307
f 7278//7278 7307//7307 7306//7306
f 7279//7279 7280//7280 7308//7308
f 7279//7279 7308//7308 7307//7307
f 7280//7280 7281//7281 7309//7309
f 7280//7280 7309//7309 7308//7308
f 7281//7281 7282//7282 7310//7310
f 7281//7281 7310//7310 7309//7309
f 7282//7282 7255//7255 7283//7283
f 7282//7282 7283//7283 7310//7310
f 7312//7312 7311//7311 7339//7339
f 7313//7313 7312//7312 7339//7339
f 7314//7314 7313//7313 7339//7339
f 7315//7315 7314//7314 7339//7339
f 7316//7316 7315//7315 7339//7339
f 7317//7317 7316//7316 7339//7339
f 7318//7318 7317//7317 7339//7339
f 7319//7319 7318//7318 7339//7339
f 7320//7320 7319//7319 7339//7339
f 7321//7321 7320//7320 7339//7339
f 7322//7322 7321//7321 7339//7339
f 7323//7323 7322//7322 7339//7339
f 7324//7324 7323//7323 7339//7339
f 7325//7325 7324//7324 7339//7339
f 7326//7326 7325//7325 7339//7339
f 7327//7327 7326//7326 7339//7339
f 7328//7328 7327//7327 7339//7339
f 7329//7329 7328//7328 7339//7339
f 7330//7330 7329//7329 7339//7339
f 7331//7331 7330//7330 7339//7339
f 7332//7332 7331//7331 7339//7339
f 7333//7333 7332//7332 7339//7339
f 7334//7334 7333//7333 7339//7339
f 7335//7335 7334//7334 7339//7339
f 7336//7336 7335//7335 7339//7339
f 7337//7337 7336//7336 7339//7339
f 7338//7338 7337//7337 7339//7339
f 7311//7311 7338//7338 7339//7339
f 7340//7340 7341//7341 7368//7368
f 7341//7341 7342//7342 7368//7368
f 7342//7342 7343//7343 7368//7368
f 7343//7343 7344//7344 7368//7368
f 7344//7344 7345//7345 7368//7368
f 7345//7345 7346//7346 7368//7368
f 7346//7346 7347//7347 7368//7368
f 7347//7347 7348//7348 7368//7368
f 7348//7348 7349//7349 7368//7368
f 7349//7349 7350//7350 7368//7368
f 7350//7350 7351//7351 7368//7368
f 7351//7351 7352//7352 7368//7368
f 7352//7352 7353//7353 7368//7368
f 7353//7353 7354//7354 7368//7368
f 7354//7354 7355//7355 7368//7368
f 7355//7355 7356//7356 7368//7368
f 7356//7356 7357//7357 7368//7368
f 7357//7357 7358//7358 7368//7368
f 7358//7358 7359//7359 7368//7368
f 7359//7359 7360//7360 7368//7368
f 7360//7360 7361//7361 7368//7368
f 7361//7361 7362//7362 7368//7368
f 7362//7362 7363//7363 7368//7368
f 7363//7363 7364//7364 7368//7368
f 7364//7364 7365//7365 7368//7368
f 7365//7365 7366//7366 7368//7368
f 7366//7366 7367//7367 7368//7368
f 7367//7367 7340//7340 7368//7368
f 7369//7369 7370//7370 7398//7398
f 7369//7369 7398//7398 7397//7397
f 7370//7370 7371//7371 7399//7399
f 7370//7370 7399//7399 7398//7398
f 7371//7371 7372//7372 7400//7400
f 7371//7371 7400//7400 7399//7399
f 7372//7372 7373//7373 7401//7401
f 7372//7372 7401//7401 7400//7400
f 7373//7373 7374//7374 7402//7402
f 7373//7373 7402//7402 7401//7401
f 7374//7374 7375//7375 7403//7403
f 7374//7374 7403//7403 7402//7402
f 7375//7375 7376//7376 7404//7404
f 7375//7375 7404//7404 7403//7403
f 7376//7376 7377//7377 7405//7405
f 7376//7376 7405//7405 7404//7404
f 7377//7377 7378//7378 7406//7406
f 7377//7377 7406//7406 7405//7405
f 7378//7378 7379//7379 7407//7407
f 7378//7378 7407//7407 7406//7406
f 7379//7379 7380//7380 7408//7408
f 7379//7379 7408//7408 7407//7407
f 7380//7380 7381//7381 7409//7409
f 7380//7380 7409//7409 7408//7408
f 7381//7381 7382//7382 7410//7410
f 7381//7381 7410//7410 7409//7409
f 7382//7382 7383//7383 7411//7411
f 7382//7382 7411//7411 7410//7410
f 7383//7383 7384//7384 7412//7412
f 7383//7383 7412//7412 7411//7411
f 7384//7384 7385//7385 7413//7413
f 7384//7384 7413//7413 7412//7412
f 7385//7385 7386//7386 7414//7414
f 7385//7385 7414//7414 7413//7413
f 7386//7386 7387//7387 7415//7415
f 7386//7386 7415//7415 7414//7414
f 7387//7387 7388//7388 7416//7416
f 7387//7387 7416//7416 7415//7415
f 7388//7388 7389//7389 7417//7417
f 7388//7388 7417//7417 7416//7416
f 7389//7389 7390//7390 7418//7418
f 7389//7389 7418//7418 7417//7417
f 7390//7390 7391//7391 7419//7419
f 7390//7390 7419//7419 7418//7418
f 7391//7391 7392//7392 7420//7420
f 7391//7391 7420//7420 7419//7419
f 7392//7392 7393//7393 7421//7421
f 7392//7392 7421//7421 7420//7420
f 7393//7393 7394//7394 7422//7422
f 7393//7393 7422//7422 7421//7421
f 7394//7394 7395//7395 7423//7423
f 7394//7394 7423//7423 7422//7422
f 7395//7395 7396//7396 7424//7424
f 7395//7395 7424//7424 7423//7423
f 7396//7396 7369//7369 7397//7397
f 7396//7396 7397//7397 7424//7424
f 7426//7426 7425//7425 7453//7453
f 7427//7427 7426//7426 7453//7453
f 7428//7428 7427//7427 7453//7453
f 7429//7429 7428//7428 7453//7453
f 7430//7430 7429//7429 7453//7453
f 7431//7431 7430//7430 7453//7453
f 7432//7432 7431//7431 7453//7453
f 7433//7433 7432//7432 7453//7453
f 7434//7434 7433//7433 7453//7453
f 7435//7435 7434//7434 7453//7453
f 7436//7436 7435//7435 7453//7453
f 7437//7437 7436//7436 7453//7453
f 7438//7438 7437//7437 7453//7453
f 7439//7439 7438//7438 7453//7453
f 7440//7440 7439//7439 7453//7453
f 7441//7441 7440//7440 7453//7453
f 7442//7442 7441//7441 7453//7453
f 7443//7443 7442//7442 7453//7453
f 7444//7444 7443//7443 7453//7453
f 7445//7445 7444//7444 7453//7453
f 7446//7446 7445//7445 7453//7453
f 7447//7447 7446//7446 7453//7453
f 7448//7448 7447//7447 7453//7453
f 7449//7449 7448//7448 7453//7453
f 7450//7450 7449//7449 7453//7453
f 7451//7451 7450//7450 7453//7453
f 7452//7452 7451//7451 7453//7453
f 7425//7425 7452//7452 7453//7453
f 7454//7454 7455//7455 7482//7482
f 7455//7455 7456//7456 7482//7482
f 7456//7456 7457//7457 7482//7482
f 7457//7457 7458//7458 7482//7482
f 7458//7458 7459//7459 7482//7482
f 7459//7459 7460//7460 7482//7482
f 7460//7460 7461//7461 7482//7482
f 7461//7461 7462//7462 7482//7482
f 7462//7462 7463//7463 7482//7482
f 7463//7463 7464//7464 7482//7482
f 7464//7464 7465//7465 7482//7482
f 7465//7465 7466//7466 7482//7482
f 7466//7466 7467//7467 7482//7482
f 7467//7467 7468//7468 7482//7482
f 7468//7468 7469//7469 7482//7482
f 7469//7469 7470//7470 7482//7482
f 7470//7470 7471//7471 7482//7482
f 7471//7471 7472//7472 7482//7482
f 7472//7472 7473//7473 7482//7482
f 7473//7473 7474//7474 7482//7482
f 7474//7474 7475//7475 7482//7482
f 7475//7475 7476//7476 7482//7482
f 7476//7476 7477//7477 7482//7482
f 7477//7477 7478//7478 7482//7482
f 7478//7478 7479//7479 7482//7482
f 7479//7479 7480//7480 7482//7482
f 7480//7480 7481//7481 7482//7482
f 7481//7481 7454//7454 7482//7482
f 7483//7483 7484//7484 7512//7512
f 7483//7483 7512//7512 7511//7511
f 7484//7484 7485//7485 7513//7513
f 7484//7484 7513//7513 7512//7512
f 7485//7485 7486//7486 7514//7514
f 7485//7485 7514//7514 7513//7513
f 7486//7486 7487//7487 7515//7515
f 7486//7486 7515//7515 7514//7514
f 7487//7487 7488//7488 7516//7516
f 7487//7487 7516//7516 7515//7515
f 7488//7488 7489//7489 7517//7517
f 7488//7488 7517//7517 7516//7516
f 7489//7489 7490//7490 7518//7518
f 7489//7489 7518//7518 7517//7517
f 7490//7490 7491//7491 7519//7519
f 7490//7490 7519//7519 7518//7518
f 7491//7491 7492//7492 7520//7520
f 7491//7491 7520//7520 7519//7519
f 7492//7492 7493//7493 7521//7521
f 7492//7492 7521//7521 7520//7520
f 7493//7493 7494//7494 7522//7522
f 7493//7493 7522//7522 7521//7521
f 7494//7494 7495//7495 7523//7523
f 7494//7494 7523//7523 7522//7522
f 7495//7495 7496//7496 7524//7524
f 7495//7495 7524//7524 7523//7523
f 7496//7496 7497//7497 7525//7525
f 7496//7496 7525//7525 7524//7524
f 7497//7497 7498//7498 7526//7526
f 7497//7497 7526//7526 7525//7525
f 7498//7498 7499//7499 7527//7527
f 7498//7498 7527//7527 7526//7526
f 7499//7499 7500//7500 7528//7528
f 7499//7499 7528//7528 7527//7527
f 7500//7500 7501//7501 7529//7529
f 7500//7500 7529//7529 7528//7528
f 7501//7501 7502//7502 7530//7530
f 7501//7501 7530//7530 7529//7529
f 7502//7502 7503//7503 7531//7531
f 7502//7502 7531//7531 7530//7530
f 7503//7503 7504//7504 7532//7532
f 7503//7503 7532//7532 7531//7531
f 7504//7504 7505//7505 7533//7533
f 7504//7504 7533//7533 7532//7532
f 7505//7505 7506//7506 7534//7534
f 7505//7505 7534//7534 7533//7533
f 7506//7506 7507//7507 7535//7535
f 7506//7506 7535//7535 7534//7534
f 7507//7507 7508//7508 7536//7536
f 7507//7507 7536//7536 7535//7535
f 7508//7508 7509//7509 7537//7537
f 7508//7508 7537//7537 7536//7536
f 7509//7509 7510//7510 7538//7538
f 7509//7509 7538//7538 7537//7537
f 7510//7510 7483//7483 7511//7511
f 7510//7510 7511//7511 7538//7538
f 7540//7540 7539//7539 7567//7567
f 7541//7541 7540//7540 7567//7567
f 7542//7542 7541//7541 7567//7567
f 7543//7543 7542//7542 7567//7567
f 7544//7544 7543//7543 7567//7567
f 7545//7545 7544//7544 7567//7567
f 7546//7546 7545//7545 7567//7567
f 7547//7547 7546//7546 7567//7567
f 7548//7548 7547//7547 7567//7567
f 7549//7549 7548//7548 7567//7567
f 7550//7550 7549//7549 7567//7567
f 7551//7551 7550//7550 7567//7567
f 7552//7552 7551//7551 7567//7567
f 7553//7553 7552//7552 7567//7567
f 7554//7554 7553//7553 7567//7567
f 7555//7555 7554//7554 7567//7567
f 7556//7556 7555//7555 7567//7567
f 7557//7557 7556//7556 7567//7567
f 7558//7558 7557//7557 7567//7567
f 7559//7559 7558//7558 7567//7567
f 7560//7560 7559//7559 7567//7567
f 7561//7561 7560//7560 7567//7567
f 7562//7562 7561//7561 7567//7567
f 7563//7563 7562//7562 7567//7567
f 7564//7564 7563//7563 7567//7567
f 7565//7565 7564//7564 7567//7567
f 7566//7566 7565//7565 7567//7567
f 7539//7539 7566//7566 7567//7567
f 7568//7568 7569//7569 7596//7596
f 7569//7569 7570//7570 7596//7596
f 7570//7570 7571//7571 7596//7596
f 7571//7571 7572//7572 7596//7596
f 7572//7572 7573//7573 7596//7596
f 7573//7573 7574//7574 7596//7596
f 7574//7574 7575//7575 7596//7596
f 7575//7575 7576//7576 7596//7596
f 7576//7576 7577//7577 7596//7596
f 7577//7577 7578//7578 7596//7596
f 7578//7578 7579//7579 7596//7596
f 7579//7579 7580//7580 7596//7596
f 7580//7580 7581//7581 7596//7596
f 7581//7581 7582//7582 7596//7596
f 7582//7582 7583//7583 7596//7596
f 7583//7583 7584//7584 7596//7596
f 7584//7584 7585//7585 7596//7596
f 7585//7585 7586//7586 7596//7596
f 7586//7586 7587//7587 7596//7596
f 7587//7587 7588//7588 7596//7596
f 7588//7588 7589//7589 7596//7596
f 7589//7589 7590//7590 7596//7596
f 7590//7590 7591//7591 7596//7596
f 7591//7591 7592//7592 7596//7596
f 7592//7592 7593//7593 7596//7596
f 7593//7593 7594//7594 7596//7596
f 7594//7594 7595//7595 7596//7596
f 7595//7595 7568//7568 7596//7596
f 7597//7597 7598//7598 7626//7626
f 7597//7597 7626//7626 7625//7625
f 7598//7598 7599//7599 7627//7627
f 7598//7598 7627//7627 7626//7626
f 7599//7599 7600//7600 7628//7628
f 7599//7599 7628//7628 7627//7627
f 7600//7600 7601//7601 7629//7629
f 7600//7600 7629//7629 7628//7628
f 7601//7601 7602//7602 7630//7630
f 7601//7601 7630//7630 7629//7629
f 7602//7602 7603//7603 7631//7631
f 7602//7602 7631//7631 7630//7630
f 7603//7603 7604//7604 7632//7632
f 7603//7603 7632//7632 7631//7631
f 7604//7604 7605//7605 7633//7633
f 7604//7604 7633//7633 7632//7632
f 7605//7605 7606//7606 7634//7634
f 7605//7605 7634//7634 7633//7633
f 7606//7606 7607//7607 7635//7635
f 7606//7606 7635//7635 7634//7634
f 7607//7607 7608//7608 7636//7636
f 7607//7607 7636//7636 7635//7635
f 7608//7608 7609//7609 7637//7637
f 7608//7608 7637//7637 7636//7636
f 7609//7609 7610//7610 7638//7638
f 7609//7609 7638//7638 7637//7637
f 7610//7610 7611//7611 7639//7639
f 7610//7610 7639//7639 7638//7638
f 7611//7611 7612//7612 7640//7640
f 7611//7611 7640//7640 7639//7639
f 7612//7612 7613//7613 7641//7641
f 7612//7612 7641//7641 7640//7640
f 7613//7613 7614//7614 7642//7642
f 7613//7613 7642//7642 7641//7641
f 7614//7614 7615//7615 7643//7643
f 7614//7614 7643//7643 7642//7642
f 7615//7615 7616//7616 7644//7644
f 7615//7615 7644//7644 7643//7643
f 7616//7616 7617//7617 7645//7645
f 7616//7616 7645//7645 7644//7644
f 7617//7617 7618//7618 7646//7646
f 7617//7617 7646//7646 7645//7645
f 7618//7618 7619//7619 7647//7647
f 7618//7618 7647//7647 7646//7646
f 7619//7619 7620//7620 7648//7648
f 7619//7619 7648//7648 7647//7647
f 7620//7620 7621//7621 7649//7649
f 7620//7620 7649//7649 7648//7648
f 7621//7621 7622//7622 7650//7650
f 7621//7621 7650//7650 7649//7649
f 7622//7622 7623//7623 7651//7651
f 7622//7622 7651//7651 7650//7650
f 7623//7623 7624//7624 7652//7652
f 7623//7623 7652//7652 7651//7651
f 7624//7624 7597//7597 7625//7625
f 7624//7624 7625//7625 7652//7652
f 7654//7654 7653//7653 7681//7681
f 7655//7655 7654//7654 7681//7681
f 7656//7656 7655//7655 7681//7681
f 7657//7657 7656//7656 7681//7681
f 7658//7658 7657//7657 7681//7681
f 7659//7659 7658//7658 7681//7681
f 7660//7660 7659//7659 7681//7681
f 7661//7661 7660//7660 7681//7681
f 7662//7662 7661//7661 7681//7681
f 7663//7663 7662//7662 7681//7681
f 7664//7664 7663//7663 7681//7681
f 7665//7665 7664//7664 7681//7681
f 7666//7666 7665//7665 7681//7681
f 7667//7667 7666//7666 7681//7681
f 7668//7668 7667//7667 7681//7681
f 7669//7669 7668//7668 7681//7681
f 7670//7670 7669//7669 7681//7681
f 7671//7671 7670//7670 7681//7681
f 7672//7672 7671//7671 7681//7681
f 7673//7673 7672//7672 7681//7681
f 7674//7674 7673//7673 7681//7681
f 7675//7675 7674//7674 7681//7681
f 7676//7676 7675//7675 7681//7681
f 7677//7677 7676//7676 7681//7681
f 7678//7678 7677//7677 7681//7681
f 7679//7679 7678//7678 7681//7681
f 7680//7680 7679//7679 7681//7681
f 7653//7653 7680//7680 7681//7681
f 7682//7682 7683//7683 7710//7710
f 7683//7683 7684//7684 7710//7710
f 7684//7684 7685//7685 7710//7710
f 7685//7685 7686//7686 7710//7710
f 7686//7686 7687//7687 7710//7710
f 7687//7687 7688//7688 7710//7710
f 7688//7688 7689//7689 7710//7710
f 7689//7689 7690//7690 7710//7710
f 7690//7690 7691//7691 7710//7710
f 7691//7691 7692//7692 7710//7710
f 7692//7692 7693//7693 7710//7710
f 7693//7693 7694//7694 7710//7710
f 7694//7694 7695//7695 7710//7710
f 7695//7695 7696//7696 7710//7710
f 7696//7696 7697//7697 7710//7710
f 7697//7697 7698//7698 7710//7710
f 7698//7698 7699//7699 7710//7710
f 7699//7699 7700//7700 7710//7710
f 7700//7700 7701//7701 7710//7710
f 7701//7701 7702//7702 7710//7710
f 7702//7702 7703//7703 7710//7710
f 7703//7703 7704//7704 7710//7710
f 7704//7704 7705//7705 7710//7710
f 7705//7705 7706//7706 7710//7710
f 7706//7706 7707//7707 7710//7710
f 7707//7707 7708//7708 7710//7710
f 7708//7708 7709//7709 7710//7710
f 7709//7709 7682//7682 7710//7710

o IM_FINEX_HCI_Plant
g 07_FINEX
usemtl Steel_Matte
s 1
v 44.0000 -22.0000 1.0000
v 44.0000 -22.0000 11.0000
v 44.0000 -14.0000 11.0000
v 44.0000 -14.0000 1.0000
v 56.0000 -22.0000 1.0000
v 56.0000 -14.0000 1.0000
v 56.0000 -14.0000 11.0000
v 56.0000 -22.0000 11.0000
v 44.0000 -22.0000 1.0000
v 56.0000 -22.0000 1.0000
v 56.0000 -22.0000 11.0000
v 44.0000 -22.0000 11.0000
v 44.0000 -14.0000 1.0000
v 44.0000 -14.0000 11.0000
v 56.0000 -14.0000 11.0000
v 56.0000 -14.0000 1.0000
v 44.0000 -22.0000 1.0000
v 44.0000 -14.0000 1.0000
v 56.0000 -14.0000 1.0000
v 56.0000 -22.0000 1.0000
v 44.0000 -22.0000 11.0000
v 56.0000 -22.0000 11.0000
v 56.0000 -14.0000 11.0000
v 44.0000 -14.0000 11.0000
v 58.2000 -20.0000 1.0000
v 58.0325 -19.1581 1.0000
v 57.5556 -18.4444 1.0000
v 56.8419 -17.9675 1.0000
v 56.0000 -17.8000 1.0000
v 55.1581 -17.9675 1.0000
v 54.4444 -18.4444 1.0000
v 53.9675 -19.1581 1.0000
v 53.8000 -20.0000 1.0000
v 53.9675 -20.8419 1.0000
v 54.4444 -21.5556 1.0000
v 55.1581 -22.0325 1.0000
v 56.0000 -22.2000 1.0000
v 56.8419 -22.0325 1.0000
v 57.5556 -21.5556 1.0000
v 58.0325 -20.8419 1.0000
v 58.2000 -20.0000 15.0000
v 58.0325 -19.1581 15.0000
v 57.5556 -18.4444 15.0000
v 56.8419 -17.9675 15.0000
v 56.0000 -17.8000 15.0000
v 55.1581 -17.9675 15.0000
v 54.4444 -18.4444 15.0000
v 53.9675 -19.1581 15.0000
v 53.8000 -20.0000 15.0000
v 53.9675 -20.8419 15.0000
v 54.4444 -21.5556 15.0000
v 55.1581 -22.0325 15.0000
v 56.0000 -22.2000 15.0000
v 56.8419 -22.0325 15.0000
v 57.5556 -21.5556 15.0000
v 58.0325 -20.8419 15.0000
v 58.2000 -20.0000 1.0000
v 58.0325 -19.1581 1.0000
v 57.5556 -18.4444 1.0000
v 56.8419 -17.9675 1.0000
v 56.0000 -17.8000 1.0000
v 55.1581 -17.9675 1.0000
v 54.4444 -18.4444 1.0000
v 53.9675 -19.1581 1.0000
v 53.8000 -20.0000 1.0000
v 53.9675 -20.8419 1.0000
v 54.4444 -21.5556 1.0000
v 55.1581 -22.0325 1.0000
v 56.0000 -22.2000 1.0000
v 56.8419 -22.0325 1.0000
v 57.5556 -21.5556 1.0000
v 58.0325 -20.8419 1.0000
v 56.0000 -20.0000 1.0000
v 58.2000 -20.0000 15.0000
v 58.0325 -19.1581 15.0000
v 57.5556 -18.4444 15.0000
v 56.8419 -17.9675 15.0000
v 56.0000 -17.8000 15.0000
v 55.1581 -17.9675 15.0000
v 54.4444 -18.4444 15.0000
v 53.9675 -19.1581 15.0000
v 53.8000 -20.0000 15.0000
v 53.9675 -20.8419 15.0000
v 54.4444 -21.5556 15.0000
v 55.1581 -22.0325 15.0000
v 56.0000 -22.2000 15.0000
v 56.8419 -22.0325 15.0000
v 57.5556 -21.5556 15.0000
v 58.0325 -20.8419 15.0000
v 56.0000 -20.0000 15.0000
vn -1.0000 0.0000 0.0000
vn -1.0000 0.0000 0.0000
vn -1.0000 0.0000 0.0000
vn -1.0000 0.0000 0.0000
vn 1.0000 0.0000 0.0000
vn 1.0000 0.0000 0.0000
vn 1.0000 0.0000 0.0000
vn 1.0000 0.0000 0.0000
vn 0.0000 -1.0000 0.0000
vn 0.0000 -1.0000 0.0000
vn 0.0000 -1.0000 0.0000
vn 0.0000 -1.0000 0.0000
vn 0.0000 1.0000 0.0000
vn 0.0000 1.0000 0.0000
vn 0.0000 1.0000 0.0000
vn 0.0000 1.0000 0.0000
vn 0.0000 0.0000 -1.0000
vn 0.0000 0.0000 -1.0000
vn 0.0000 0.0000 -1.0000
vn 0.0000 0.0000 -1.0000
vn 0.0000 0.0000 1.0000
vn 0.0000 0.0000 1.0000
vn 0.0000 0.0000 1.0000
vn 0.0000 0.0000 1.0000
vn 0.9978 0.0662 0.0000
vn 0.8965 0.4430 0.0000
vn 0.6588 0.7523 0.0000
vn 0.3207 0.9472 0.0000
vn -0.0662 0.9978 0.0000
vn -0.4430 0.8965 0.0000
vn -0.7523 0.6588 0.0000
vn -0.9472 0.3207 0.0000
vn -0.9978 -0.0662 0.0000
vn -0.8965 -0.4430 0.0000
vn -0.6588 -0.7523 0.0000
vn -0.3207 -0.9472 0.0000
vn 0.0662 -0.9978 0.0000
vn 0.4430 -0.8965 0.0000
vn 0.7523 -0.6588 0.0000
vn 0.9472 -0.3207 0.0000
vn 0.9978 -0.0662 0.0000
vn 0.9472 0.3207 0.0000
vn 0.7523 0.6588 0.0000
vn 0.4430 0.8965 0.0000
vn 0.0662 0.9978 0.0000
vn -0.3207 0.9472 0.0000
vn -0.6588 0.7523 0.0000
vn -0.8965 0.4430 0.0000
vn -0.9978 0.0662 0.0000
vn -0.9472 -0.3207 0.0000
vn -0.7523 -0.6588 0.0000
vn -0.4430 -0.8965 0.0000
vn -0.0662 -0.9978 0.0000
vn 0.3207 -0.9472 0.0000
vn 0.6588 -0.7523 0.0000
vn 0.8965 -0.4430 0.0000
vn 0.0000 0.0000 -1.0000
vn 0.0000 0.0000 -1.0000
vn 0.0000 0.0000 -1.0000
vn 0.0000 0.0000 -1.0000
vn 0.0000 0.0000 -1.0000
vn 0.0000 0.0000 -1.0000
vn 0.0000 0.0000 -1.0000
vn 0.0000 0.0000 -1.0000
vn 0.0000 0.0000 -1.0000
vn 0.0000 0.0000 -1.0000
vn 0.0000 0.0000 -1.0000
vn 0.0000 0.0000 -1.0000
vn 0.0000 0.0000 -1.0000
vn 0.0000 0.0000 -1.0000
vn 0.0000 0.0000 -1.0000
vn 0.0000 0.0000 -1.0000
vn 0.0000 0.0000 -1.0000
vn 0.0000 0.0000 1.0000
vn 0.0000 0.0000 1.0000
vn 0.0000 0.0000 1.0000
vn 0.0000 0.0000 1.0000
vn 0.0000 0.0000 1.0000
vn 0.0000 0.0000 1.0000
vn 0.0000 0.0000 1.0000
vn 0.0000 0.0000 1.0000
vn 0.0000 0.0000 1.0000
vn 0.0000 0.0000 1.0000
vn 0.0000 0.0000 1.0000
vn 0.0000 0.0000 1.0000
vn 0.0000 0.0000 1.0000
vn 0.0000 0.0000 1.0000
vn 0.0000 0.0000 1.0000
vn 0.0000 0.0000 1.0000
vn 0.0000 0.0000 1.0000
f 7711//7711 7712//7712 7713//7713
f 7711//7711 7713//7713 7714//7714
f 7715//7715 7716//7716 7717//7717
f 7715//7715 7717//7717 7718//7718
f 7719//7719 7720//7720 7721//7721
f 7719//7719 7721//7721 7722//7722
f 7723//7723 7724//7724 7725//7725
f 7723//7723 7725//7725 7726//7726
f 7727//7727 7728//7728 7729//7729
f 7727//7727 7729//7729 7730//7730
f 7731//7731 7732//7732 7733//7733
f 7731//7731 7733//7733 7734//7734
f 7735//7735 7736//7736 7752//7752
f 7735//7735 7752//7752 7751//7751
f 7736//7736 7737//7737 7753//7753
f 7736//7736 7753//7753 7752//7752
f 7737//7737 7738//7738 7754//7754
f 7737//7737 7754//7754 7753//7753
f 7738//7738 7739//7739 7755//7755
f 7738//7738 7755//7755 7754//7754
f 7739//7739 7740//7740 7756//7756
f 7739//7739 7756//7756 7755//7755
f 7740//7740 7741//7741 7757//7757
f 7740//7740 7757//7757 7756//7756
f 7741//7741 7742//7742 7758//7758
f 7741//7741 7758//7758 7757//7757
f 7742//7742 7743//7743 7759//7759
f 7742//7742 7759//7759 7758//7758
f 7743//7743 7744//7744 7760//7760
f 7743//7743 7760//7760 7759//7759
f 7744//7744 7745//7745 7761//7761
f 7744//7744 7761//7761 7760//7760
f 7745//7745 7746//7746 7762//7762
f 7745//7745 7762//7762 7761//7761
f 7746//7746 7747//7747 7763//7763
f 7746//7746 7763//7763 7762//7762
f 7747//7747 7748//7748 7764//7764
f 7747//7747 7764//7764 7763//7763
f 7748//7748 7749//7749 7765//7765
f 7748//7748 7765//7765 7764//7764
f 7749//7749 7750//7750 7766//7766
f 7749//7749 7766//7766 7765//7765
f 7750//7750 7735//7735 7751//7751
f 7750//7750 7751//7751 7766//7766
f 7768//7768 7767//7767 7783//7783
f 7769//7769 7768//7768 7783//7783
f 7770//7770 7769//7769 7783//7783
f 7771//7771 7770//7770 7783//7783
f 7772//7772 7771//7771 7783//7783
f 7773//7773 7772//7772 7783//7783
f 7774//7774 7773//7773 7783//7783
f 7775//7775 7774//7774 7783//7783
f 7776//7776 7775//7775 7783//7783
f 7777//7777 7776//7776 7783//7783
f 7778//7778 7777//7777 7783//7783
f 7779//7779 7778//7778 7783//7783
f 7780//7780 7779//7779 7783//7783
f 7781//7781 7780//7780 7783//7783
f 7782//7782 7781//7781 7783//7783
f 7767//7767 7782//7782 7783//7783
f 7784//7784 7785//7785 7800//7800
f 7785//7785 7786//7786 7800//7800
f 7786//7786 7787//7787 7800//7800
f 7787//7787 7788//7788 7800//7800
f 7788//7788 7789//7789 7800//7800
f 7789//7789 7790//7790 7800//7800
f 7790//7790 7791//7791 7800//7800
f 7791//7791 7792//7792 7800//7800
f 7792//7792 7793//7793 7800//7800
f 7793//7793 7794//7794 7800//7800
f 7794//7794 7795//7795 7800//7800
f 7795//7795 7796//7796 7800//7800
f 7796//7796 7797//7797 7800//7800
f 7797//7797 7798//7798 7800//7800
f 7798//7798 7799//7799 7800//7800
f 7799//7799 7784//7784 7800//7800

o IM_FINEX_Feed_Pipe
g 07_FINEX
usemtl Steel_Matte
s 1
v 26.9000 -14.0000 23.0000
v 26.7794 -14.0000 22.5500
v 26.4500 -14.0000 22.2206
v 26.0000 -14.0000 22.1000
v 25.5500 -14.0000 22.2206
v 25.2206 -14.0000 22.5500
v 25.1000 -14.0000 23.0000
v 25.2206 -14.0000 23.4500
v 25.5500 -14.0000 23.7794
v 26.0000 -14.0000 23.9000
v 26.4500 -14.0000 23.7794
v 26.7794 -14.0000 23.4500
v 26.9000 -2.0000 23.0000
v 26.7794 -2.0000 22.5500
v 26.4500 -2.0000 22.2206
v 26.0000 -2.0000 22.1000
v 25.5500 -2.0000 22.2206
v 25.2206 -2.0000 22.5500
v 25.1000 -2.0000 23.0000
v 25.2206 -2.0000 23.4500
v 25.5500 -2.0000 23.7794
v 26.0000 -2.0000 23.9000
v 26.4500 -2.0000 23.7794
v 26.7794 -2.0000 23.4500
v 26.9000 -14.0000 23.0000
v 26.7794 -14.0000 22.5500
v 26.4500 -14.0000 22.2206
v 26.0000 -14.0000 22.1000
v 25.5500 -14.0000 22.2206
v 25.2206 -14.0000 22.5500
v 25.1000 -14.0000 23.0000
v 25.2206 -14.0000 23.4500
v 25.5500 -14.0000 23.7794
v 26.0000 -14.0000 23.9000
v 26.4500 -14.0000 23.7794
v 26.7794 -14.0000 23.4500
v 26.0000 -14.0000 23.0000
v 26.9000 -2.0000 23.0000
v 26.7794 -2.0000 22.5500
v 26.4500 -2.0000 22.2206
v 26.0000 -2.0000 22.1000
v 25.5500 -2.0000 22.2206
v 25.2206 -2.0000 22.5500
v 25.1000 -2.0000 23.0000
v 25.2206 -2.0000 23.4500
v 25.5500 -2.0000 23.7794
v 26.0000 -2.0000 23.9000
v 26.4500 -2.0000 23.7794
v 26.7794 -2.0000 23.4500
v 26.0000 -2.0000 23.0000
vn 0.9960 0.0000 -0.0890
vn 0.8181 0.0000 -0.5751
vn 0.4210 0.0000 -0.9071
vn -0.0890 0.0000 -0.9960
vn -0.5751 0.0000 -0.8181
vn -0.9071 0.0000 -0.4210
vn -0.9960 0.0000 0.0890
vn -0.8181 0.0000 0.5751
vn -0.4210 0.0000 0.9071
vn 0.0890 0.0000 0.9960
vn 0.5751 0.0000 0.8181
vn 0.9071 0.0000 0.4210
vn 0.9960 0.0000 0.0890
vn 0.9071 0.0000 -0.4210
vn 0.5751 0.0000 -0.8181
vn 0.0890 0.0000 -0.9960
vn -0.4210 0.0000 -0.9071
vn -0.8181 0.0000 -0.5751
vn -0.9960 0.0000 -0.0890
vn -0.9071 0.0000 0.4210
vn -0.5751 0.0000 0.8181
vn -0.0890 0.0000 0.9960
vn 0.4210 0.0000 0.9071
vn 0.8181 0.0000 0.5751
vn 0.0000 -1.0000 0.0000
vn 0.0000 -1.0000 0.0000
vn 0.0000 -1.0000 0.0000
vn 0.0000 -1.0000 0.0000
vn 0.0000 -1.0000 0.0000
vn 0.0000 -1.0000 0.0000
vn 0.0000 -1.0000 0.0000
vn 0.0000 -1.0000 0.0000
vn 0.0000 -1.0000 0.0000
vn 0.0000 -1.0000 0.0000
vn 0.0000 -1.0000 0.0000
vn 0.0000 -1.0000 0.0000
vn 0.0000 -1.0000 0.0000
vn 0.0000 1.0000 0.0000
vn 0.0000 1.0000 0.0000
vn 0.0000 1.0000 0.0000
vn 0.0000 1.0000 0.0000
vn 0.0000 1.0000 0.0000
vn 0.0000 1.0000 0.0000
vn 0.0000 1.0000 0.0000
vn 0.0000 1.0000 0.0000
vn 0.0000 1.0000 0.0000
vn 0.0000 1.0000 0.0000
vn 0.0000 1.0000 0.0000
vn 0.0000 1.0000 0.0000
vn 0.0000 1.0000 0.0000
f 7801//7801 7802//7802 7814//7814
f 7801//7801 7814//7814 7813//7813
f 7802//7802 7803//7803 7815//7815
f 7802//7802 7815//7815 7814//7814
f 7803//7803 7804//7804 7816//7816
f 7803//7803 7816//7816 7815//7815
f 7804//7804 7805//7805 7817//7817
f 7804//7804 7817//7817 7816//7816
f 7805//7805 7806//7806 7818//7818
f 7805//7805 7818//7818 7817//7817
f 7806//7806 7807//7807 7819//7819
f 7806//7806 7819//7819 7818//7818
f 7807//7807 7808//7808 7820//7820
f 7807//7807 7820//7820 7819//7819
f 7808//7808 7809//7809 7821//7821
f 7808//7808 7821//7821 7820//7820
f 7809//7809 7810//7810 7822//7822
f 7809//7809 7822//7822 7821//7821
f 7810//7810 7811//7811 7823//7823
f 7810//7810 7823//7823 7822//7822
f 7811//7811 7812//7812 7824//7824
f 7811//7811 7824//7824 7823//7823
f 7812//7812 7801//7801 7813//7813
f 7812//7812 7813//7813 7824//7824
f 7826//7826 7825//7825 7837//7837
f 7827//7827 7826//7826 7837//7837
f 7828//7828 7827//7827 7837//7837
f 7829//7829 7828//7828 7837//7837
f 7830//7830 7829//7829 7837//7837
f 7831//7831 7830//7830 7837//7837
f 7832//7832 7831//7831 7837//7837
f 7833//7833 7832//7832 7837//7837
f 7834//7834 7833//7833 7837//7837
f 7835//7835 7834//7834 7837//7837
f 7836//7836 7835//7835 7837//7837
f 7825//7825 7836//7836 7837//7837
f 7838//7838 7839//7839 7850//7850
f 7839//7839 7840//7840 7850//7850
f 7840//7840 7841//7841 7850//7850
f 7841//7841 7842//7842 7850//7850
f 7842//7842 7843//7843 7850//7850
f 7843//7843 7844//7844 7850//7850
f 7844//7844 7845//7845 7850//7850
f 7845//7845 7846//7846 7850//7850
f 7846//7846 7847//7847 7850//7850
f 7847//7847 7848//7848 7850//7850
f 7848//7848 7849//7849 7850//7850
f 7849//7849 7838//7838 7850//7850

o IM_FINEX_TapHole
g 03_MoltenIron
usemtl Molten_Hot
s 1
v 18.4000 -16.5000 2.5000
v 18.4000 -16.5000 3.5000
v 18.4000 -15.5000 3.5000
v 18.4000 -15.5000 2.5000
v 19.4000 -16.5000 2.5000
v 19.4000 -15.5000 2.5000
v 19.4000 -15.5000 3.5000
v 19.4000 -16.5000 3.5000
v 18.4000 -16.5000 2.5000
v 19.4000 -16.5000 2.5000
v 19.4000 -16.5000 3.5000
v 18.4000 -16.5000 3.5000
v 18.4000 -15.5000 2.5000
v 18.4000 -15.5000 3.5000
v 19.4000 -15.5000 3.5000
v 19.4000 -15.5000 2.5000
v 18.4000 -16.5000 2.5000
v 18.4000 -15.5000 2.5000
v 19.4000 -15.5000 2.5000
v 19.4000 -16.5000 2.5000
v 18.4000 -16.5000 3.5000
v 19.4000 -16.5000 3.5000
v 19.4000 -15.5000 3.5000
v 18.4000 -15.5000 3.5000
vn -1.0000 0.0000 0.0000
vn -1.0000 0.0000 0.0000
vn -1.0000 0.0000 0.0000
vn -1.0000 0.0000 0.0000
vn 1.0000 0.0000 0.0000
vn 1.0000 0.0000 0.0000
vn 1.0000 0.0000 0.0000
vn 1.0000 0.0000 0.0000
vn 0.0000 -1.0000 0.0000
vn 0.0000 -1.0000 0.0000
vn 0.0000 -1.0000 0.0000
vn 0.0000 -1.0000 0.0000
vn 0.0000 1.0000 0.0000
vn 0.0000 1.0000 0.0000
vn 0.0000 1.0000 0.0000
vn 0.0000 1.0000 0.0000
vn 0.0000 0.0000 -1.0000
vn 0.0000 0.0000 -1.0000
vn 0.0000 0.0000 -1.0000
vn 0.0000 0.0000 -1.0000
vn 0.0000 0.0000 1.0000
vn 0.0000 0.0000 1.0000
vn 0.0000 0.0000 1.0000
vn 0.0000 0.0000 1.0000
f 7851//7851 7852//7852 7853//7853
f 7851//7851 7853//7853 7854//7854
f 7855//7855 7856//7856 7857//7857
f 7855//7855 7857//7857 7858//7858
f 7859//7859 7860//7860 7861//7861
f 7859//7859 7861//7861 7862//7862
f 7863//7863 7864//7864 7865//7865
f 7863//7863 7865//7865 7866//7866
f 7867//7867 7868//7868 7869//7869
f 7867//7867 7869//7869 7870//7870
f 7871//7871 7872//7872 7873//7873
f 7871//7871 7873//7873 7874//7874
